timestamp_us,theta_rad,alpha_rad,voltage
1772212553603990,0.0,3.1400586728019073,-3.890916149068323
1772212553605987,0.0,3.1385246920140215,-3.890916149068323
1772212553607993,0.0,3.1385246920140215,-3.890916149068323
1772212553610990,0.0,3.1369907112261366,-3.890916149068323
1772212553612989,0.0030679615757712823,3.135456730438251,-3.9685319675687767
1772212553615988,0.006135923151542565,3.132388768862479,-4.037016513304471
1772212553618257,0.007669903939428206,3.1293208072867076,-4.0586361444092685
1772212553620949,0.010737865515199488,3.126252845710937,-3.3622909869209834
1772212553620949,0.01227184630308513,3.1216509033472795,-2.4949777863628615
1772212553620949,0.01687378866674205,3.1185829417715087,-1.9086168828852297
1772212553620949,0.019941750242513337,3.1139809994078513,-1.4180020307547543
1772212553620949,0.02454369260617026,3.109379057044195,-1.0812186896080256
1772212553633139,0.02761165418194154,3.1047771146805374,-0.7898667175925788
1772212553635802,0.030679615757712823,3.100175172316881,-0.5675323249790001
1772212553635802,0.0337475773334841,3.0955732299532235,-0.3984064210611466
1772212553635802,0.03834951969714103,3.090971287589567,-0.3090507544195342
1772212553635802,0.04141748127291231,3.0879033260137954,-0.21056063878498232
1772212553635802,0.044485442848683596,3.083301383650139,-0.1333538108692235
1772212553635802,0.04908738521234052,3.0786994412864814,-0.11406018607049051
1772212553650753,0.0521553467881118,3.074097498922825,-0.06603622878841486
1772212553653542,0.056757289151768725,3.0694955565591684,-0.06855398258325307
1772212553655548,0.059825250727540004,3.066427594983397,-0.038037812140193195
1772212553656549,0.06289321230331128,3.063359633407625,-0.014445731234557724
1772212553661327,0.06596117387908257,3.0602916718318545,0.003771884240186263
1772212553661327,0.0674951546669682,3.057223710256083,0.05662739667754657
1772212553666522,0.07056311624273949,3.0541557486803113,0.0628753081346054
1772212553668526,0.07209709703062514,3.0510877871045405,0.10596133509819505
1772212553669397,0.07363107781851078,3.048019825528769,0.143013467856677
1772212553669397,0.07669903939428206,3.046485844740883,0.13572595617757943
1772212553669397,0.0782330201821677,3.0434178831651124,0.16800571009300558
1772212553676738,0.07976700097005335,3.040349921589341,0.19600848518768066
1772212553676738,0.08130098175793898,3.038815940801455,0.2201221042963929
1772212553683193,0.08283496254582462,3.0357479792256843,0.24137482008242928
1772212553685840,0.08436894333371027,3.0342139984377985,0.2597579956671762
1772212553688846,0.0859029241215959,3.0326800176499127,0.2758632671308284
1772212553690719,0.08743690490948154,3.031146036862027,0.28998229792714975
1772212553692724,0.08897088569736719,3.029612056074141,0.3023671732370716
1772212553694729,0.08897088569736719,3.0280780752862553,0.35204413142569313
1772212553698741,0.09050486648525283,3.0265440944983704,0.3570211696992107
1772212553700873,0.09203884727313846,3.0250101137104846,0.361373646459363
1772212553704017,0.09203884727313846,3.0234761329225988,0.40398964950650007
1772212553706017,0.09203884727313846,3.021942152134713,0.4415648730345373
1772212553707018,0.09357282806102411,3.021942152134713,0.43595096367670066
1772212553707018,0.09357282806102411,3.020408171346827,-0.9775418098339543
1772212553707018,0.09357282806102411,3.020408171346827,-0.9476712594896339
1772212553716512,0.09357282806102411,3.020408171346827,-0.921314886558731
1772212553718516,0.09357282806102411,3.0188741905589422,-0.8979846215799115
1772212553719517,0.09357282806102411,3.0188741905589422,-0.8774664742797643
1772212553719517,0.09357282806102411,3.0188741905589422,-0.8593620658365011
1772212553719517,0.09357282806102411,3.0173402097710564,-0.8433050138480864
1772212553728263,0.09510680884890975,3.0173402097710564,-0.8680206560800949
1772212553731269,0.09510680884890975,3.0158062289831706,-0.8509304279391887
1772212553733158,0.0966407896367954,3.0158062289831706,-0.8747422098442438
1772212553736502,0.0966407896367954,3.014272248195285,-0.856848199014993
1772212553738505,0.09817477042468103,3.014272248195285,-0.8799568912934752
1772212553741511,0.09817477042468103,3.012738267407399,-0.8614373838266113
1772212553743313,0.09970875121256667,3.0112042866195132,-0.8838908935363375
1772212553746319,0.09970875121256667,3.0112042866195132,-0.8649970619283979
1772212553747320,0.10124273200045232,3.0096703058316283,-0.8870214911603385
1772212553751524,0.10277671278833796,3.0081363250437425,-0.9064421549695953
1772212553753833,0.10277671278833796,3.0066023442558567,-0.8847580877731726
1772212553754885,0.1043106935762236,3.0066023442558567,-0.9045498247846031
1772212553758110,0.10584467436410924,3.005068363467971,-0.9218872217743865
1772212553761117,0.10737865515199488,3.003534382680085,-0.9371731272608299
1772212553762117,0.10891263593988053,3.0020004018922,-0.9506492554323789
1772212553765989,0.11044661672776616,3.0004664211043144,-0.962528781307379
1772212553768377,0.1119805975156518,3.0004664211043144,-0.9731412981847904
1772212553771121,0.11351457830353745,2.9989324403164286,-0.9823659604144259
1772212553773279,0.11504855909142309,2.997398459528543,-0.9904939926569586
1772212553776278,0.11658253987930872,2.995864478740657,-0.9976545910575102
1772212553777278,0.11811652066719437,2.994330497952771,-1.0039616902000412
1772212553780632,0.11965050145508001,2.9927965171648863,-1.009515772324035
1772212553783631,0.12118448224296566,2.9927965171648863,-1.014558668592573
1772212553786392,0.1227184630308513,2.9912625363770005,-1.0188569643775136
1772212553789029,0.12425244381873693,2.9897285555891147,-1.0226381912566405
1772212553791271,0.12732040539450823,2.988194574801229,-1.0647711637370503
1772212553791854,0.12885438618239387,2.986660594013343,-1.0631281286288445
1772212553791854,0.1303883669702795,2.986660594013343,-1.0618254941157281
1772212553791854,0.13192234775816514,2.985126613225458,-1.0605195147266167
1772212553800805,0.13345632854605077,2.9835926324375723,-1.0593554960712979
1772212553803288,0.13652429012182207,2.9820586516496865,-1.0971246977878728
1772212553804484,0.1380582709097077,2.9805246708618007,-1.0916309408086147
1772212553808206,0.14112623248547898,2.978990690073915,-1.1255797958215281
1772212553811211,0.14266021327336462,2.977456709286029,-1.1167151091696996
1772212553812213,0.14572817484913592,2.975922728498144,-1.1476895430211662
1772212553816589,0.14726215563702155,2.975922728498144,-1.1363697384003983
1772212553818581,0.15033011721279282,2.9743887477102584,-1.1650215223660167
1772212553820478,0.1518640980006785,2.9728547669223726,-1.1514824728674333
1772212553823229,0.15493205957644976,2.971320786134487,-1.178332032189871
1772212553826228,0.15800002115222103,2.969786805346601,-1.202010665309797
1772212553828753,0.1595340019401067,2.968252824558716,-1.1840834719978262
1772212553830663,0.16260196351587797,2.9667188437708303,-1.2070610199932845
1772212553833663,0.1641359443037636,2.9651848629829445,-1.1885151044981115
1772212553835664,0.16720390587953488,2.9651848629829445,-1.2111238563427822
1772212553838849,0.17027186745530618,2.9636508821950587,-1.2308967382504665
1772212553840860,0.1718058482431918,2.962116901407173,-1.209522749553348
1772212553842859,0.17487380981896308,2.960582920619287,-1.2294584963676494
1772212553846616,0.17794177139473438,2.959048939831402,-1.247036062627281
1772212553848614,0.18100973297050565,2.9575149590435164,-1.2625328299899459
1772212553850784,0.18407769454627693,2.9559809782556306,-1.2761935365385162
1772212553853881,0.1856116753341626,2.9559809782556306,-1.2496083311407724
1772212553856628,0.1902136176978195,2.9544469974677448,-1.3035857641944335
1772212553857628,0.19174759848570513,2.952913016679859,-1.2735837535066912
1772212553860719,0.19481556006147643,2.951379035891974,-1.2859059425170725
1772212553863725,0.1978835216372477,2.9498450551040882,-1.2967650678911324
1772212553866490,0.200951483213019,2.9483110743162024,-1.3063332045916214
1772212553869179,0.20401944478879028,2.9467770935283166,-1.3147621728103847
1772212553871540,0.20708740636456155,2.9467770935283166,-1.3223729970085938
1772212553873595,0.21015536794033285,2.945243112740431,-1.328902632552344
1772212553876627,0.21322332951610412,2.943709131952545,-1.3346501430380333
1772212553877675,0.2162912910918754,2.94217515116466,-1.339707525186249
1772212553879948,0.22089323345553233,2.9406411703767743,-1.3829638440693715
1772212553883241,0.2239611950313036,2.9406411703767743,-1.3824974417287688
1772212553886652,0.2270291566070749,2.9391071895888885,-1.3818991611402964
1772212553888452,0.23009711818284617,2.9375732088010027,-1.3813568483558905
1772212553890788,0.23316507975861744,2.936039228013117,-1.380863921540181
1772212553893787,0.23776702212227438,2.936039228013117,-1.4194105089976083
1772212553894993,0.24083498369804565,2.934505247225232,-1.414427894213212
1772212553898247,0.24390294527381695,2.932971266437346,-1.4100166321072136
1772212553901247,0.24850488763747386,2.932971266437346,-1.4451036628561251
1772212553903603,0.25157284921324513,2.9314372856494604,-1.4370705551657812
1772212553906084,0.25464081078901646,2.9299033048615746,-1.4299672986249399
1772212553908834,0.25924275315267337,2.9283693240736888,-1.4624924800204764
1772212553911366,0.26231071472844464,2.9283693240736888,-1.4525566349222885
1772212553913221,0.2653786763042159,2.926835343285803,-1.4436031131267586
1772212553916220,0.2699806186678728,2.926835343285803,-1.4746798382490671
1772212553918227,0.27304858024364415,2.925301362497918,-1.4631102023325377
1772212553921348,0.27765052260730105,2.9237673817100323,-1.4916936817469195
1772212553923353,0.2807184841830723,2.9237673817100323,-1.478276056956218
1772212553925685,0.28532042654672923,2.9222334009221465,-1.505061713035997
1772212553928770,0.28838838812250056,2.9206994201342606,-1.4898720262396097
1772212553931065,0.29299033048615747,2.9206994201342606,-1.51544769859769
1772212553934217,0.2975922728498144,2.919165439346375,-1.5378302199460165
1772212553935909,0.30066023442558565,2.919165439346375,-1.5189390261901212
1772212553937150,0.3052621767892426,2.91763145855849,-1.5408967226203147
1772212553941727,0.3083301383650139,2.916097477770604,-1.5214464822842166
1772212553943727,0.3129320807286708,2.916097477770604,-1.5432620657617373
1772212553944728,0.3175340230923277,2.9145634969827183,-1.5623272214120396
1772212553949174,0.32213596545598466,2.9145634969827183,-1.5793167087430633
1772212553951176,0.32520392703175593,2.9130295161948325,-1.5553177204556738
1772212553954231,0.32980586939541284,2.9130295161948325,-1.573115648727374
1772212553956242,0.33440781175906975,2.9130295161948325,-1.5888161754508239
1772212553958243,0.3390097541227267,2.9114955354069467,-1.602495260508105
1772212553961758,0.342077715698498,2.9114955354069467,-1.575916344486929
1772212553963758,0.3466796580621549,2.909961554619061,-1.5910975090884345
1772212553966478,0.3512816004258118,2.909961554619061,-1.6046522568016173
1772212553969205,0.35588354278946877,2.909961554619061,-1.6166096663918847
1772212553971544,0.3604854851531257,2.908427573831176,-1.6269902091357429
1772212553974134,0.3650874275167826,2.908427573831176,-1.6363049793174302
1772212553976548,0.36968936988043954,2.908427573831176,-1.6445217234420175
1772212553979121,0.37429131224409645,2.90689359304329,-1.6516045635605594
1772212553981711,0.37889325460775336,2.90689359304329,-1.658006947914914
1772212553983815,0.38349519697141027,2.90689359304329,-1.6636542482548125
1772212553986553,0.38809713933506723,2.9053596122554044,-1.6684716311858487
1772212553987592,0.39269908169872414,2.9053596122554044,-1.6728734752528633
1772212553990862,0.39730102406238105,2.9053596122554044,-1.6767557911675781
1772212553993859,0.401902966426038,2.9038256314675186,-1.6800167316605923
1772212553994861,0.4065049087896949,2.9038256314675186,-1.6830443608282555
1772212553999249,0.4111068511533518,2.9038256314675186,-1.6857142638674976
1772212554001257,0.4172427743048944,2.9038256314675186,-1.7268767752669967
1772212554003170,0.42184471666855133,2.9038256314675186,-1.7243877989254455
1772212554005982,0.42644665903220824,2.9038256314675186,-1.7221909192107643
1772212554008979,0.43104860139586515,2.902291650679633,-1.720097016542645
1772212554009980,0.4356505437595221,2.902291650679633,-1.7183908747323033
1772212554013758,0.44178646691106466,2.902291650679633,-1.7556924865504357
1772212554016758,0.44638840927472156,2.902291650679633,-1.7497970804884349
1772212554018758,0.45099035163837853,2.902291650679633,-1.744594719309927
1772212554021299,0.45559229400203544,2.902291650679633,-1.740003986202379
1772212554023317,0.461728217153578,2.902291650679633,-1.7747609259471897
1772212554025305,0.4663301595172349,2.902291650679633,-1.7666206535122484
1772212554029285,0.4724660826687775,2.902291650679633,-1.798245773870613
1772212554031291,0.4770680250324344,2.902291650679633,-1.7873422303256656
1772212554034158,0.4816699673960913,2.902291650679633,-1.777721338069587
1772212554036468,0.4878058905476339,2.902291650679633,-1.8080401324520323
1772212554038699,0.4924078329112908,2.902291650679633,-1.79598402874687
1772212554041705,0.49854375606283335,2.902291650679633,-1.8241541434941926
1772212554043339,0.5031456984264903,2.902291650679633,-1.810202174293014
1772212554046344,0.5092816215780329,2.902291650679633,-1.8366994885764765
1772212554047344,0.5138835639416898,2.902291650679633,-1.8212715361194292
1772212554051819,0.5200194870932323,2.902291650679633,-1.8464665255906894
1772212554053535,0.526155410244775,2.902291650679633,-1.8686973826527535
1772212554055581,0.5307573526084318,2.902291650679633,-1.849504923058726
1772212554058371,0.5368932757599744,2.902291650679633,-1.871378299439099
1772212554061376,0.5414952181236313,2.9038256314675186,-0.41982373586289423
1772212554062376,0.5476311412751739,2.9038256314675186,-0.44141797897210233
1772212554066804,0.5537670644267164,2.9038256314675186,-0.4604718040602179
1772212554068800,0.5583690067903734,2.9038256314675186,-0.4384761566104105
1772212554069758,0.5645049299419159,2.9053596122554044,-0.45775614585471813
1772212554073470,0.5691068723055729,2.9053596122554044,-0.4360635818223382
1772212554076468,0.5737088146692298,2.90689359304329,-0.41681139150871005
1772212554077468,0.5783107570328867,2.908427573831176,-0.39981612846453873
1772212554081899,0.5829126993965437,2.909961554619061,-0.38481094873755295
1772212554083910,0.5875146417602005,2.9114955354069467,-0.37156071653257905
1772212554086441,0.5921165841238575,2.9130295161948325,-0.3598582041447711
1772212554088511,0.5967185264875144,2.9145634969827183,-0.34952075439367114
1772212554091515,0.5997864880632857,2.91763145855849,-0.30152031177651306
1772212554092514,0.6043884304269426,2.919165439346375,-0.298010610874764
1772212554095859,0.607456392002714,2.9222334009221465,-0.2560516881863011
1772212554098378,0.6120583343663708,2.925301362497918,-0.2578247226090973
1772212554100933,0.6151262959421421,2.9283693240736888,-0.22056645799822394
1772212554103609,0.6181942575179133,2.9314372856494604,-0.18767486121902133
1772212554106619,0.6212622190936846,2.934505247225232,-0.15863484628639635
1772212554108619,0.6258641614573416,2.9375732088010027,-0.1718002237953119
1772212554108619,0.6273981422452273,2.9406411703767743,-0.10578125721339304
1772212554113518,0.6304661038209985,2.943709131952545,-0.08631704683981678
1772212554116519,0.6335340653967698,2.9483110743162024,-0.0691683001294372
1772212554118515,0.6366020269725411,2.951379035891974,-0.05396292686198534
1772212554121388,0.6381360077604268,2.9559809782556306,-0.0017840400336569529
1772212554124386,0.641203969336198,2.960582920619287,0.005463566691261246
1772212554124735,0.6427379501240836,2.9651848629829445,0.050683913971862005
1772212554124735,0.6458059116998549,2.969786805346601,0.051795292004471194
1772212554124735,0.6473398924877406,2.9743887477102584,0.09160377077352855
1772212554133417,0.6488738732756262,2.978990690073915,0.12674939000129437
1772212554136749,0.6504078540635119,2.9835926324375723,0.15778094964954792
1772212554138454,0.6519418348513975,2.9897285555891147,0.1850278688649557
1772212554140948,0.6534758156392831,2.994330497952771,0.20924795236831528
1772212554143953,0.6550097964271688,3.0004664211043144,0.230461083551378
1772212554144955,0.6565437772150544,3.005068363467971,0.24938149137067378
1772212554148388,0.6580777580029401,3.0112042866195132,0.26589746917152873
1772212554151386,0.6580777580029401,3.0173402097710564,0.31928817805216564
1772212554153033,0.6596117387908257,3.0234761329225988,0.32760052431782777
1772212554156049,0.6596117387908257,3.029612056074141,0.37375402992745643
1772212554159054,0.6611457195787114,3.0357479792256843,0.37568090448422525
1772212554160050,0.6611457195787114,3.0418839023772266,0.4161996880695108
1772212554164406,0.662679700366597,3.048019825528769,0.41315366078929794
1772212554166417,0.662679700366597,3.0541557486803113,0.4492830295825987
1772212554168420,0.662679700366597,3.0602916718318545,0.48116997072670387
1772212554171333,0.662679700366597,3.0679615757712826,0.5090104198650882
1772212554174339,0.662679700366597,3.074097498922825,0.5338821175586138
1772212554174763,0.662679700366597,3.081767402862253,0.5555075298504728
1772212554174763,0.662679700366597,3.0879033260137954,0.5749159695161046
1772212554174763,0.662679700366597,3.0955732299532235,0.5916982523237204
1772212554183467,0.662679700366597,3.1032431338926525,0.6064914799390608
1772212554186959,0.662679700366597,3.109379057044195,0.6199004577192216
1772212554187965,0.662679700366597,3.117048960983623,0.6313544040995428
1772212554191958,0.6611457195787114,3.124718864923051,0.6802504936696195
1772212554193977,0.6611457195787114,3.1308547880745934,0.6849630105830737
1772212554194977,0.6596117387908257,3.1385246920140215,0.7275216029177526
1772212554198479,0.6596117387908257,-3.136990711226136,3.8986436770022537
1772212554201485,0.6580777580029401,-3.129320807286708,3.9365424653190746
1772212554203302,0.6565437772150544,-3.12165090334728,3.96998257265745
1772212554206047,0.6550097964271688,-3.112447018619966,3.999488549720718
1772212554209226,0.6519418348513975,-3.104777114680538,4.064331144615011
1772212554211874,0.6488738732756262,-3.095573229953224,4.1215451989335
1772212554213978,0.6458059116998549,-3.084835364438024,4.17202818803805
1772212554216591,0.6427379501240836,-3.0756314797107107,4.216572001953833
1772212554219184,0.6381360077604268,-3.064893614195511,4.294683276423862
1772212554221342,0.6335340653967698,-3.0541557486803117,4.363604989191538
1772212554224349,0.6289321230331129,-3.043417883165112,4.424418265163018
1772212554225343,0.624330180669456,-3.0326800176499127,4.478077038079027
1772212554228501,0.619728238305799,-3.0204081713468276,3.9054806740439822
1772212554231499,0.6135923151542565,-3.0081363250437425,3.0367452133124093
1772212554234290,0.607456392002714,-2.997398459528543,2.3842666639598318
1772212554236730,0.6013204688511713,-2.9851266132254577,1.8841040815469021
1772212554239365,0.5951845456996288,-2.9728547669223726,1.507912405630543
1772212554241488,0.5890486225480862,-2.9605829206192875,1.2267195453985826
1772212554244080,0.5829126993965437,-2.949845055104088,1.0220526986215603
1772212554246595,0.5767767762450011,-2.9375732088010027,0.8678721017808191
1772212554249442,0.5706408530934585,-2.9253013624979176,0.7559754733477623
1772212554251435,0.5660389107298016,-2.9145634969827183,0.6396819141819481
1772212554253327,0.5599029875782591,-2.9038256314675186,0.5898460135511594
1772212554256214,0.5537670644267164,-2.8930877659523193,0.556784074505233
1772212554259211,0.5476311412751739,-2.8823499004371196,0.536143508681328
1772212554260213,0.543029198911517,-2.8716120349219203,0.4858037836419622
1772212554264396,0.5384272565478601,-2.8608741694067206,0.44662652947662107
1772212554266396,0.5338253141842031,-2.8501363038915213,0.41617818470388623
1772212554269255,0.5276893910326605,-2.8409324191642074,0.4318902558425911
1772212554271323,0.5230874486690036,-2.8317285344368934,0.4092027444534664
1772212554274357,0.5184855063053467,-2.820990668921694,0.3907401460927705
1772212554276973,0.5154175447295755,-2.81178678419438,0.33743504493991183
1772212554279086,0.5108156023659185,-2.8025828994670663,0.3303386048984063
1772212554281738,0.5062136600022615,-2.794912995527638,0.3249162230870055
1772212554284290,0.5031456984264903,-2.7857091108003242,0.2820579489031848
1772212554286582,0.49854375606283335,-2.7765052260730103,1.6883569079285543
1772212554289379,0.4954757944870621,-2.768835322133582,1.6487042824713134
1772212554291990,0.4924078329112908,-2.761165418194154,1.613383309272739
1772212554291990,0.48933987133551954,-2.753495514254726,1.581925362458438
1772212554291990,0.48627190975974827,-2.745825610315298,1.5539073768013347
1772212554298521,0.483203948183977,-2.7381557063758697,1.5289486093153073
1772212554301521,0.47860200582032003,-2.732019783224327,1.5459892420493315
1772212554302891,0.47553404424454876,-2.724349879284899,1.5215895640392512
1772212554306246,0.4724660826687775,-2.7166799753454707,1.499861037492339
1772212554309246,0.4693981210930062,-2.710544052193928,1.4810387079873464
1772212554310251,0.4663301595172349,-2.7028741482545,1.463752147998136
1772212554314497,0.461728217153578,-2.696738225102957,1.4876953951613687
1772212554316493,0.4586602555778067,-2.689068321163529,1.4693074319270862
1772212554319493,0.45559229400203544,-2.6829323980119866,1.4534999930494075
1772212554321444,0.45252433242626416,-2.676796474860444,1.4394239943530756
1772212554324459,0.44945637085049284,-2.6706605517089015,1.4268744871281673
1772212554325448,0.44485442848683593,-2.6645246285573587,1.4544785141542185
1772212554329525,0.44178646691106466,-2.658388705405816,1.4398950107451804
1772212554331525,0.4387185053352934,-2.6522527822542736,1.4268938082595723
1772212554334143,0.4356505437595221,-2.646116859102731,1.415287425741249
1772212554337053,0.43104860139586515,-2.6399809359511885,1.443718340556702
1772212554339214,0.4279806398200939,-2.6353789935875316,1.4304834619239881
1772212554341432,0.4249126782443226,-2.629243070435989,1.4180787543849185
1772212554342846,0.4203107358806657,-2.624641128072332,1.4464242347795975
1772212554342846,0.4172427743048944,-2.6185052049207895,1.4319002234910556
1772212554349249,0.4141748127291231,-2.6139032625571326,1.4195651882449043
1772212554351787,0.4111068511533518,-2.6093013201934756,1.4085710180549444
1772212554352792,0.4065049087896949,-2.6046993778298186,1.4375682382518353
1772212554356259,0.40343694721392365,-2.6000974354661617,1.4242362781270481
1772212554359258,0.4003689856381523,-2.5954954931025047,1.4123628754444881
1772212554360259,0.39730102406238105,-2.5908935507388478,1.4017762109573764
1772212554364543,0.3942330624866098,-2.5878255891630766,1.392916959432716
1772212554366536,0.3911651009108385,-2.5832236467994196,1.3844309161538555
1772212554369536,0.38809713933506723,-2.5801556852236485,1.377413833106606
1772212554371522,0.38349519697141027,-2.5755537428599915,1.4093738930131876
1772212554374527,0.380427235395639,-2.5724857812842203,1.3992278068048478
1772212554375876,0.3773592738198677,-2.569417819708449,1.3901925162866526
1772212554378760,0.37429131224409645,-2.5663498581326776,1.3821391199121151
1772212554381758,0.36968936988043954,-2.5632818965569064,1.4137613229750543
1772212554384162,0.3666214083046682,-2.5602139349811353,1.4027765387393276
1772212554386779,0.36355344672889695,-2.5571459734053636,1.3930059295751456
1772212554389574,0.3604854851531257,-2.5556119926174783,1.384833295946983
1772212554391188,0.3574175235773544,-2.552544031041707,1.377052679013861
1772212554392200,0.35434956200158313,-2.5510100502538213,1.3706222595576658
1772212554392200,0.34974761963792617,-2.5479420886780497,1.4032048054731252
1772212554398618,0.3466796580621549,-2.5464081078901644,1.39357003907439
1772212554401616,0.3436116964863836,-2.5448741271022786,1.3850203077239474
1772212554403341,0.34054373491061235,-2.543340146314393,1.3774303290723717
1772212554406374,0.3374757733348411,-2.5418061655265074,1.370689017106578
1772212554409372,0.3328738309711841,-2.5402721847386216,1.4035058414593353
1772212554410373,0.32980586939541284,-2.5387382039507362,1.3936121598089375
1772212554413673,0.32673790781964157,-2.5387382039507362,1.3852865668562586
1772212554416672,0.3236699462438703,-2.5372042231628504,1.3774890391931964
1772212554418672,0.320601984668099,-2.5372042231628504,1.370997885478642
1772212554421497,0.31600004230444206,-2.5372042231628504,1.4040630338751796
1772212554424501,0.3129320807286708,-2.535670242374965,1.3940138118093235
1772212554425501,0.3098641191528995,-2.535670242374965,1.38551398565165
1772212554429131,0.30679615757712825,-2.535670242374965,1.3780049147680675
1772212554431134,0.303728196001357,-2.535670242374965,1.3713720824603342
1772212554434185,0.30066023442558565,-2.5372042231628504,1.3658818545706735
1772212554436611,0.29605829206192874,-2.5372042231628504,1.399505200550455
1772212554438814,0.29299033048615747,-2.5372042231628504,1.390362734273821
1772212554441813,0.2899223689103862,-2.5387382039507362,1.3826361821788025
1772212554443791,0.2868544073346149,-2.5387382039507362,1.3755097330280672
1772212554446791,0.2837864457588436,-2.5402721847386216,1.369547227961938
1772212554447791,0.2791845033951867,-2.5418061655265074,0.07724168832313938
1772212554451846,0.2761165418194154,-2.543340146314393,0.06747407349862389
1772212554454532,0.27304858024364415,-2.5448741271022786,0.05882715825439355
1772212554456535,0.2699806186678728,-2.5464081078901644,0.05116745152939728
1772212554458800,0.26691265709210155,-2.5479420886780497,0.04437754981275299
1772212554458800,0.2638446955163303,-2.5510100502538213,0.03809521036077945
1772212554458800,0.260776733940559,-2.5540780118295925,0.03250367132404164
1772212554467159,0.25770877236478773,-2.5571459734053636,0.02751713113294285
1772212554469667,0.2561747915769021,-2.5602139349811353,-0.015746947447559334
1772212554470773,0.25310683000113077,-2.5632818965569064,-0.015172117342103664
1772212554473860,0.25157284921324513,-2.5678838389205634,-0.05371492152679658
1772212554476860,0.24850488763747386,-2.5709518004963345,-0.04882409569226431
1772212554477866,0.24697090684958822,-2.5755537428599915,-0.08353538403798622
1772212554481177,0.2454369260617026,-2.5801556852236485,-0.11424077531064314
1772212554484182,0.24236896448593132,-2.5847576275873054,-0.10260762442329929
1772212554486820,0.24083498369804565,-2.5893595699509624,-0.131235679794935
1772212554489357,0.23930100291016002,-2.5939615123146194,-0.15658252111078008
1772212554491373,0.23776702212227438,-2.598563454678276,-0.17903563339832573
1772212554493880,0.23623304133438874,-2.6046993778298186,-0.19899969359598202
1772212554496887,0.2346990605465031,-2.6093013201934756,-0.2166673048135172
1772212554497888,0.23316507975861744,-2.615437243345018,-0.23238398284354045
1772212554501829,0.2316310989707318,-2.6215731664965607,-0.24635285561140802
1772212554503416,0.2316310989707318,-2.6277090896481035,-0.2975902915346781
1772212554506709,0.23009711818284617,-2.6353789935875316,-0.30407675015648744
1772212554508653,0.23009711818284617,-2.641514916739074,-0.3487570648016001
1772212554508653,0.22856313739496054,-2.6491848206785025,-0.34942769231616116
1772212554508653,0.22856313739496054,-2.6568547246179306,-0.38893914504057486
1772212554517145,0.22856313739496054,-2.6645246285573587,-0.42391732450741826
1772212554519476,0.22856313739496054,-2.672194532496787,-0.4548976262179104
1772212554520676,0.22856313739496054,-2.6813984172241008,-0.4822167706149385
1772212554523884,0.22856313739496054,-2.689068321163529,-0.5065925391248225
1772212554526881,0.22856313739496054,-2.698272205890843,-0.5280503806918144
1772212554527883,0.22856313739496054,-2.705942109830271,-0.5472912424523834
1772212554532213,0.22856313739496054,-2.715145994557585,-0.5641871531880479
1772212554534205,0.22856313739496054,-2.724349879284899,-0.5792131266736464
1772212554536517,0.23009711818284617,-2.7335537640122127,-0.6313977357299209
1772212554538920,0.23009711818284617,-2.742757648739526,-0.6387533136715696
1772212554541926,0.2316310989707318,-2.753495514254726,-0.683893374147194
1772212554542926,0.2316310989707318,-2.76269939898204,-0.6853193873745776
1772212554546261,0.23316507975861744,-2.773437264497239,-0.7251905953825757
1772212554549260,0.23316507975861744,-2.784175130012439,-0.7216692586121861
1772212554551261,0.2346990605465031,-2.7933790147397524,-0.7578254805393324
1772212554555083,0.23623304133438874,-2.804116880254952,-0.7894784180852131
1772212554562633,0.23776702212227438,-2.8148547457701514,-0.817509271120432
1772212554562633,0.23930100291016002,-2.8271265920732365,-0.8419416842749283
1772212554566383,0.24083498369804565,-2.837864457588436,-0.8640048316212952
1772212554566383,0.24236896448593132,-2.8501363038915213,-0.8831294803399454
1772212554566383,0.24390294527381695,-2.8608741694067206,-0.9005418259073129
1772212554569088,0.24697090684958822,-2.873146015709806,-0.9543312588913657
1772212554571049,0.24850488763747386,-2.885417862012891,-0.9630568979086509
1772212554573054,0.2500388684253595,-2.8976897083159763,-0.9708256898827579
1772212554577270,0.25310683000113077,-2.9099615546190614,-1.016554677272084
1772212554579656,0.25464081078901646,-2.9222334009221465,-1.018158034161153
1772212554581655,0.25770877236478773,-2.9345052472252315,-1.0584382082687824
1772212554584183,0.25924275315267337,-2.9483110743162024,-1.054643627173764
1772212554586036,0.26231071472844464,-2.9605829206192875,-1.0907320527839335
1772212554588949,0.2653786763042159,-2.9743887477102584,-1.1220017240663849
1772212554591947,0.2684466378799872,-2.9866605940133435,-1.1502447337355926
1772212554593775,0.2715145994557585,-3.000466421104314,-1.1745496350684295
1772212554596781,0.2745825610315298,-3.014272248195285,-1.196000442271329
1772212554597783,0.27765052260730105,-3.0280780752862557,-1.2149276568458236
1772212554601872,0.2807184841830723,-3.0418839023772266,-1.231622250726565
1772212554604243,0.2837864457588436,-3.0541557486803117,-1.2470545991928703
1772212554606348,0.2868544073346149,-3.067961575771282,-1.259946841867384
1772212554609353,0.2899223689103862,-3.083301383650139,-1.2705504814345878
1772212554609353,0.29299033048615747,-3.0971072107411097,-1.2806089018265667
1772212554614742,0.29605829206192874,-3.11091303783208,-1.2894430905544563
1772212554616745,0.30066023442558565,-3.124718864923051,-1.3359972701397542
1772212554619689,0.303728196001357,-3.1400586728019073,-1.3374054250070544
1772212554621356,0.3083301383650139,3.1293208072867076,-4.5734095497167795
1772212554623827,0.31139809994078516,3.115514980195737,-4.570732026964474
1772212554624827,0.31600004230444206,3.100175172316881,-4.607177416139136
1772212554624827,0.320601984668099,3.0848353644380246,-4.6393351124697215
1772212554631340,0.32673790781964157,3.0694955565591684,-4.7065174596587
1772212554634340,0.3328738309711841,3.0526217678924263,-4.765796001296033
1772212554637289,0.3390097541227267,3.037281960013569,-4.818100596858387
1772212554639507,0.34514567727426926,3.020408171346827,-4.864251710589875
1772212554641507,0.3512816004258118,3.0020004018922,-4.904973281529422
1772212554643812,0.35895150436524004,2.985126613225458,-4.979711988667487
1772212554646812,0.3666214083046682,2.9667188437708303,-5.045657906730484
1772212554647811,0.3758252930319821,2.9483110743162024,-5.142653390742178
1772212554651825,0.38349519697141027,2.9314372856494604,-4.237184688340374
1772212554654195,0.3911651009108385,2.9114955354069467,-3.369088927914304
1772212554657200,0.4003689856381523,2.893087765952319,-2.756959880754455
1772212554657598,0.4095728703654662,2.874679996497692,-2.2996413914866043
1772212554657598,0.4172427743048944,2.8547382462551782,-1.9170722312945918
1772212554657598,0.42644665903220824,2.8363304768005504,-1.6740934958725742
1772212554666399,0.4356505437595221,2.8194566881338083,-1.502264289163557
1772212554669760,0.4433204476989503,2.8010489186791805,-1.3384526257478067
1772212554670778,0.45099035163837853,2.7826411492245526,-1.217903807733979
1772212554673877,0.4586602555778067,2.7657673605578115,-1.1322462572731313
1772212554676882,0.4663301595172349,2.7488935718910685,-1.0706293398955602
1772212554677883,0.4740000634566631,2.7320197832243274,-1.0272218048633475
1772212554682256,0.4816699673960913,2.7151459945575844,-0.9975456981375385
1772212554684258,0.48933987133551954,2.699806186678728,-0.9788388503368367
1772212554686251,0.4954757944870621,2.682932398011986,-0.9280163455803464
1772212554688917,0.5016117176386047,2.66759259013313,-0.8877538876287976
1772212554691915,0.5077476407901472,2.6522527822542736,-0.8553407617374622
1772212554692917,0.5138835639416898,2.6369129743754174,-0.8292546255428449
1772212554697346,0.5200194870932323,2.621573166496561,-0.8082866188728512
1772212554699352,0.526155410244775,2.606233358617704,-2.142162448067753
1772212554701930,0.5322913333963175,2.5924275315267336,-2.1213620620079916
1772212554704582,0.5384272565478601,2.5770877236478773,-2.101487010451971
1772212554706588,0.543029198911517,2.563281896556907,-2.0447156939221482
1772212554708596,0.5491651220630596,2.5479420886780497,-2.0320016666569245
1772212554711357,0.5537670644267164,2.5341362615870793,-1.981905313007414
1772212554714357,0.5599029875782591,2.520330434496109,-1.9759093691042275
1772212554716483,0.5660389107298016,2.5065246074051375,-1.9700582736712904
1772212554719548,0.5706408530934585,2.492718780314167,-1.925557427208338
1772212554721432,0.5752427954571154,2.4804469340110815,-1.8867098595102159
1772212554724020,0.581378718608658,2.468175087707997,-1.8908443019447423
1772212554725035,0.5859806609723149,2.4543692606170255,-1.8543198123559193
1772212554725035,0.5905826033359719,2.442097414313941,-1.822612456626687
1772212554732325,0.5951845456996288,2.431359548798741,-1.795251742621895
1772212554734326,0.5997864880632857,2.4190877024956556,-1.7697693934166505
1772212554736145,0.602854449639057,2.406815856192571,-1.7080817316205161
1772212554739131,0.607456392002714,2.3960779906773713,-1.6931027542620298
1772212554742131,0.6120583343663708,2.3853401251621715,-1.6795457075696998
1772212554743131,0.6166602767300278,2.3746022596469727,-1.6672400530618332
1772212554747322,0.6212622190936846,2.363864394131773,-1.656035342134179
1772212554749322,0.6258641614573416,2.3515925478286874,-1.6447462894508647
1772212554752396,0.6304661038209985,2.3408546823134886,-1.6354355337718385
1772212554754476,0.6350680461846554,2.330116816798289,-1.6268631257300958
1772212554756480,0.6396699885483124,2.319378951283089,-1.6189391844538044
1772212554758480,0.6442719309119693,2.3086410857678903,-1.6115844253941525
1772212554762384,0.6488738732756262,2.2994372010405764,-1.6057929968633835
1772212554764383,0.6534758156392831,2.2886993355253766,-1.5993022416031524
1772212554766483,0.6580777580029401,2.2794954507980627,-1.594264460519934
1772212554769831,0.6611457195787114,2.270291566070749,-1.550685283835405
1772212554772362,0.6657476619423682,2.2626216621313207,-1.5517526858954551
1772212554774357,0.6688156235181395,2.2534177774040067,-1.5125694152012066
1772212554776839,0.6734175658817965,2.2457478734645786,-1.5174993473195362
1772212554779844,0.6764855274575677,2.2380779695251505,-1.482752880418054
1772212554780846,0.6810874698212247,2.2304080655857224,-1.4906166739957216
1772212554784825,0.684155431396996,2.2227381616462942,-1.4584639928278373
1772212554786638,0.6872233929727672,2.215068257706866,-1.4298118669168836
1772212554788695,0.6918253353364242,2.207398353767438,-1.4430570915653331
1772212554791561,0.6964272777000811,2.19972844982801,-1.4544629224146193
1772212554794560,0.6994952392758523,2.192058545888581,-1.425437766870929
1772212554795560,0.7040971816395093,2.1859226227370385,-1.4393075826838022
1772212554799923,0.7071651432152806,2.179786699585496,-1.4124946991962553
1772212554801923,0.7117670855789375,2.173650776433954,-1.4274050588324974
1772212554804823,0.7148350471547088,2.1675148532824107,-1.401517099358681
1772212554806559,0.7194369895183657,2.1613789301308683,-1.4172484983379343
1772212554809570,0.722504951094137,2.155243006979326,-1.3920884653443495
1772212554811569,0.7255729126699083,2.1506410646156686,-1.3705443026717465
1772212554814869,0.7301748550335652,2.146039122252012,-1.3901473376618068
1772212554816866,0.7332428166093364,2.1414371798883547,-1.3684464039277995
1772212554819674,0.7363107781851077,2.136835237524698,-1.3491128827022356
1772212554822238,0.7393787397608791,2.1322332951610417,-1.3318714115911794
1772212554824244,0.7439806821245359,2.1276313527973842,-1.3552861359606052
1772212554826759,0.7470486437003072,2.123029410433727,-1.3369598954001676
1772212554829759,0.7501166052760785,2.119961448857956,-1.321416605372895
1772212554830767,0.7547185476397354,2.1168934872821845,-1.3463698026541844
1772212554834974,0.7577865092155067,2.112291544918528,-1.328670159777316
1772212554836511,0.760854470791278,2.110757564130642,-1.3144143415781442
1772212554838551,0.765456413154935,2.1076896025548706,-1.3397992542849044
1772212554841849,0.7685243747307062,2.1046216409791,-1.3232660419509832
1772212554844855,0.7715923363064775,2.103087660191214,-1.3092795425956654
1772212554845854,0.7746602978822488,2.1000196986154425,-1.2961457945157915
1772212554849924,0.77772825945802,2.0984857178275576,-1.2851412983111006
1772212554851924,0.7807962210337913,2.0969517370396717,-1.2753536886063053
1772212554853527,0.7853981633974483,2.095417756251786,-1.3054522576200864
1772212554856657,0.7884661249732196,2.095417756251786,-1.2937856269998187
1772212554859662,0.7915340865489908,2.0938837754639,-1.2828201146735987
1772212554860663,0.7946020481247621,2.0938837754639,-1.2737083603185115
1772212554863977,0.7976700097005334,2.0923497946760143,-1.2650319952042035
1772212554866978,0.8022719520641903,2.0923497946760143,-1.2967306888484877
1772212554869909,0.8053399136399616,2.0923497946760143,-1.2858733774164597
1772212554871653,0.8084078752157329,2.0923497946760143,-1.2762787306725727
1772212554874656,0.8114758367915041,2.0923497946760143,-1.267801447679084
1772212554875654,0.8160777791551611,2.0938837754639,-1.299668932075185
1772212554879988,0.8191457407309324,2.0938837754639,-1.288474000199908
1772212554881988,0.8222137023067037,2.095417756251786,-1.2791160506570491
1772212554884294,0.8252816638824749,2.0969517370396717,-1.2708929291390678
1772212554886623,0.8283496254582462,2.0984857178275576,-1.2636760375191884
1772212554889708,0.8314175870340175,2.1015536794033283,-0.1637710082233914
1772212554891707,0.8344855486097889,2.103087660191214,-0.15729983604919517
1772212554894058,0.8375535101855601,2.1061556217669857,-0.15109830956922532
1772212554897061,0.8406214717613314,2.1092235833427564,-0.14554253871914757
1772212554899853,0.8436894333371027,2.112291544918528,-0.14055073814600183
1772212554901866,0.8467573949128739,2.1153595064942987,-0.13605208030867677
1772212554904672,0.8513593372765309,2.1184274680700703,-0.1707930199399873
1772212554906671,0.8528933180644165,2.121495429645842,-0.12373077853927072
1772212554909073,0.8559612796401878,2.1245633912216135,-0.1209109910014593
1772212554909073,0.8574952604280734,2.12916533358527,-0.07916925567114241
1772212554909073,0.8605632220038447,2.1337672759489266,-0.08101008156115919
1772212554917468,0.863631183579616,2.1399031991004698,-0.08219569336484756
1772212554920000,0.8651651643675016,2.1445051414641263,-0.04454228051293063
1772212554921162,0.868233125943273,2.1506410646156686,-0.04971435661015744
1772212554924054,0.8697671067311585,2.155243006979326,-0.015532632877540586
1772212554927052,0.8728350683069298,2.1613789301308683,-0.023792155663424408
1772212554928053,0.8743690490948155,2.1675148532824107,0.007914605769351102
1772212554932457,0.8759030298827011,2.173650776433954,0.03608214124609688
1772212554934457,0.8774370106705868,2.179786699585496,0.06112996804334325
1772212554936325,0.8789709914584724,2.1874566035249243,0.08358891601253021
1772212554939286,0.8820389530342436,2.1951265074643524,0.06481786301213122
1772212554942285,0.8820389530342436,2.2027964114037806,0.12609739554463312
1772212554943284,0.8835729338221293,2.2104663153432087,0.14159058548918058
1772212554947518,0.885106914610015,2.218136219282637,0.15549511678023958
1772212554949517,0.885106914610015,2.2273401040099507,0.206870472919223
1772212554952518,0.8866408953979006,2.235010007949379,0.2136094712409915
1772212554954641,0.8881748761857863,2.244213892676693,0.21982443740950897
1772212554956638,0.8881748761857863,2.2534177774040067,0.26437867802528053
1772212554958644,0.8897088569736719,2.2626216621313207,0.26514930437897805
1772212554962551,0.8897088569736719,2.2733595276465204,0.30486966511023555
1772212554964551,0.8897088569736719,2.2825634123738343,0.34025904986336064
1772212554967497,0.8912428377615575,2.293301277889034,0.33287556741241875
1772212554969901,0.8912428377615575,2.302505162616347,0.36555076801849756
1772212554971947,0.8912428377615575,2.3147770089194326,0.394434175901356
1772212554974947,0.8912428377615575,2.3255148744346323,0.4203559659506099
1772212554977564,0.8912428377615575,2.336252739949831,0.4435215175237548
1772212554979569,0.8912428377615575,2.3485245862529167,0.4640806797243164
1772212554980570,0.8897088569736719,2.3607964325560022,0.5213318002051618
1772212554985110,0.8897088569736719,2.373068278859087,0.5333450236591584
1772212554986794,0.8897088569736719,2.3853401251621715,0.5442512843595826
1772212554988832,0.8881748761857863,2.397611971465257,0.5929882733219298
1772212554991636,0.8866408953979006,2.4098838177683426,0.6362958825383532
1772212554994635,0.8866408953979006,2.423689644859313,0.6357035625254249
1772212554995635,0.885106914610015,2.4374954719502835,0.6742943414479032
1772212555000156,0.8835729338221293,2.451301299041255,0.7086511537924065
1772212555002162,0.8820389530342436,2.4651071261322253,0.7392710369277262
1772212555003157,0.880504972246358,2.4789129532231957,0.7665912197733659
1772212555006777,0.8789709914584724,2.492718780314167,0.7909964419715011
1772212555009775,0.8774370106705868,2.5080585881930233,0.8123964147100718
1772212555010776,0.8759030298827011,2.5233983960718795,0.8315690636264882
1772212555015080,0.8743690490948155,2.537204223162851,0.8492519365984909
1772212555017080,0.8713010875190442,2.554078011829593,0.9029539487475879
1772212555019976,0.8697671067311585,2.569417819708449,0.9123263528326346
1772212555021769,0.8666991451553873,2.5847576275873054,0.9596794299575144
1772212555024768,0.863631183579616,2.6016314162540475,1.0011646758450283
1772212555025769,0.8605632220038447,2.6185052049207895,1.0380242669817612
1772212555030103,0.8574952604280734,2.6353789935875316,1.0707981875555688
1772212555032102,0.8544272988523022,2.6522527822542736,1.0999612425885679
1772212555034153,0.8513593372765309,2.6691265709210157,1.1259310776883826
1772212555037321,0.8482913757007595,2.6860003595877577,1.1490751781729007
1772212555039323,0.8452234141249882,2.7044081290423856,1.169008999684838
1772212555041324,0.8406214717613314,2.7212819177091276,1.2263367529563958
1772212555045130,0.8375535101855601,2.7396896871637555,1.2375630101902697
1772212555047131,0.8329515678219032,2.7580974566183825,1.28645468904798
1772212555049833,0.8283496254582462,2.7765052260730103,1.3297635005436546
1772212555051839,0.8252816638824749,2.794912995527638,1.3293280122236
1772212555054871,0.8206797215188181,2.813320764982266,1.3678991737733528
1772212555056876,0.8160777791551611,2.8332625152247797,1.4011980666023884
1772212555059201,0.8114758367915041,2.8516702846794066,1.431575944443968
1772212555059201,0.8068738944278473,2.8716120349219203,1.4575759895581615
1772212555059201,0.8022719520641903,2.891553785164434,1.4805915893664796
1772212555067556,0.7961360289126478,2.909961554619061,1.540733157612064
1772212555070101,0.7915340865489908,2.9299033048615746,1.5540830122822178
1772212555071160,0.786932144185334,2.9498450551040882,1.5658957190211718
1772212555075112,0.7807962210337913,2.969786805346601,1.615145654471808
1772212555077107,0.7761942786701345,2.9897285555891147,1.619797613419773
1772212555077999,0.7700583555185919,3.0112042866195132,1.6616296655437073
1772212555077999,0.765456413154935,3.031146036862027,1.6607661833554104
1772212555085153,0.7593204900033924,3.0510877871045405,1.698768615575279
1772212555086999,0.7547185476397354,3.072563518134939,1.6923032668086915
1772212555090002,0.7485826244881929,3.0925052683774528,1.726448940563294
1772212555091002,0.7424467013366504,3.1124470186199655,1.7564830484255314
1772212555095117,0.7378447589729934,3.133922749650365,1.7428838480092252
1772212555097117,0.7317088358214509,-3.129320807286708,5.000980177484263
1772212555099836,0.7255729126699083,-3.109379057044195,5.025616046436235
1772212555101842,0.7194369895183657,-3.087903326013796,5.047353577864449
1772212555104319,0.7117670855789375,-3.066427594983397,5.105341661904274
1772212555107322,0.7040971816395093,-3.0449518639529978,5.156507618410002
1772212555107928,0.6964272777000811,-3.0234761329225988,5.201654050620938
1772212555107928,0.6887573737606529,-3.000466421104314,5.241489137865882
1772212555107928,0.6810874698212247,-2.9774567092860296,5.27663774425848
1772212555117074,0.6734175658817965,-2.9559809782556306,5.307651220487243
1772212555119880,0.6642136811544826,-2.9329712664373457,5.3738239617040255
1772212555120944,0.6550097964271688,-2.9099615546190614,5.43221167454236
1772212555124273,0.6458059116998549,-2.8869518428007765,5.3900245403836005
1772212555127273,0.6366020269725411,-2.863942130982492,4.3090002668150795
1772212555128274,0.6273981422452273,-2.839398438376322,3.4830760214673013
1772212555132597,0.619728238305799,-2.816388726558037,2.8289945899213502
1772212555134604,0.6105243535784852,-2.7933790147397524,2.3725973516226606
1772212555135822,0.6013204688511713,-2.770369302921468,2.0338042070950886
1772212555139390,0.5921165841238575,-2.748893571891069,1.788476634017098
1772212555142391,0.5829126993965437,-2.72741784086067,1.6097736870834698
1772212555143391,0.5752427954571154,-2.7044081290423856,1.4402734554984522
1772212555147697,0.5675728915176872,-2.684466378799872,1.3188844899609586
1772212555149696,0.5599029875782591,-2.662990647769473,1.227352905190963
1772212555152697,0.5522330836388308,-2.641514916739074,1.1608532166718906
1772212555154414,0.5445631796994026,-2.6215731664965607,1.1143299601730288
1772212555157421,0.5368932757599744,-2.6000974354661617,1.0809710484471178
1772212555158422,0.5292233718205462,-2.5801556852236485,1.0590172745961621
1772212555162689,0.5230874486690036,-2.5602139349811353,1.0060667686879081
1772212555164688,0.5154175447295755,-2.5402721847386216,1.0023628821374548
1772212555167492,0.5092816215780329,-2.5203304344961084,0.9637052351326912
1772212555169698,0.5031456984264903,-2.501922665041481,2.240677961673885
1772212555172708,0.4970097752749477,-2.4819809147989673,2.203293849573688
1772212555174707,0.4908738521234052,-2.4635731453443395,2.168978697828644
1772212555177735,0.48627190975974827,-2.445165375889712,2.098437515878472
1772212555179740,0.48013598660820567,-2.426757606435084,2.073731264600196
1772212555180742,0.4740000634566631,-2.409883817768342,2.0517213846440248
1772212555185169,0.4693981210930062,-2.3914760483137147,1.9916572790920493
1772212555186523,0.4632621979414636,-2.3746022596469727,1.9775622548794587
1772212555187797,0.4586602555778067,-2.3577284709802306,1.925575626611205
1772212555187797,0.4540583132141498,-2.3408546823134886,1.8789936484723244
1772212555187797,0.4479223900626072,-2.3239808936467465,1.8760106372806384
1772212555197689,0.4433204476989503,-2.30864108576789,1.8351003340515504
1772212555199689,0.4387185053352934,-2.2933012778890336,1.7984397011366977
1772212555202394,0.4341165629716365,-2.277961470010177,1.7655284146533354
1772212555205210,0.4295146206079795,-2.2626216621313207,1.7359239399053887
1772212555207215,0.4249126782443226,-2.24881583504035,1.710501562766692
1772212555208005,0.42184471666855133,-2.2334760271614935,1.6474907440536941
1772212555208005,0.4172427743048944,-2.2181362192826373,1.6301259485176027
1772212555208005,0.41264083194123746,-2.2043303921916664,1.6155256272899308
1772212555217786,0.40803888957758055,-2.18899058431281,1.6008267734386714
1772212555219961,0.40343694721392365,-2.1751847572218392,1.58858551266034
1772212555221009,0.4003689856381523,-2.1613789301308683,1.5384535630596252
1772212555224341,0.3957670432744954,-2.147573103039898,1.5325008020182271
1772212555227340,0.3911651009108385,-2.1337672759489266,1.5267181627865534
1772212555228340,0.3865631585471816,-2.121495429645842,1.522392947365677
1772212555232741,0.38196121618352463,-2.107689602554871,1.51678745133417
1772212555234742,0.37889325460775336,-2.095417756251786,1.4738002400401353
1772212555235741,0.37429131224409645,-2.084679890736586,1.4754782795596992
1772212555239443,0.3712233506683252,-2.072408044433501,1.4364257837470995
1772212555242446,0.36815538909255385,-2.061670178918302,1.4027495554533176
1772212555243447,0.36355344672889695,-2.050932313403102,1.4113969727098654
1772212555246962,0.3604854851531257,-2.038660467100017,1.3785291183164505
1772212555249961,0.3574175235773544,-2.0279226015848177,1.3502842304213623
1772212555251961,0.3528155812136975,-2.017184736069618,1.363727898396307
1772212555254832,0.34974761963792617,-2.007980851342304,1.3375607306631148
1772212555256827,0.3466796580621549,-1.9972429858271048,1.3128662184598492
1772212555258835,0.342077715698498,-1.9865051203119053,1.3294463624957196
1772212555262069,0.3390097541227267,-1.9773012355845914,1.3060241033997169
1772212555265075,0.33594179254695544,-1.9680973508572777,1.2849630167832833
1772212555267487,0.3313398501832985,-1.9588934661299637,1.3047969044252747
1772212555270119,0.3282718886075272,-1.94968958140265,1.283101410050583
1772212555272129,0.32520392703175593,-1.9420196774632217,1.2647140272111859
1772212555275128,0.32213596545598466,-1.9343497735237936,1.24814329482561
1772212555277825,0.3190680038802134,-1.9251458887964796,1.232072246960342
1772212555279831,0.3144660615165564,-1.919009965644937,1.2585213445647352
1772212555280832,0.31139809994078516,-1.911340061705509,1.2416725538932614
1772212555285192,0.3083301383650139,-1.9036701577660806,1.226478291511997
1772212555287709,0.3052621767892426,-1.8960002538266525,1.2127459257699538
1772212555288708,0.30066023442558565,-1.88986433067511,1.240160854399519
1772212555291970,0.2975922728498144,-1.8837284075235674,1.2252605941722685
1772212555294976,0.2945243112740431,-1.8775924843720249,1.2118373371393967
1772212555295976,0.29145634969827183,-1.8714565612204823,1.1997219246766475
1772212555300290,0.28838838812250056,-1.8653206380689396,1.1887639966756907
1772212555302782,0.2837864457588436,-1.8607186957052828,1.2186120705030563
1772212555303829,0.28225246497095796,-1.8545827725537403,1.166151637615624
1772212555307859,0.27765052260730105,-1.8499808301900833,1.1981689358372543
1772212555309859,0.2745825610315298,-1.8453788878264263,1.1873963222936097
1772212555310861,0.2715145994557585,-1.842310926250655,1.1785918583843669
1772212555315302,0.2684466378799872,-1.8377089838869982,1.1697598182869977
1772212555317295,0.2653786763042159,-1.8346410223112268,1.162646692275532
1772212555319228,0.26231071472844464,-1.8315730607354554,1.1562108579053931
1772212555322051,0.25770877236478773,-1.8285050991596843,1.189187581778782
1772212555325056,0.25464081078901646,-1.825437137583913,1.1793297340354276
1772212555326056,0.25157284921324513,-1.8223691760081417,1.170488816802842
1772212555329399,0.24697090684958822,-1.8193012144323704,1.2013563756341996
1772212555332396,0.24390294527381695,-1.8177672336444848,1.1904385360601673
1772212555334917,0.24083498369804565,-1.8146992720687134,1.179936081527331
1772212555336873,0.23776702212227438,-1.8131652912808278,1.1713043843695163
1772212555339882,0.2346990605465031,-1.8131652912808278,1.1643427692338224
1772212555341888,0.2316310989707318,-1.8116313104929422,1.1574300399620363
1772212555341888,0.22856313739496054,-1.8116313104929422,1.1519631530156567
1772212555341888,0.22549517581918926,-1.8100973297050567,1.1464151607614776
1772212555350367,0.22089323345553233,-1.8100973297050567,1.1809405180878891
1772212555352361,0.21782527187976106,-1.8100973297050567,1.1725712095143264
1772212555353496,0.21475731030398976,-1.8100973297050567,1.1651671008119469
1772212555357900,0.21168934872821848,-1.8100973297050567,1.1586189407110634
1772212555359906,0.20708740636456155,-1.8116313104929422,1.1922547305858484
1772212555360907,0.20401944478879028,-1.8131652912808278,1.1831525995688794
1772212555364454,0.200951483213019,-1.8146992720687134,1.1751564594791435
1772212555367461,0.19634954084936207,-1.8162332528565992,1.206950334867317
1772212555370334,0.1932815792735908,-1.8177672336444848,1.1962420749789318
1772212555372350,0.1902136176978195,-1.8193012144323704,0.28171817915997477
1772212555375337,0.18714565612204823,-1.8223691760081417,0.2718986084269497
1772212555375337,0.18407769454627693,-1.825437137583913,0.26314227697449255
1772212555380397,0.17947575218262002,-1.8285050991596843,0.29412456551186894
1772212555382396,0.17640779060684875,-1.8315730607354554,0.28254875576164634
1772212555385390,0.17333982903107745,-1.8346410223112268,0.2722251272542397
1772212555387289,0.17027186745530618,-1.8392429646748838,0.2625705801290137
1772212555390294,0.16720390587953488,-1.842310926250655,0.25431389355071904
1772212555391294,0.1641359443037636,-1.846912868614312,0.24650493772899512
1772212555394450,0.16106798272799233,-1.8515148109779689,0.23945374007618975
1772212555397449,0.15800002115222103,-1.8561167533416258,0.23306563435986338
1772212555399831,0.15493205957644976,-1.8622526764931684,0.2269108811648396
1772212555402291,0.1518640980006785,-1.868388599644711,0.22127531067034417
1772212555404588,0.1487961364249072,-1.872990542008368,0.2163954650850884
1772212555407162,0.14726215563702155,-1.8791264651599104,0.1728015222846555
1772212555408161,0.14419419406125028,-1.885262388311453,0.17292168006181846
1772212555408161,0.14112623248547898,-1.8913983114629955,0.17280060400330038
1772212555415446,0.1380582709097077,-1.8990682154024239,0.17221930396618373
1772212555417447,0.13652429012182207,-1.9052041385539664,0.1328571676502147
1772212555419388,0.13345632854605077,-1.9128740424933945,0.13648395711254485
1772212555422216,0.1303883669702795,-1.9205439464328227,0.1394099517664174
1772212555425215,0.12885438618239387,-1.928213850372251,0.10290454309122615
1772212555426215,0.12732040539450823,-1.9374177350995647,0.07025790746448579
1772212555430438,0.12425244381873693,-1.945087639038993,0.08007716426843814
1772212555432438,0.1227184630308513,-1.9542915237663068,0.04952440797534208
1772212555435025,0.12118448224296566,-1.9634954084936207,0.022242665594924438
1772212555437498,0.11811652066719437,-1.9726992932209346,0.03664993218739704
1772212555439502,0.11658253987930872,-1.9834371587361341,0.010166521161569464
1772212555441502,0.11504855909142309,-1.9926410434634478,-0.013527875342098816
1772212555445364,0.11351457830353745,-2.0033789089786476,-0.03479265993345587
1772212555447368,0.1119805975156518,-2.014116774493847,-0.053923866070054616
1772212555449819,0.11044661672776616,-2.0233206592211608,-0.07119581752516024
1772212555452182,0.10891263593988053,-2.035592505524246,-0.08671263181337446
1772212555455399,0.10737865515199488,-2.0463303710394456,-0.10086002930397159
1772212555457086,0.10584467436410924,-2.0586022173425302,-0.11364513630872747
1772212555457086,0.10584467436410924,-2.0708740636456158,-0.16413724035757826
1772212555457086,0.1043106935762236,-2.0831459099487004,-0.1702886940359703
1772212555464486,0.10277671278833796,-2.095417756251786,-0.1761264284593328
1772212555467485,0.10277671278833796,-2.107689602554871,-0.2204963098355298
1772212555469882,0.10124273200045232,-2.121495429645842,-0.2210697063520835
1772212555472256,0.10124273200045232,-2.1337672759489266,-0.26101692797009535
1772212555475259,0.10124273200045232,-2.147573103039898,-0.29645931378343987
1772212555476260,0.09970875121256667,-2.1613789301308683,-0.289356073181139
1772212555480466,0.09970875121256667,-2.1751847572218392,-0.32232907908583397
1772212555482467,0.09970875121256667,-2.1905245651006955,-0.3515719236926555
1772212555485391,0.09970875121256667,-2.2043303921916664,-0.37812693842603085
1772212555487137,0.09970875121256667,-2.2196702000705226,-0.40166448528851084
1772212555490139,0.09970875121256667,-2.2350100079493793,-0.4228765891001184
1772212555491139,0.09970875121256667,-2.2503498158282356,-0.4420363018791765
1772212555494524,0.10124273200045232,-2.2672236044949776,-0.4977951573445383
1772212555497524,0.10124273200045232,-2.2840973931617197,-0.5086312114868664
1772212555499847,0.10277671278833796,-2.2994372010405764,-0.5578946817784096
1772212555502857,0.1043106935762236,-2.3163109897073184,-0.6013312832586845
1772212555505173,0.1043106935762236,-2.3331847783740605,-0.6012884370825529
1772212555507074,0.10584467436410924,-2.351592547828688,-0.6399775796092461
1772212555509074,0.10737865515199488,-2.36846633649543,-0.6750894829246427
1772212555509074,0.10891263593988053,-2.386874105950058,-0.7059334629949074
1772212555515418,0.11044661672776616,-2.405281875404685,-0.7335704118153114
1772212555517419,0.1119805975156518,-2.423689644859313,-0.7583727605367552
1772212555519402,0.11504855909142309,-2.442097414313941,-0.8194752873494116
1772212555522114,0.11658253987930872,-2.462039164556454,-0.8343190742496748
1772212555525118,0.11811652066719437,-2.4804469340110815,-0.8484981272537475
1772212555526119,0.12118448224296566,-2.500388684253595,-0.8994905157490334
1772212555530497,0.12425244381873693,-2.5203304344961084,-0.94485540723544
1772212555532497,0.12732040539450823,-2.5402721847386216,-0.9852459571657461
1772212555535150,0.1303883669702795,-2.5617479157690206,-1.020442055515725
1772212555538028,0.13345632854605077,-2.581689666011534,-1.052649564461341
1772212555540028,0.13652429012182207,-2.6031653970419333,-1.0805517314138946
1772212555541031,0.13959225169759334,-2.624641128072332,-1.1054753694142523
1772212555545523,0.14419419406125028,-2.646116859102731,-1.1665669334298445
1772212555547529,0.14726215563702155,-2.66759259013313,-1.1819420222708397
1772212555549817,0.1518640980006785,-2.6906023019514147,-1.2336221292166456
1772212555552121,0.1564660403643354,-2.713612013769699,-1.2794471580011426
1772212555555274,0.16106798272799233,-2.735087744800098,-1.3211120453239897
1772212555557137,0.16566992509164924,-2.758097456618383,-1.357052601311086
1772212555558130,0.17027186745530618,-2.7811071684366673,-1.3889424291066514
1772212555558130,0.17640779060684875,-2.805650861042838,-1.4549478058222776
1772212555564592,0.18100973297050565,-2.8286605728611223,-1.4756213480925373
1772212555567591,0.1856116753341626,-2.8532042654672924,-1.49282849943081
1772212555568753,0.19174759848570513,-2.8762139772855773,-1.5480762141077355
1772212555572152,0.1978835216372477,-2.9007576698917474,-1.59569823750285
1772212555575152,0.20248546400090464,-2.9253013624979176,-1.598938035902961
1772212555576152,0.2086213871524472,-2.949845055104088,-1.6406115043231027
1772212555579588,0.21475731030398976,-2.9743887477102584,-1.6773666776761371
1772212555582593,0.22089323345553233,-3.000466421104314,-1.7084382645157505
1772212555585588,0.22856313739496054,-3.0250101137104846,-1.7759085003963686
1772212555587782,0.2346990605465031,-3.05108778710454,-1.7951720152204318
1772212555589779,0.24083498369804565,-3.0756314797107107,-1.8134186505649863
1772212555591787,0.24697090684958822,-3.1017091531047662,-1.827958674890843
1772212555594620,0.25464081078901646,-3.126252845710937,-1.880840646553438
1772212555597621,0.260776733940559,3.1308547880745934,-5.150956324030782
1772212555599857,0.26691265709210155,3.1047771146805374,-5.157947940447869
1772212555602422,0.2745825610315298,3.0802334220743672,-5.202924923007293
1772212555605455,0.28225246497095796,3.0541557486803113,-5.242610495853842
1772212555607454,0.2899223689103862,3.0265440944983704,-5.277627177777269
1772212555610579,0.2991262536377,3.0004664211043144,-5.347332159312871
1772212555612578,0.3083301383650139,2.9728547669223726,-5.408836554785462
1772212555613578,0.31600004230444206,2.945243112740431,-5.424297229775756
1772212555618026,0.32520392703175593,2.91763145855849,-5.476746911076243
1772212555619861,0.33440781175906975,2.890019804376548,-5.523026041635496
1772212555621158,0.34514567727426926,2.8624081501946064,-5.60266847784977
1772212555624636,0.35434956200158313,2.8332625152247797,-5.278006833528307
1772212555627634,0.3650874275167826,2.805650861042838,-4.257500298103433
1772212555628635,0.37429131224409645,2.778039206860896,-3.453047598930005
1772212555633115,0.38349519697141027,2.7504275526789543,-2.8483548281137576
1772212555635438,0.39269908169872414,2.7212819177091276,-2.391893203144427
1772212555636832,0.401902966426038,2.6952042443150717,-2.0629441382759346
1772212555639649,0.4111068511533518,2.66759259013313,-1.8178023490379795
1772212555642656,0.4203107358806657,2.639980935951188,-1.6406639731233814
1772212555643650,0.4295146206079795,2.615437243345018,-1.5194607183874544
1772212555648088,0.43718452454740775,2.589359569950962,-1.3941600155707805
1772212555650094,0.4433204476989503,2.563281896556907,-1.2630809452468115
1772212555654963,0.45099035163837853,2.538738203950736,-1.2015781909336345
1772212555656968,0.4586602555778067,2.5141945113445656,-1.1580776418504048
1772212555664985,0.4663301595172349,2.4896508187383954,-1.1282643409135
1772212555664985,0.4724660826687775,2.466641106920111,-1.0700590097753642
1772212555666530,0.47860200582032003,2.442097414313941,-1.0239474133602013
1772212555666530,0.48473792897186263,2.4190877024956556,-2.2586358470853165
1772212555667535,0.4908738521234052,2.3945440098894863,-2.215511545488608
1772212555669319,0.4970097752749477,2.371534298071201,-2.1750215769167474
1772212555669319,0.5031456984264903,2.3485245862529167,-2.1369444703141514
1772212555669319,0.5092816215780329,2.3239808936467465,-2.1003594296746235
1772212555677589,0.5138835639416898,2.302505162616347,-2.0293906080869997
1772212555680119,0.5200194870932323,2.2794954507980627,-2.0030836300608397
1772212555683203,0.5246214294568893,2.258019719767664,-1.9408690328790015
1772212555685207,0.5292233718205462,2.2365439887372647,-1.8848406727719444
1772212555687524,0.5338253141842031,2.215068257706866,-1.8343328601958224
1772212555690530,0.5384272565478601,2.1951265074643524,-1.790141443002269
1772212555691531,0.5414952181236313,2.175184757221839,-1.7114828592323805
1772212555694715,0.5460971604872883,2.155243006979326,-1.680039764894861
1772212555697713,0.5506991028509451,2.1353012567368124,-1.6514573656076164
1772212555699818,0.5537670644267164,2.1153595064942987,-1.586596036549401
1772212555702662,0.5568350260024878,2.0969517370396717,-1.5300699542123297
1772212555704711,0.5614369683661447,2.078543967585044,-1.518259893084418
1772212555707710,0.5645049299419159,2.0586022173425302,-1.4667272741419115
1772212555709820,0.5691068723055729,2.0401944478879024,-1.4608056903970117
1772212555712817,0.5721748338813442,2.0217866784332745,-1.4160183081204816
1772212555713817,0.5767767762450011,2.0033789089786476,-1.4145491111871626
1772212555717291,0.5798447378207724,1.9849711395240197,-1.3736819470701245
1772212555719810,0.5829126993965437,1.9680973508572777,-1.3384502430877472
1772212555721860,0.5859806609723149,1.9512235621905356,-1.3066556793039092
1772212555724852,0.5890486225480862,1.9343497735237936,-1.2778920399790823
1772212555727856,0.5921165841238575,1.9174759848570515,-1.2518008245525665
1772212555728857,0.5936505649117432,1.9006021961903095,-1.1892577867197796
1772212555733172,0.5967185264875144,1.8852623883114532,-1.1737349889672795
1772212555735498,0.5997864880632857,1.869922580432597,-1.1593723452568754
1772212555736536,0.602854449639057,1.8545827725537407,-1.146035535456845
1772212555739780,0.6043884304269426,1.8392429646748836,-1.0947973934509716
1772212555742780,0.607456392002714,1.8239031567960273,-1.0877336063079293
1772212555743779,0.6105243535784852,1.808563348917171,-1.0808397831479462
1772212555747232,0.6135923151542565,1.7947575218262006,-1.075607451725882
1772212555750231,0.6151262959421421,1.7794177139473435,-1.0300713399797974
1772212555752841,0.6181942575179133,1.765611886856373,-1.0295348969101852
1772212555754947,0.619728238305799,1.7518060597654017,-0.9896444992780362
1772212555757948,0.6212622190936846,1.739534213462317,-0.9553017838317255
1772212555758949,0.624330180669456,1.7257283863713466,-0.9618007043789978
1772212555762346,0.6258641614573416,1.713456540068261,-0.9295623947571602
1772212555765344,0.6273981422452273,1.7011846937651764,-0.9005630250704562
1772212555767498,0.6304661038209985,1.688912847462091,-0.913235337582883
1772212555770212,0.6320000846088841,1.6766410011590054,-0.8850655684641525
1772212555773215,0.6335340653967698,1.6659031356438065,-0.8610408705483286
1772212555774215,0.6366020269725411,1.6551652701286068,-0.8781519718611944
1772212555777467,0.6381360077604268,1.6428934238255213,-0.8526174212145765
1772212555780468,0.6396699885483124,1.6321555583103224,-0.8308864122080948
1772212555783202,0.6427379501240836,1.6214176927951227,-0.8500385658819432
1772212555785431,0.6442719309119693,1.6122138080678088,-0.8289445248427579
1772212555787412,0.6458059116998549,1.601475942552609,-0.8086242497292109
1772212555790418,0.6488738732756262,1.592272057825296,-0.8302968730667639
1772212555792573,0.6504078540635119,1.5830681730979812,-0.810188268698055
1772212555795578,0.6519418348513975,1.5738642883706682,-0.7920286290602279
1772212555796578,0.6534758156392831,1.5646604036433542,-0.09296751899098304
1772212555800707,0.6565437772150544,1.5569904997039261,-0.120922927078151
1772212555802195,0.6580777580029401,1.5477866149766122,-0.10832125070355797
1772212555804480,0.6580777580029401,1.540116711037184,-0.05762896073672341
1772212555807309,0.6611457195787114,1.5309128263098701,-0.09201813597041913
1772212555810309,0.662679700366597,1.5247769031583278,-0.0816751603886039
1772212555811309,0.6642136811544826,1.5171069992188988,-0.07397284620927697
1772212555815750,0.6657476619423682,1.5109710760673565,-0.06642002996430735
1772212555817750,0.6672816427302539,1.5033011721279284,-0.06113014812510381
1772212555819745,0.6688156235181395,1.497165248976386,-0.05572637543678122
1772212555822470,0.6703496043060252,1.4925633066127286,-0.050204967605177786
1772212555825469,0.6718835850939109,1.4864273834611863,-0.046601332527756445
1772212555826469,0.6734175658817965,1.480291460309644,-0.043695036378630925
1772212555830747,0.6749515466696822,1.4756895179459866,-0.04040733294707188
1772212555832750,0.6764855274575677,1.47108757558233,-0.0377354946142236
1772212555835506,0.6780195082454534,1.4649516524307877,-0.036557410004116664
1772212555838161,0.679553489033339,1.4618836908550161,-0.033884853506470136
1772212555840160,0.6810874698212247,1.4572817484913596,-0.03262917227951556
1772212555842557,0.6826214506091103,1.4526798061277022,-0.031727917813918705
1772212555845560,0.6826214506091103,1.4496118445519306,0.008568163320087696
1772212555846561,0.684155431396996,1.4465438829761599,0.005153216456409426
1772212555850807,0.6856894121848816,1.4434759214003883,0.0019849302517320755
1772212555852811,0.6872233929727672,1.4404079598246167,-0.0009600122170274616
1772212555854358,0.6872233929727672,1.437339998248846,0.03510447637855352
1772212555858296,0.6887573737606529,1.4358060174609601,0.02878969612557858
1772212555860296,0.6902913545485385,1.4327380558851885,0.022322761565389204
1772212555861297,0.6902913545485385,1.4312040750973036,0.05607557625340148
1772212555865801,0.6918253353364242,1.4296700943094178,0.046959116558462244
1772212555867801,0.6933593161243098,1.4296700943094178,0.03957500582811874
1772212555868710,0.6948932969121955,1.428136113521532,0.0322889581185945
1772212555872498,0.6948932969121955,1.428136113521532,0.06530586012959524
1772212555875500,0.6964272777000811,1.428136113521532,0.05559736597173126
1772212555876500,0.6979612584879668,1.428136113521532,0.04700524227272718
1772212555880778,0.6979612584879668,1.428136113521532,0.07821177525569142
1772212555882777,0.6994952392758523,1.428136113521532,0.06692340065700425
1772212555885417,0.6994952392758523,1.4296700943094178,0.09638801117685825
1772212555887913,0.701029220063738,1.4296700943094178,0.08299636509423108
1772212555889912,0.701029220063738,1.4312040750973036,0.11058498250264473
1772212555891913,0.7025632008516236,1.4327380558851885,0.09615912553614647
1772212555895806,0.7025632008516236,1.4342720366730743,0.12228322603749645
1772212555897810,0.7040971816395093,1.4358060174609601,0.10657534912107544
1772212555899869,0.7040971816395093,1.4388739790367318,-0.4988948759835167
1772212555903347,0.705631162427395,1.4419419406125025,-0.5171798214568767
1772212555905399,0.705631162427395,1.445009902188274,-0.49460728781540164
1772212555907403,0.7071651432152806,1.4480778637640448,-0.5136062654533983
1772212555909922,0.7071651432152806,1.4511458253398164,-0.4916751679548778
1772212555912925,0.7086991240031663,1.455747767703473,-0.5117008962486367
1772212555913925,0.7086991240031663,1.4603497100671303,-0.49071979708959157
1772212555917438,0.7102331047910518,1.463417671642902,-0.5107657251123751
1772212555920358,0.7102331047910518,1.4680196140065584,-0.4901817766881177
1772212555922404,0.7117670855789375,1.4741555371581008,-0.5113860468535003
1772212555922404,0.7117670855789375,1.4787574795217582,-0.4911378171920455
1772212555927431,0.7117670855789375,1.4833594218854147,-0.4734574631390691
1772212555930431,0.7133010663668231,1.489495345036958,-0.49719580202315317
1772212555933201,0.7133010663668231,1.4956312681885002,-0.47956506478703576
1772212555935590,0.7148350471547088,1.5017671913400426,-0.5030548567784058
1772212555937652,0.7163690279425944,1.5079031144915849,-0.5240248826570884
1772212555939983,0.7163690279425944,1.515573018431013,-0.5042415888827796
1772212555940978,0.7179030087304801,1.523242922370442,-0.5258814742175871
1772212555940978,0.7179030087304801,1.5293788455219843,-0.5062282111523465
1772212555947399,0.7194369895183657,1.5370487494614125,-0.5281836018607722
1772212555950397,0.7194369895183657,1.5447186534008406,-0.5090539137638497
1772212555952392,0.7209709703062513,1.5539225381281545,-0.5314845423762532
1772212555954969,0.7209709703062513,1.5615924420675826,-0.5126473853742921
1772212555957971,0.722504951094137,1.5707963267948966,0.17633237953045613
1772212555959314,0.722504951094137,1.5800002115222105,0.2001204291788339
1772212555959314,0.7240389318820226,1.5892040962495244,0.18267084440934034
1772212555959314,0.7240389318820226,1.5984079809768383,0.2064559141904015
1772212555968329,0.7240389318820226,1.6091458464920372,0.22791091001567382
1772212555970235,0.7255729126699083,1.618349731219351,0.2083801722686405
1772212555972233,0.7255729126699083,1.6290875967345508,0.23040096723847497
1772212555974946,0.7255729126699083,1.6398254622497506,0.250258492268462
1772212555977943,0.7271068934577939,1.6505633277649494,0.22940483067121303
1772212555978946,0.7271068934577939,1.6613011932801491,0.2502494114032524
1772212555983252,0.7271068934577939,1.6735730395832347,0.26907372743610625
1772212555985252,0.7271068934577939,1.6858448858863202,0.28616091240591524
1772212555988336,0.7286408742456796,1.696582751401519,0.2629612763477416
1772212555991029,0.7286408742456796,1.7103885784924895,0.2816280873508552
1772212555993031,0.7286408742456796,1.722660424795575,0.29870520076604157
1772212555994259,0.7286408742456796,1.7349322710986606,0.31426967508889264
1772212555998360,0.7286408742456796,1.748738098189631,0.32838677303031694
1772212556000815,0.7286408742456796,1.7625439252806014,0.34137706515394617
1772212556001942,0.7271068934577939,1.7763497523715728,0.3921863424337223
1772212556004962,0.7271068934577939,1.7901555794625432,0.39875299803091724
1772212556007961,0.7271068934577939,1.8039614065535137,0.40509202515108184
1772212556009165,0.7255729126699083,1.81930121443237,0.4498315989325223
1772212556012532,0.7255729126699083,1.834641022311227,0.4510771955169909
1772212556015524,0.7240389318820226,1.8484468494021975,0.49181495053718793
1772212556017524,0.7240389318820226,1.8637866572810537,0.4892414898286684
1772212556020005,0.722504951094137,1.8806604459477958,0.5260769586331556
1772212556023012,0.7209709703062513,1.896000253826653,0.5594961121170945
1772212556025096,0.7194369895183657,1.912874042493394,0.5892452585934242
1772212556028096,0.7194369895183657,1.929747831160137,0.577298857698751
1772212556029097,0.7179030087304801,1.9466216198268782,0.6061798958706176
1772212556033346,0.7163690279425944,1.9634954084936211,0.632277196016683
1772212556035341,0.7148350471547088,1.981903177948248,0.655506540761255
1772212556036340,0.7117670855789375,1.9987769666149902,0.7158778236879402
1772212556040037,0.7102331047910518,2.017184736069618,0.7304983591020575
1772212556043042,0.7086991240031663,2.035592505524246,0.7440284009119877
1772212556044044,0.705631162427395,2.0540002749788737,0.7954024166811536
1772212556048399,0.7040971816395093,2.0739420252213865,0.8020297007117378
1772212556050382,0.701029220063738,2.0923497946760143,0.8478666117432462
1772212556052381,0.6979612584879668,2.112291544918528,0.8883655309912275
1772212556055245,0.6948932969121955,2.1322332951610417,0.9247283621271196
1772212556058255,0.6933593161243098,2.1521750454035544,0.9186295169452308
1772212556059256,0.6887573737606529,2.173650776433954,0.9908447738561004
1772212556063457,0.6856894121848816,2.1935925266764666,1.0170415865013733
1772212556065464,0.6826214506091103,2.215068257706866,1.0400774148286167
1772212556068125,0.679553489033339,2.2365439887372647,1.061009564305591
1772212556070244,0.6749515466696822,2.258019719767664,1.1188858912713369
1772212556073251,0.6703496043060252,2.2794954507980627,1.1705426997779258
1772212556074251,0.6672816427302539,2.302505162616347,1.1771083843420076
1772212556078402,0.662679700366597,2.3239808936467465,1.2230919997473477
1772212556080401,0.6580777580029401,2.346990605465031,1.2633894035598703
1772212556083190,0.6534758156392831,2.3700003172833153,1.299491629820309
1772212556086153,0.6473398924877406,2.3945440098894863,1.369795139206417
1772212556088221,0.6427379501240836,2.4175537217077707,1.3944548495032287
1772212556090062,0.6366020269725411,2.442097414313941,1.4545799271375233
1772212556091049,0.6320000846088841,2.466641106920111,1.4693056500592325
1772212556091049,0.6258641614573416,2.4911847995262812,1.5215736541068763
1772212556097859,0.619728238305799,2.5172624729203372,1.5671021749725949
1772212556100863,0.6120583343663708,2.5418061655265074,1.6475689358871302
1772212556103432,0.6059224112148283,2.5678838389205634,1.679076384825843
1772212556105019,0.5982525072754,2.5939615123146194,1.7460599164793886
1772212556108028,0.5905826033359719,2.6200391857086753,1.8055177563053806
1772212556110991,0.5844466801844292,2.6461168591027313,1.8195052179862468
1772212556112990,0.5767767762450011,2.673728513284672,1.8697435622165752
1772212556113991,0.5675728915176872,2.699806186678728,1.9543907828448792
1772212556118523,0.5599029875782591,2.72741784086067,1.9892529185838217
1772212556120935,0.5522330836388308,2.7550294950426117,2.0202199753715826
1772212556121935,0.543029198911517,2.7826411492245526,2.0865319032660747
1772212556125084,0.5338253141842031,2.81178678419438,2.1438169673451997
1772212556128088,0.526155410244775,2.839398438376322,2.157052434956864
1772212556129089,0.516951525517461,2.867010092558264,2.20763223725519
1772212556133504,0.5077476407901472,2.8961557275280905,2.2508617102522424
1772212556135874,0.4970097752749477,2.925301362497918,2.3278061303261124
1772212556136912,0.4878058905476339,2.9544469974677448,2.3568521761540415
1772212556140090,0.47860200582032003,2.9835926324375723,2.382410460395817
1772212556143095,0.4678641403051206,3.012738267407399,2.4436657928649503
1772212556144097,0.4586602555778067,3.0418839023772266,2.458768521744522
1772212556148482,0.4479223900626072,3.0710295373470533,2.5107294628378147
1772212556150484,0.4387185053352934,3.100175172316881,2.5175614515451317
1772212556152478,0.4279806398200939,3.1308547880745934,2.5604615290999297
1772212556155179,0.41877675509278006,-3.1231848841351653,5.860697507676706
1772212556158183,0.40803888957758055,-3.094039249165338,5.900613889062603
1772212556159185,0.3988350048502667,-3.064893614195511,5.8970263163293435
1772212556163490,0.38809713933506723,-3.035747979225684,5.932668720226693
1772212556165488,0.3758252930319821,-3.0066023442558567,6.002925809386348
1772212556168466,0.3650874275167826,-2.9759227284981438,6.026109449394639
1772212556170281,0.35434956200158313,-2.9467770935283166,6.046565602343129
1772212556173279,0.3436116964863836,-2.9160974777706037,6.064615149062387
1772212556174281,0.3328738309711841,-2.885417862012891,6.080541219697026
1772212556178535,0.320601984668099,-2.8547382462551782,6.133401544213111
1772212556180534,0.3098641191528995,-2.825592611285351,6.141235097771195
1772212556183175,0.2975922728498144,-2.794912995527638,5.679924413308292
1772212556185768,0.2868544073346149,-2.765767360557811,4.624070483529959
1772212556188563,0.2761165418194154,-2.735087744800098,3.8185950263398794
1772212556190562,0.2653786763042159,-2.705942109830271,3.2191680511574194
1772212556192820,0.25464081078901646,-2.676796474860444,2.770947098583152
1772212556195825,0.2454369260617026,-2.6476508398906167,2.3996708714269728
1772212556196825,0.2346990605465031,-2.6185052049207895,2.1601559957679455
1772212556201098,0.22549517581918926,-2.5908935507388478,1.9511923839568641
1772212556202723,0.2162912910918754,-2.5632818965569064,1.7959879174900522
1772212556204793,0.20708740636456155,-2.5372042231628504,1.683547495748925
1772212556207633,0.1978835216372477,-2.509592568980909,1.6003970312117546
1772212556210632,0.1902136176978195,-2.483514895586853,1.5033612750190655
1772212556211632,0.1825437137583913,-2.4559032414049113,1.428024150519985
1772212556216068,0.17333982903107745,-2.4298255680108554,1.4096765983494315
1772212556218063,0.16566992509164924,-2.4037478946168,1.3615110656192055
1772212556218841,0.15800002115222103,-2.379204202010629,1.3242286110981478
1772212556222618,0.1518640980006785,-2.3531265286165737,2.4941572148331934
1772212556225623,0.14419419406125028,-2.3270488552225177,2.457495650225444
1772212556226623,0.1380582709097077,-2.3025051626163475,2.3840126110132784
1772212556231059,0.13192234775816514,-2.277961470010177,2.316778403065413
1772212556233058,0.12425244381873693,-2.2534177774040067,2.294180127299919
1772212556236054,0.11811652066719437,-2.2304080655857224,2.234783676032861
1772212556237918,0.1119805975156518,-2.205864372979552,2.179666228988736
1772212556240918,0.10737865515199488,-2.1828546611612674,2.0920557363913734
1772212556241925,0.10124273200045232,-2.1598449493429825,2.0523323240937175
1772212556246006,0.0966407896367954,-2.138369218312584,1.978774221096756
1772212556248006,0.09050486648525283,-2.115359506494299,1.950193059524398
1772212556250851,0.0859029241215959,-2.095417756251786,1.8881697542702214
1772212556252853,0.08130098175793898,-2.073942025221387,1.831046713986939
1772212556255856,0.07669903939428206,-2.052466294190988,1.7797076191112025
1772212556256857,0.07209709703062514,-2.030990563160589,1.7334782876821806
1772212556260178,0.0674951546669682,-2.0110488129180757,1.6934065469453319
1772212556263177,0.06289321230331128,-1.9911070626755623,1.6572160067599029
1772212556264177,0.05829126993965436,-1.9711653124330488,1.6244464932661902
1772212556268334,0.05368932757599744,-1.94968958140265,1.5930151926186595
1772212556270601,0.04908738521234052,-1.9297478311601366,1.5660465795027247
1772212556271607,0.04601942363656923,-1.911340061705509,1.5042880969463333
1772212556275230,0.04141748127291231,-1.8913983114629955,1.4861311712697536
1772212556278231,0.03834951969714103,-1.872990542008368,1.4321449074796586
1772212556279231,0.0337475773334841,-1.8545827725537403,1.4225288378326313
1772212556283525,0.030679615757712823,-1.8361750030991124,1.374445882778508
1772212556285799,0.0260776733940559,-1.8177672336444848,1.3700362057197808
1772212556286798,0.023009711818284616,-1.8008934449777427,1.3282178712506476
1772212556291090,0.019941750242513337,-1.7840196563110007,1.2905777097094044
1772212556293089,0.015339807878856412,-1.7671458676442586,1.2954349510066319
1772212556294090,0.01227184630308513,-1.7502720789775166,1.2601762859416497
1772212556298574,0.009203884727313847,-1.7333982903107745,1.2283308728342779
1772212556300575,0.006135923151542565,-1.7165245016440325,1.1994985609403683
1772212556301575,0.0015339807878856412,-1.701184693765176,1.2137457459490841
1772212556305618,-0.0015339807878856412,-1.684310905098434,1.1852270605477067
1772212556308617,-0.0046019423636569235,-1.6689710972195777,1.1609279719951018
1772212556309617,-0.007669903939428206,-1.6536312893407212,1.138809804420832
1772212556313552,-0.010737865515199488,-1.6398254622497503,1.120178859763394
1772212556315551,-0.01227184630308513,-1.624485654370894,1.0627605370630808
1772212556317552,-0.015339807878856412,-1.6106798272799232,1.0517714577261073
1772212556320217,-0.018407769454627694,-1.5968740001889525,1.0414558693516376
1772212556323216,-0.021475731030398976,-1.5830681730979816,1.0317412788379305
1772212556324216,-0.02454369260617026,-1.569262346007011,0.3762354342332387
1772212556327784,-0.02761165418194154,-1.556990499703926,0.37413925799190323
1772212556330787,-0.030679615757712823,-1.543184672612955,0.37429625357829716
1772212556333176,-0.0337475773334841,-1.53091282630987,0.37359148281931176
1772212556335828,-0.03681553890925539,-1.5186409800067848,0.3735179401831713
1772212556337831,-0.03834951969714103,-1.5063691337036997,0.3351866208462983
1772212556339831,-0.04141748127291231,-1.4940972874006144,0.3407086544331605
1772212556343677,-0.044485442848683596,-1.483359421885415,0.34474289105230155
1772212556345677,-0.047553404424454875,-1.4710875755823298,0.35014275125043043
1772212556346678,-0.04908738521234052,-1.4603497100671303,0.31528071236288524
1772212556350276,-0.0521553467881118,-1.4496118445519308,0.3238057042741113
1772212556353694,-0.05522330836388308,-1.4404079598246171,0.3305006167661141
1772212556354695,-0.056757289151768725,-1.4296700943094176,0.2993098701384086
1772212556358648,-0.059825250727540004,-1.418932228794218,0.3110550575419548
1772212556360647,-0.06135923151542565,-1.4097283440669042,0.2818113853856441
1772212556361648,-0.06289321230331128,-1.4005244593395905,0.2564213357952088
1772212556366184,-0.06596117387908257,-1.3913205746122765,0.2732319845003476
1772212556367739,-0.0674951546669682,-1.3821166898849626,0.24965668949610964
1772212556370019,-0.07056311624273949,-1.372912805157649,0.26805762806761213
1772212556373589,-0.07363107781851078,-1.3652429012182206,0.2835142172462148
1772212556375594,-0.07516505860639641,-1.3575729972787924,0.2586960716739878
1772212556376606,-0.0782330201821677,-1.3499030933393643,0.2759487852001972
1772212556381165,-0.07976700097005335,-1.342233189399936,0.2527002966917768
1772212556383165,-0.08283496254582462,-1.3345632854605078,0.27132586078087834
1772212556384626,-0.08436894333371027,-1.3284273623089653,0.24819857761724629
1772212556387808,-0.0859029241215959,-1.320757458369537,0.22914131322223052
1772212556390813,-0.08897088569736719,-1.3146215352179944,0.250401313939472
1772212556391814,-0.09050486648525283,-1.3084856120664519,0.23062899718139834
1772212556396178,-0.09203884727313846,-1.3023496889149093,0.21345324221117207
1772212556398719,-0.09510680884890975,-1.2962137657633668,0.2373714101494806
1772212556401231,-0.0966407896367954,-1.2900778426118242,0.2199290362403361
1772212556403565,-0.09817477042468103,-1.2854759002481673,0.20382564401420733
1772212556405565,-0.10124273200045232,-1.2808739578845103,0.22864431348891895
1772212556407953,-0.10277671278833796,-1.2762720155208536,0.21194725330921477
1772212556410957,-0.1043106935762236,-1.2716700731571966,0.1974205815704392
1772212556411958,-0.10737865515199488,-1.2670681307935396,0.22361213189237955
1772212556416275,-0.10891263593988053,-1.2640001692177683,0.20722761894931324
1772212556418155,-0.11044661672776616,-1.2593982268541113,0.1937959879541887
1772212556420159,-0.11351457830353745,-1.2563302652783401,0.22008674021829863
1772212556423689,-0.11504855909142309,-1.2532623037025687,0.20462597247907027
1772212556425690,-0.11658253987930872,-1.2501943421267976,0.19112768778974232
1772212556426689,-0.11965050145508001,-1.248660361338912,0.21736335498034376
1772212556431137,-0.12118448224296566,-1.2455923997631406,0.20258858022549964
1772212556433133,-0.12425244381873693,-1.244058418975255,0.22771967283281785
1772212556434132,-0.12578642460662257,-1.2425244381873692,0.2111772368681389
1772212556438699,-0.12732040539450823,-1.2409904573994837,0.19666545222512177
1772212556440699,-0.12885438618239387,-1.239456476611598,0.1839403526370543
1772212556441700,-0.13192234775816514,-1.239456476611598,0.2108941097898028
1772212556446147,-0.13345632854605077,-1.2379224958237125,0.19658987766915487
1772212556448147,-0.1349903093339364,-1.2379224958237125,0.18336332598383728
1772212556450851,-0.1380582709097077,-1.2379224958237125,0.21052815533631758
1772212556452898,-0.13959225169759334,-1.2363885150358267,0.196352436976014
1772212556455901,-0.14112623248547898,-1.2363885150358267,0.18326906687974215
1772212556456901,-0.14266021327336462,-1.2379224958237125,0.17112544671356128
1772212556461257,-0.14572817484913592,-1.2379224958237125,0.19979292578055258
1772212556463257,-0.14726215563702155,-1.239456476611598,0.185701218248619
1772212556464257,-0.1487961364249072,-1.2409904573994837,0.17323428703658375
1772212556468320,-0.1518640980006785,-1.2425244381873692,0.20100240626431376
1772212556470371,-0.15339807878856412,-1.244058418975255,0.1866511664103467
1772212556473371,-0.15493205957644976,-1.2455923997631406,0.6685109255837588
1772212556476173,-0.15800002115222103,-1.248660361338912,0.6975993082424755
1772212556478178,-0.1595340019401067,-1.2517283229146832,0.6845483079402424
1772212556479413,-0.16106798272799233,-1.2532623037025687,0.6726564678232273
1772212556483677,-0.1641359443037636,-1.2563302652783401,0.701501504622053
1772212556485744,-0.16566992509164924,-1.260932207641997,0.6886973160437728
1772212556486744,-0.16873788666742054,-1.2640001692177683,0.7159247290607562
1772212556490324,-0.17027186745530618,-1.2686021115814252,0.7016730349837137
1772212556493324,-0.1718058482431918,-1.2716700731571966,0.6888571057042547
1772212556494323,-0.17487380981896308,-1.2762720155208536,0.7168710262824475
1772212556498728,-0.17640779060684875,-1.2808739578845103,0.7029484852008286
1772212556501287,-0.17794177139473438,-1.2870098810360528,0.691190748222025
1772212556502612,-0.18100973297050565,-1.2916118233997098,0.7195002240427524
1772212556506263,-0.1825437137583913,-1.2977477465512524,0.7061787450011742
1772212556508506,-0.1856116753341626,-1.3023496889149093,0.7331486564318213
1772212556509506,-0.18714565612204823,-1.3084856120664519,0.7186282170317744
1772212556512936,-0.18867963690993386,-1.3146215352179944,0.706050353157017
1772212556515935,-0.19174759848570513,-1.3222914391574228,0.7342654222121785
1772212556518091,-0.19481556006147643,-1.3284273623089653,0.7591935884718345
1772212556521153,-0.19634954084936207,-1.3360972662483934,0.7428675295596184
1772212556523153,-0.1978835216372477,-1.3437671701878218,0.7287547826559769
1772212556526241,-0.200951483213019,-1.35143707412725,0.7554100836826281
1772212556528248,-0.20248546400090464,-1.359106978066678,0.7404270664846533
1772212556529248,-0.2055534255766759,-1.3667768820061064,0.7663246785151461
1772212556533766,-0.2086213871524472,-1.37598076673342,0.7896505307537509
1772212556535674,-0.21015536794033285,-1.385184651460734,0.7717800059976603
1772212556537673,-0.21322332951610412,-1.394388536188048,0.7951838401486939
1772212556541213,-0.21475731030398976,-1.4035924209153616,0.7773969182633892
1772212556543213,-0.21782527187976106,-1.4127963056426756,0.8008861518511389
1772212556544213,-0.2193592526676467,-1.4220001903699893,0.7831837372184383
1772212556548772,-0.22242721424341796,-1.4327380558851888,0.8068254659605336
1772212556550767,-0.2239611950313036,-1.4434759214003883,0.7893038231708721
1772212556552720,-0.2270291566070749,-1.4542137869155878,0.8130850807549375
1772212556556338,-0.22856313739496054,-1.4649516524307873,0.7957002516347909
1772212556558344,-0.2316310989707318,-1.4756895179459868,0.8196128782659043
1772212556559338,-0.23316507975861744,-1.4864273834611863,0.8023522168919406
1772212556563788,-0.2346990605465031,-1.4986992297642714,0.7875536255184015
1772212556565786,-0.23776702212227438,-1.5109710760673565,0.8137974866596565
1772212556567784,-0.23930100291016002,-1.5232429223704418,0.7986465425434042
1772212556571381,-0.24236896448593132,-1.5355147686735269,0.8245919795152786
1772212556573381,-0.24390294527381695,-1.547786614976612,0.8091871652597734
1772212556574383,-0.24697090684958822,-1.5615924420675826,0.8348148187874138
1772212556578783,-0.24850488763747386,-1.5753982691585535,0.1323456381592335
1772212556580781,-0.2500388684253595,-1.5876701154616386,0.11112182829956468
1772212556583178,-0.25310683000113077,-1.603009923340495,0.13097929588256335
1772212556585877,-0.25464081078901646,-1.6168157504314657,0.10891896798708683
1772212556588880,-0.2561747915769021,-1.6306215775224366,0.08888118659694033
1772212556589879,-0.25770877236478773,-1.6459613854012929,0.07082712824996273
1772212556589879,-0.25924275315267337,-1.6613011932801494,0.05428378668404332
1772212556596338,-0.26231071472844464,-1.6766410011590058,0.07787588187895267
1772212556598337,-0.26231071472844464,-1.6919808090378623,0.02045422890385612
1772212556600996,-0.2638446955163303,-1.7073206169167185,0.007971391173262121
1772212556603899,-0.2653786763042159,-1.7241944055834606,-0.003378670553405183
1772212556605898,-0.26691265709210155,-1.739534213462317,-0.014364164474092611
1772212556606898,-0.2684466378799872,-1.7564080021290591,-0.024363891151511552
1772212556611289,-0.2684466378799872,-1.7732817907958012,-0.07265926195769629
1772212556613281,-0.2699806186678728,-1.7916895602504288,-0.07676558657236099
1772212556614283,-0.2699806186678728,-1.8085633489171709,-0.12027960118675624
1772212556618126,-0.2715145994557585,-1.8269711183717987,-0.12013164726050968
1772212556621169,-0.2715145994557585,-1.8453788878264263,-0.15950670418028923
1772212556622992,-0.27304858024364415,-1.863786657281054,-0.15614074442014153
1772212556622992,-0.27304858024364415,-1.8821944267356818,-0.19267761188622037
1772212556622992,-0.27304858024364415,-1.9006021961903095,-0.22561309651809983
1772212556631392,-0.27304858024364415,-1.919009965644937,-0.25536780383915014
1772212556633392,-0.27304858024364415,-1.9389517158874505,-0.28179703339269996
1772212556634829,-0.27304858024364415,-1.9588934661299637,-0.3058298298727681
1772212556638960,-0.27304858024364415,-1.9788352163724772,-0.32774660011877954
1772212556640964,-0.2715145994557585,-2.000310947402876,-0.3860133894853742
1772212556641965,-0.2715145994557585,-2.0202526976453896,-0.39995207720003007
1772212556641965,-0.2699806186678728,-2.041728428675788,-0.45112773721146054
1772212556648822,-0.2684466378799872,-2.0632041597061876,-0.49699550405627413
1772212556651204,-0.26691265709210155,-2.086213871524472,-0.5374886587372002
1772212556652467,-0.2653786763042159,-2.107689602554871,-0.5746445043545194
1772212556656392,-0.2638446955163303,-2.130699314373156,-0.6073893688225565
1772212556658393,-0.26231071472844464,-2.1521750454035544,-0.6377412055111936
1772212556659393,-0.260776733940559,-2.1751847572218392,-0.6644208536260189
1772212556663793,-0.25924275315267337,-2.198194469040124,-0.6886409102685939
1772212556665794,-0.2561747915769021,-2.2212041808584084,-0.7494880767838868
1772212556668152,-0.25464081078901646,-2.2457478734645786,-0.7641719772718376
1772212556670512,-0.25157284921324513,-2.2687575852828634,-0.8174659607346041
1772212556673507,-0.24850488763747386,-2.2933012778890336,-0.8642190719636546
1772212556675284,-0.2454369260617026,-2.3193789512830896,-0.9051545665334209
1772212556678888,-0.24236896448593132,-2.3439226438892597,-0.9428437024628065
1772212556680894,-0.23930100291016002,-2.3700003172833157,-0.9756955002343674
1772212556683191,-0.2346990605465031,-2.3960779906773713,-1.0440589812411716
1772212556685705,-0.23009711818284617,-2.4221556640714272,-1.1049322864820539
1772212556688709,-0.22549517581918926,-2.448233337465483,-1.15917808646355
1772212556690442,-0.22089323345553233,-2.475844991647425,-1.206437311562538
1772212556690442,-0.2162912910918754,-2.501922665041481,-1.2497650213796432
1772212556690442,-0.21168934872821848,-2.5295343192234223,-1.2872901650761708
1772212556698972,-0.20708740636456155,-2.5571459734053636,-1.3208321744533285
1772212556701431,-0.200951483213019,-2.5847576275873054,-1.389643849419341
1772212556702499,-0.19634954084936207,-2.6139032625571326,-1.410661533715639
1772212556706391,-0.1902136176978195,-2.641514916739074,-1.4696514791371527
1772212556708387,-0.18407769454627693,-2.6706605517089015,-1.520696032422015
1772212556709387,-0.17640779060684875,-2.6998061866787286,-1.6048163392995776
1772212556713860,-0.17027186745530618,-2.730485802436441,-1.6390684728361218
1772212556715860,-0.1641359443037636,-2.7596314374062683,-1.670911334749118
1772212556717857,-0.1564660403643354,-2.790311053163981,-1.7365236016575505
1772212556720676,-0.1487961364249072,-2.820990668921694,-1.7945276198529778
1772212556723680,-0.14112623248547898,-2.851670284679407,-1.8457857022895987
1772212556724681,-0.13345632854605077,-2.8823499004371196,-1.89105674688036
1772212556728847,-0.12425244381873693,-2.9130295161948325,-1.9698167641279491
1772212556730851,-0.11658253987930872,-2.945243112740431,-1.9988272420259177
1772212556733178,-0.10737865515199488,-2.9759227284981438,-2.0647967425746185
1772212556735886,-0.09970875121256667,-3.0081363250437425,-2.082381428365611
1772212556738889,-0.09050486648525283,-3.040349921589341,-2.136509295721389
1772212556739889,-0.08130098175793898,-3.072563518134939,-2.184034006480464
1772212556743023,-0.07209709703062514,-3.104777114680538,-2.2256920397510913
1772212556746026,-0.06289321230331128,-3.136990711226136,-2.262132444830014
1772212556747026,-0.05368932757599744,3.1139809994078513,-5.617645339190728
1772212556751231,-0.044485442848683596,3.081767402862253,-5.647348184089454
1772212556753523,-0.03681553890925539,3.0495538063166547,-5.634748667396925
1772212556754527,-0.02761165418194154,3.0173402097710564,-5.662439356036098
1772212556758976,-0.01687378866674205,2.985126613225458,-5.725680225850301
1772212556760976,-0.006135923151542565,2.952913016679859,-5.781480993333421
1772212556761976,0.0046019423636569235,2.919165439346375,-5.830716964642056
1772212556766425,0.015339807878856412,2.8854178620128907,-5.8741604687379105
1772212556767896,0.02454369260617026,2.8516702846794066,-5.873685063101673
1772212556770191,0.035281558121369745,2.8194566881338083,-5.912073496790514
1772212556773987,0.04601942363656923,2.7857091108003242,-5.945945644163021
1772212556775987,0.056757289151768725,2.75196153346684,-5.323002802479946
1772212556776988,0.0674951546669682,2.719747936921242,-4.313488083104337
1772212556781509,0.0782330201821677,2.6860003595877577,-3.549453854101816
1772212556783504,0.08897088569736719,2.6537867630421594,-2.9867088941862776
1772212556785738,0.09817477042468103,2.621573166496561,-2.532331953876384
1772212556788228,0.10737865515199488,2.589359569950962,-2.1946959680359677
1772212556791226,0.11658253987930872,2.5571459734053636,-1.9463038320512425
1772212556792228,0.12425244381873693,2.526466357647651,-1.729533100415758
1772212556796571,0.13345632854605077,2.4957867418899387,-1.6064693898608082
1772212556798571,0.14112623248547898,2.4651071261322253,-1.482214766515826
1772212556801378,0.1487961364249072,2.4359614911623986,-1.3917877298521524
1772212556805961,0.1564660403643354,2.406815856192571,-1.3257343646388469
1772212556807965,0.16260196351587797,2.3776702212227434,-1.2395869228456409
1772212556809970,0.17027186745530618,2.3485245862529167,-1.2111551696752572
1772212556812373,0.17640779060684875,2.320912932070975,-1.1540478981644249
1772212556815124,0.1825437137583913,2.2917672971011482,-2.3142931171469394
1772212556816540,0.18867963690993386,2.2641556429192065,-2.2571965259296487
1772212556818543,0.19481556006147643,2.235010007949379,-2.2023006099774993
1772212556821600,0.19941750242513334,2.207398353767438,-2.112687038609242
1772212556823815,0.2055534255766759,2.179786699585496,-2.069802326823125
1772212556825853,0.21015536794033285,2.1537090261914402,-1.9921494167627727
1772212556827859,0.2162912910918754,2.1260973720094984,-1.9592467198024464
1772212556831588,0.2193592526676467,2.1000196986154425,-1.8522063608100332
1772212556833588,0.2239611950313036,2.0754760060092723,-1.7965948207243012
1772212556835259,0.22856313739496054,2.0493983326152163,-1.744668708180553
1772212556839081,0.2316310989707318,2.024854640009046,-1.6603309604886392
1772212556841080,0.2346990605465031,2.000310947402876,-1.5847462740874274
1772212556842083,0.23930100291016002,1.9773012355845916,-1.5574471112232053
1772212556846565,0.24236896448593132,1.9527575429784214,-1.491785450000406
1772212556848564,0.2454369260617026,1.929747831160137,-1.434515503318666
1772212556851499,0.24850488763747386,1.9067381193418518,-1.3829802389707775
1772212556854042,0.25157284921324513,1.8821944267356816,-1.3346841845516957
1772212556856040,0.25464081078901646,1.8591847149173972,-1.2928137515523188
1772212556857042,0.25770877236478773,1.8361750030991129,-1.2548685967738797
1772212556861647,0.260776733940559,1.8146992720687134,-1.222243842597074
1772212556863647,0.2638446955163303,1.791689560250429,-1.1906710500387152
1772212556866552,0.2653786763042159,1.7702138292200296,-1.1248685986205842
1772212556869148,0.2684466378799872,1.748738098189631,-1.1046842020741447
1772212556871152,0.2699806186678728,1.7272623671592324,-1.047135093036303
1772212556873181,0.2715145994557585,1.7073206169167188,-0.9972782669633047
1772212556873181,0.27304858024364415,1.6873788666742051,-0.952410836879992
1772212556873181,0.2745825610315298,1.6659031356438065,-0.9101162355849535
1772212556881612,0.27765052260730105,1.6459613854012929,-0.9125119247775042
1772212556883612,0.2791845033951867,1.6260196351587801,-0.874949926585514
1772212556884518,0.2807184841830723,1.6076118657041523,-0.8427499510568831
1772212556889096,0.28225246497095796,1.5876701154616386,-0.8117296869376812
1772212556891096,0.2837864457588436,1.5692623460070108,-0.19827886877868128
1772212556892096,0.28532042654672923,1.549320595764497,-0.18608899417534225
1772212556896543,0.2868544073346149,1.5309128263098701,-0.1744144543519815
1772212556898543,0.28838838812250056,1.514039037643128,-0.16316413768735338
1772212556901358,0.28838838812250056,1.4956312681885002,-0.11690780291099068
1772212556903255,0.2899223689103862,1.4787574795217582,-0.11396874766966636
1772212556906257,0.2899223689103862,1.4618836908550161,-0.0733043808257377
1772212556907257,0.29145634969827183,1.445009902188274,-0.07695969869939445
1772212556911596,0.29145634969827183,1.428136113521532,-0.04209688929212946
1772212556913593,0.29299033048615747,1.41126232485479,-0.05085627852747554
1772212556916533,0.29299033048615747,1.394388536188048,-0.020483626181490716
1772212556918966,0.2945243112740431,1.3790487283091917,-0.031572511915672175
1772212556920965,0.2945243112740431,1.3621749396424496,-0.004807831405138241
1772212556923262,0.29605829206192874,1.3468351317635925,-0.0190952441963865
1772212556923262,0.29605829206192874,1.333029304672622,0.00802929637747371
1772212556927344,0.29605829206192874,1.3176894967937658,0.029813650209057657
1772212556930939,0.29605829206192874,1.3038836697027953,0.04993898516743947
1772212556933938,0.29605829206192874,1.290077842611824,0.0671106079008029
1772212556934863,0.29605829206192874,1.2762720155208536,0.08168671225833912
1772212556938239,0.2975922728498144,1.2624661884298831,0.05517385688997767
1772212556941245,0.2975922728498144,1.247126380551026,0.06857270518070566
1772212556942240,0.2975922728498144,1.2348545342479413,0.0826938140423662
1772212556946633,0.2975922728498144,1.221048707156971,0.09321465908628272
1772212556948634,0.2975922728498144,1.2072428800659996,0.101958703032354
1772212556951150,0.2975922728498144,1.194971033762915,0.11053750551888646
1772212556953982,0.2975922728498144,1.1826991874598294,0.1176121673463593
1772212556955856,0.2975922728498144,1.1704273411567439,0.12336843750117925
1772212556957859,0.2975922728498144,1.159689475641545,0.1293044387875473
1772212556961580,0.29605829206192874,1.1489516101263453,0.1729029104400635
1772212556963581,0.29605829206192874,1.1366797638232597,0.17083744035638884
1772212556966566,0.29605829206192874,1.12594189830806,0.1698387851805282
1772212556969272,0.29605829206192874,1.1152040327928612,0.16853729888064298
1772212556971284,0.29605829206192874,1.1044661672776614,0.16697629409124418
1772212556973240,0.29605829206192874,1.0937283017624626,0.16519289025949005
1772212556974238,0.29605829206192874,1.0845244170351478,0.16442832650685693
1772212556974238,0.29605829206192874,1.073786551519949,0.16219658213012544
1772212556981584,0.29605829206192874,1.064582666792635,0.16101617413991076
1772212556983580,0.29605829206192874,1.055378782065321,0.1596202429808237
1772212556984571,0.29605829206192874,1.0461748973380072,0.15804160215261465
1772212556988248,0.29605829206192874,1.038504993398579,0.15742601799972225
1772212556991242,0.29605829206192874,1.0293011086712651,0.155474347867062
1772212556992235,0.29605829206192874,1.021631204731837,0.15450759176385034
1772212556996708,0.29605829206192874,1.0139613007924089,0.15335713564366826
1772212556998796,0.29605829206192874,1.0062913968529807,0.15205235802648417
1772212557001209,0.29605829206192874,0.9986214929135526,0.15061779818830598
1772212557004191,0.29605829206192874,0.9909515889741236,0.1490740351403823
1772212557006186,0.29605829206192874,0.9832816850346955,0.147438394604639
1772212557007178,0.29605829206192874,0.977145761883154,0.1467092602437611
1772212557010924,0.29605829206192874,0.9710098387316108,0.14582544402602615
1772212557012927,0.29605829206192874,0.9648739155800676,0.14481285281604037
1772212557016558,0.29605829206192874,0.9587379924285262,0.1436928608574836
1772212557018658,0.29605829206192874,0.952602069276983,0.14248317353265705
1772212557021691,0.29605829206192874,0.9464661461254407,0.14119851630229538
1772212557024131,0.29605829206192874,0.9418642037617833,0.1407339756777109
1772212557024131,0.29605829206192874,0.9372622613981267,0.14013804454300638
1772212557028552,0.2975922728498144,0.9326603190344702,0.10062577712715917
1772212557031089,0.2975922728498144,0.9280583766708128,0.10439735545212292
1772212557034096,0.2975922728498144,0.9234564343071554,0.10755742997248115
1772212557036224,0.2975922728498144,0.9188544919434989,0.11018179015641597
1772212557038243,0.2975922728498144,0.9157865303677273,0.11311981967645934
1772212557041483,0.2975922728498144,0.9111845880040708,0.11481420850749066
1772212557042495,0.2991262536377,0.9081166264282992,0.07810290681511234
1772212557046759,0.2991262536377,0.9050486648525284,0.08439467511548476
1772212557048746,0.2991262536377,0.9019807032767568,0.08982765708425308
1772212557050885,0.2991262536377,0.8989127417009861,0.09450702169710082
1772212557054228,0.2991262536377,0.8958447801252145,0.09852470709309624
1772212557056233,0.2991262536377,0.8943107993373287,0.10264222204777981
1772212557057237,0.30066023442558565,0.891242837761558,0.06672331086170576
1772212557061646,0.30066023442558565,0.8897088569736713,0.07439042729214491
1772212557063658,0.30066023442558565,0.8881748761857864,0.08108341708073914
1772212557066510,0.30066023442558565,0.8866408953979006,0.08692175786185474
1772212557069066,0.30066023442558565,0.8866408953979006,0.09261424927001538
1772212557071066,0.3021942152134713,0.8851069146100148,0.0582059996337073
1772212557073261,0.3021942152134713,0.8851069146100148,0.06717367224294188
1772212557073261,0.3021942152134713,0.8851069146100148,0.07505951057264844
1772212557073261,0.3021942152134713,0.8835729338221299,0.08145146744119058
1772212557081787,0.303728196001357,0.8835729338221299,0.048773738532926283
1772212557083781,0.303728196001357,0.8835729338221299,0.0587330714479254
1772212557084481,0.3052621767892426,0.8851069146100148,0.029208626693972256
1772212557089258,0.3052621767892426,0.8851069146100148,0.041491256615881544
1772212557091257,0.3052621767892426,0.8866408953979006,0.05280502447223839
1772212557092263,0.3052621767892426,0.8866408953979006,0.062347441921866836
1772212557096696,0.30679615757712825,0.8881748761857864,0.03241854880724537
1772212557098698,0.30679615757712825,0.8897088569736713,0.044851562221640606
1772212557101507,0.30679615757712825,0.891242837761558,-0.21440162314714767
1772212557104386,0.3083301383650139,0.8943107993373287,-0.24472655972867713
1772212557106377,0.3083301383650139,0.8958447801252145,-0.23234629096574883
1772212557107379,0.3083301383650139,0.8989127417009861,-0.22186103683477398
1772212557107379,0.3098641191528995,0.900446722488871,-0.25111989496298703
1772212557113497,0.3098641191528995,0.9035146840646426,-0.2385517113495207
1772212557116843,0.31139809994078516,0.9081166264282992,-0.2667075803003597
1772212557117884,0.31139809994078516,0.9111845880040708,-0.2525265590371713
1772212557121851,0.3129320807286708,0.9157865303677273,-0.27924101091463976
1772212557123843,0.3129320807286708,0.9188544919434989,-0.263827602374482
1772212557124852,0.3144660615165564,0.9234564343071554,-0.2894387660156301
1772212557129349,0.3144660615165564,0.9280583766708128,-0.2733679490217507
1772212557131341,0.31600004230444206,0.9326603190344702,-0.29814015237423186
1772212557134175,0.31600004230444206,0.9372622613981267,-0.2813388272313777
1772212557136298,0.3175340230923277,0.94339818454967,-0.30572088527081054
1772212557139297,0.3190680038802134,0.9480001269133265,-0.3271899774679595
1772212557140297,0.3190680038802134,0.9541360500648688,-0.3077091505279954
1772212557144338,0.320601984668099,0.9602719732164111,-0.3295252568961008
1772212557146328,0.320601984668099,0.9664078963679543,-0.3101702069231704
1772212557147337,0.32213596545598466,0.9725438195194966,-0.33210848739392435
1772212557151229,0.3236699462438703,0.978679742671039,-0.35167822562491624
1772212557153415,0.32520392703175593,0.9863496466104671,-0.36932357867659477
1772212557155415,0.32520392703175593,0.9924855697620103,-0.3461911962269123
1772212557158420,0.32673790781964157,1.0001554737014384,-0.3649530158254408
1772212557161634,0.32673790781964157,1.0078253776408665,-0.3429638235788164
1772212557162632,0.3282718886075272,1.0154952815802947,-0.3626398449317336
1772212557166841,0.32980586939541284,1.0231651855197228,-0.3802764376516926
1772212557169218,0.3313398501832985,1.0323690702470367,-0.3962081722287474
1772212557170218,0.3313398501832985,1.0415729549743507,-0.3717756167807841
1772212557174361,0.3328738309711841,1.0492428589137788,-0.3892920575426674
1772212557176364,0.33440781175906975,1.0584467436410918,-0.4050969333025163
1772212557177365,0.33594179254695544,1.0691846091562915,-0.41941579145983754
1772212557181726,0.3374757733348411,1.0783884938836064,-0.4324072780133376
1772212557183724,0.3374757733348411,1.0875923786109194,-0.40541316666198735
1772212557184724,0.3390097541227267,1.0983302441261191,-0.4207601927203936
1772212557188496,0.34054373491061235,1.1090681096413189,-0.43469905986842805
1772212557191499,0.342077715698498,1.118271994368632,-0.44742736923498855
1772212557192509,0.342077715698498,1.1305438406717174,-0.42015410514526597
1772212557196819,0.3436116964863836,1.1412817061869172,-0.43539908454347376
1772212557199185,0.34514567727426926,1.152019571702116,-0.44927353143841386
1772212557201142,0.34514567727426926,1.1642914180052015,-0.42306502051792605
1772212557203468,0.3466796580621549,1.1750292835204013,-0.4393037854840691
1772212557206464,0.34821363885004053,1.1873011298234868,-0.4539788097823202
1772212557207456,0.34821363885004053,1.1995729761265714,-0.42860325083474216
1772212557211015,0.34974761963792617,1.211844822429656,-0.44551130296584385
1772212557214020,0.3512816004258118,1.2256506495206274,-0.46079527665200926
1772212557216541,0.3512816004258118,1.237922495823712,-0.4361596716238831
1772212557218458,0.3528155812136975,1.2517283229146834,-0.4535829851039569
1772212557221492,0.35434956200158313,1.2655341500056538,-0.46951010680171457
1772212557223523,0.35588354278946877,1.2793399770966243,-0.48412461160772857
1772212557223523,0.35588354278946877,1.2931458041875956,-0.45877914886677096
1772212557223523,0.3574175235773544,1.3084856120664519,-0.4755855118949376
1772212557231874,0.3574175235773544,1.3238254199453081,-0.4522227671892062
1772212557233863,0.3574175235773544,1.3376312470362794,-0.4324769898819845
1772212557234840,0.35895150436524004,1.3529710549151357,-0.4542010545704649
1772212557239374,0.3604854851531257,1.368310862793992,-0.47400555816369877
1772212557241367,0.3604854851531257,1.3836506706728482,-0.45331392089107936
1772212557242367,0.3604854851531257,1.4005244593395902,-0.43541162581963966
1772212557246925,0.3620194659410113,1.4158642672184465,-0.459421507036032
1772212557248914,0.3620194659410113,1.4327380558851885,-0.4421372197666313
1772212557251354,0.3620194659410113,1.4496118445519306,-0.4275872739563513
1772212557254427,0.36355344672889695,1.4664856332186726,-0.4542636531643275
1772212557256432,0.36355344672889695,1.4833594218854147,-0.4397046492187991
1772212557257433,0.36355344672889695,1.5017671913400426,-0.42719556888333354
1772212557260980,0.36355344672889695,1.5201749607946704,-0.41691314652579414
1772212557263988,0.36355344672889695,1.5370487494614125,-0.4090148169649476
1772212557266550,0.36355344672889695,1.5554565189160403,-0.4023483642050062
1772212557268546,0.36355344672889695,1.575398269158553,0.239648393253248
1772212557271580,0.36355344672889695,1.593806038613181,0.25449893697057624
1772212557273467,0.36355344672889695,1.6122138080678088,0.2683754741551775
1772212557273467,0.36355344672889695,1.6321555583103224,0.280906838643526
1772212557273467,0.36355344672889695,1.6520973085528352,0.29277563295989617
1772212557281801,0.3620194659410113,1.6720390587953489,0.3428704465778756
1772212557283788,0.3620194659410113,1.6919808090378625,0.34907920861486236
1772212557284797,0.3620194659410113,1.713456540068261,0.35481316186137607
1772212557288777,0.3604854851531257,1.7349322710986606,0.3995259647837306
1772212557291780,0.35895150436524004,1.7548740213411733,0.44042737240486
1772212557293676,0.3574175235773544,1.7763497523715728,0.47671634851841327
1772212557296675,0.3574175235773544,1.7993594641898571,0.4701340870543176
1772212557297680,0.35588354278946877,1.8208351952202566,0.5046627478435325
1772212557301531,0.35434956200158313,1.8423109262506552,0.5359679542288539
1772212557303586,0.3528155812136975,1.8653206380689396,0.5637333311511958
1772212557305586,0.34974761963792617,1.8883303498872248,0.6278969423209306
1772212557309404,0.34821363885004053,1.9113400617055092,0.6465569044086488
1772212557311397,0.34514567727426926,1.9358837543116794,0.7019161678549711
1772212557312395,0.3436116964863836,1.9588934661299637,0.7136008065250626
1772212557316839,0.34054373491061235,1.983437158736134,0.7627489828948726
1772212557318973,0.3374757733348411,2.007980851342304,0.806960584555474
1772212557319974,0.33440781175906975,2.0325245439484743,0.8468082788578741
1772212557324500,0.3313398501832985,2.0586022173425302,0.881916607429159
1772212557326512,0.3282718886075272,2.0831459099487004,0.9146295187289548
1772212557327513,0.3236699462438703,2.1092235833427564,0.9821807245656984
1772212557331859,0.320601984668099,2.1353012567368124,1.003781101770167
1772212557333742,0.31600004230444206,2.1613789301308683,1.0624393034777717
1772212557334746,0.31139809994078516,2.18899058431281,1.113964692307785
1772212557339495,0.30679615757712825,2.215068257706866,1.1612290899958921
1772212557341506,0.3021942152134713,2.242679911888807,1.202616554135076
1772212557342496,0.2975922728498144,2.270291566070749,1.239862644955859
1772212557346210,0.29145634969827183,2.2994372010405764,1.3111204560550256
1772212557349335,0.28532042654672923,2.327048855222518,1.3758324808918736
1772212557351336,0.2791845033951867,2.356194490192345,1.4324173464508765
1772212557351336,0.27304858024364415,2.3853401251621715,1.4829820098114088
1772212557351336,0.26691265709210155,2.414485760131999,1.5282112354668
1772212557359385,0.25924275315267337,2.4451653758897116,1.606235102480582
1772212557361390,0.25310683000113077,2.475844991647425,1.6368131893747786
1772212557362394,0.2454369260617026,2.5049906266172517,1.7044671408987777
1772212557366873,0.23776702212227438,2.535670242374965,1.7632899686199113
1772212557369067,0.22856313739496054,2.5678838389205634,1.8530398045318899
1772212557370066,0.22089323345553233,2.598563454678276,1.895266363454648
1772212557374439,0.21168934872821848,2.630777051223875,1.9702396956479677
1772212557376429,0.20248546400090464,2.6629906477694734,2.0367156646123052
1772212557377437,0.1932815792735908,2.6952042443150717,2.09565844367735
1772212557381901,0.18407769454627693,2.7289518216485558,2.146322429375628
1772212557384252,0.17333982903107745,2.761165418194154,2.2316360548829777
1772212557385479,0.1641359443037636,2.794912995527638,2.266611614976475
1772212557389535,0.15339807878856412,2.8286605728611223,2.3363670774858165
1772212557391535,0.14266021327336462,2.8624081501946064,2.397960696122248
1772212557392535,0.13192234775816514,2.8961557275280905,2.452308709375834
1772212557396939,0.11965050145508001,2.9299033048615746,2.5390260359849575
1772212557398949,0.10891263593988053,2.9651848629829445,2.5748007696556234
1772212557400925,0.09817477042468103,2.9989324403164286,2.6080541483486455
1772212557403630,0.0859029241215959,3.0342139984377985,2.674109297957251
1772212557406708,0.07363107781851078,3.0694955565591684,2.7321046876916792
1772212557407708,0.06289321230331128,3.1032431338926525,2.7461101957014917
1772212557412028,0.05062136600022616,3.1385246920140215,2.7949412009155497
1772212557414513,0.039883500485026674,-3.11091303783208,6.152268523158178
1772212557416541,0.02761165418194154,-3.0756314797107107,6.196690341384716
1772212557419157,0.01687378866674205,-3.0418839023772266,6.197078154099081
1772212557421156,0.006135923151542565,-3.0066023442558567,6.197420341788227
1772212557423157,-0.006135923151542565,-2.9728547669223726,6.236530181352405
1772212557427058,-0.019941750242513337,-2.9391071895888885,6.309846772571025
1772212557429059,-0.032213596545598466,-2.9038256314675186,6.33572997321958
1772212557430201,-0.04295146206079795,-2.868544073346149,6.319760182188667
1772212557434033,-0.05522330836388308,-2.8332625152247792,6.344477099352795
1772212557437045,-0.06596117387908257,-2.799514937891295,6.32747823465915
1772212557438037,-0.0782330201821677,-2.7642333797699252,6.35128714565028
1772212557442046,-0.09050486648525283,-2.730485802436441,5.63416430131884
1772212557444033,-0.10124273200045232,-2.696738225102957,4.592150261697597
1772212557445033,-0.1119805975156518,-2.662990647769473,3.8057424739314367
1772212557449429,-0.1227184630308513,-2.6307770512238746,3.221032738784387
1772212557451009,-0.13345632854605077,-2.5970294738903905,2.7799841609808884
1772212557453278,-0.14266021327336462,-2.5632818965569064,2.4155838493920605
1772212557457053,-0.1518640980006785,-2.5310683000113077,2.1467489084848372
1772212557459054,-0.16106798272799233,-2.500388684253595,1.9496575381877816
1772212557460044,-0.17027186745530618,-2.4697090684958822,1.8043779552850934
1772212557464567,-0.17947575218262002,-2.4390294527381693,1.6987320761453786
1772212557466574,-0.18714565612204823,-2.408349836980457,1.5845183431181695
1772212557468031,-0.19481556006147643,-2.377670221222744,1.4978739195491242
1772212557472156,-0.20248546400090464,-2.3485245862529167,1.432869462451623
1772212557474154,-0.2086213871524472,-2.3178449704952038,1.3452721107185215
1772212557475146,-0.2162912910918754,-2.2886993355253766,1.3137933285442247
1772212557479516,-0.22242721424341796,-2.2595537005555495,2.4384314816745363
1772212557481516,-0.23009711818284617,-2.2304080655857224,2.40271631676633
1772212557484193,-0.23623304133438874,-2.2027964114037806,2.3295104998366263
1772212557486565,-0.24236896448593132,-2.1736507764339534,2.26089209905816
1772212557489576,-0.24697090684958822,-2.146039122252012,2.1599350109433755
1772212557490575,-0.25310683000113077,-2.1184274680700703,2.1074520620983366
1772212557494552,-0.25770877236478773,-2.090815813888129,2.0203525198646375
1772212557496549,-0.26231071472844464,-2.064738140494073,1.9432212814047838
1772212557497552,-0.26691265709210155,-2.038660467100017,1.8736902952357415
1772212557501359,-0.2715145994557585,-2.0125827937059615,1.8109422430393256
1772212557504646,-0.2761165418194154,-1.9880391010997909,1.7559403493383507
1772212557505642,-0.2807184841830723,-1.9634954084936207,1.7062583753802145
1772212557508729,-0.2837864457588436,-1.9374177350995647,1.6207057139224532
1772212557511730,-0.2868544073346149,-1.9128740424933945,1.5457871946970645
1772212557512730,-0.29145634969827183,-1.8883303498872244,1.5173874538289773
1772212557517074,-0.2945243112740431,-1.8653206380689396,1.4542790491675128
1772212557519528,-0.2975922728498144,-1.8407769454627694,1.395731587736363
1772212557520528,-0.3021942152134713,-1.8162332528565992,1.3817894728035829
1772212557524626,-0.3052621767892426,-1.7932235410383146,1.3314954009754087
1772212557526626,-0.3083301383650139,-1.77021382922003,1.286119074548344
1772212557527627,-0.31139809994078516,-1.7472041174017452,1.2450814629219373
1772212557532091,-0.3129320807286708,-1.7257283863713464,1.1709705595005686
1772212557534493,-0.31600004230444206,-1.7027186745530618,1.1415499330486354
1772212557536271,-0.3190680038802134,-1.6812429435226628,1.1164968108695592
1772212557539630,-0.320601984668099,-1.6597672124922638,1.0546494920072236
1772212557541629,-0.3236699462438703,-1.6382914814618648,1.0379549911369084
1772212557542629,-0.32520392703175593,-1.6183497312193513,0.9853664286838688
1772212557547168,-0.3282718886075272,-1.5968740001889525,0.9750308202891829
1772212557549168,-0.32980586939541284,-1.576932249946439,0.9280429144220075
1772212557551169,-0.3328738309711841,-1.55545651891604,0.36301837332770515
1772212557554042,-0.33440781175906975,-1.5355147686735269,0.3319882532127013
1772212557557043,-0.33594179254695544,-1.517106999218899,0.3036406434397394
1772212557558042,-0.3374757733348411,-1.4971652489763858,0.28124837060175706
1772212557562097,-0.3390097541227267,-1.4787574795217582,0.26053699125842034
1772212557564097,-0.34054373491061235,-1.4588157292792447,0.24484032107557657
1772212557566521,-0.342077715698498,-1.4404079598246171,0.23004823846827696
1772212557569492,-0.3436116964863836,-1.4220001903699893,0.21777877193022835
1772212557571491,-0.34514567727426926,-1.4051264017032472,0.20599098329862894
1772212557573491,-0.34514567727426926,-1.3867186322486196,0.1592308251595181
1772212557577203,-0.3466796580621549,-1.368310862793992,0.15753798444705175
1772212557579203,-0.34821363885004053,-1.35143707412725,0.15510125681755269
1772212557580209,-0.34974761963792617,-1.3345632854605078,0.15365828627204145
1772212557584615,-0.34974761963792617,-1.3176894967937658,0.11427439476513229
1772212557586861,-0.3512816004258118,-1.3008157081270237,0.11902020981183628
1772212557587854,-0.3528155812136975,-1.2854759002481673,0.12226627079388999
1772212557591296,-0.3528155812136975,-1.2686021115814252,0.0885648999521666
1772212557594306,-0.35434956200158313,-1.2532623037025687,0.09671082339782941
1772212557595301,-0.35434956200158313,-1.2379224958237125,0.06571316731840479
1772212557599677,-0.35588354278946877,-1.222582687944856,0.07778287304071552
1772212557601451,-0.35588354278946877,-1.2072428800659996,0.050228475543751705
1772212557602760,-0.3574175235773544,-1.193437052975029,0.0638054164391576
1772212557607214,-0.3574175235773544,-1.1780972450961724,0.03902973391934067
1772212557609216,-0.3574175235773544,-1.1642914180052018,0.016267787632598174
1772212557610222,-0.35895150436524004,-1.1489516101263453,0.03699490408147446
1772212557614680,-0.35895150436524004,-1.1351457830353744,0.015588992654283096
1772212557616670,-0.35895150436524004,-1.1213399559444035,-0.0027730642609310463
1772212557617671,-0.35895150436524004,-1.1090681096413184,-0.019868463112749313
1772212557622181,-0.3604854851531257,-1.095262282550348,0.005729214818720102
1772212557624184,-0.3604854851531257,-1.0829904362472629,-0.01136697642319942
1772212557625180,-0.3604854851531257,-1.0707185899441773,-0.02598501478441656
1772212557629679,-0.3604854851531257,-1.056912762853207,-0.037088905684634826
1772212557631679,-0.3620194659410113,-1.0446409165501218,-0.008925789515039584
1772212557634192,-0.3620194659410113,-1.033903051034922,-0.023744037237785287
1772212557637246,-0.3620194659410113,-1.021631204731837,-0.03512302537908035
1772212557639245,-0.3620194659410113,-1.009359358428752,-0.04473555659380714
1772212557640236,-0.3620194659410113,-0.9986214929135526,-0.05405088291899085
1772212557643866,-0.36355344672889695,-0.9878836273983529,-0.023071753996488475
1772212557646356,-0.36355344672889695,-0.9771457618831536,-0.03416340197869293
1772212557647703,-0.36355344672889695,-0.9664078963679539,-0.04357605085922059
1772212557651235,-0.36355344672889695,-0.9556700308527546,-0.05151389962609125
1772212557654673,-0.36355344672889695,-0.9464661461254407,-0.05932033586251874
1772212557656293,-0.36355344672889695,-0.9357282806102409,-0.06473070611856194
1772212557656293,-0.36355344672889695,-0.9265243958829275,-0.07028693177696399
1772212557656293,-0.36355344672889695,-0.9157865303677277,-0.07375528339715674
1772212557664770,-0.3650874275167826,-0.9065826456404138,-0.038772742479483396
1772212557666765,-0.3650874275167826,-0.8973787609130999,-0.04640514408803155
1772212557667765,-0.3650874275167826,-0.8881748761857864,-0.05283724782466473
1772212557671741,-0.3650874275167826,-0.8789709914584725,-0.05821565315009389
1772212557674744,-0.3650874275167826,-0.8713010875190443,-0.06370842072283178
1772212557676241,-0.3650874275167826,-0.8636311835796158,-0.06828716143532695
1772212557676241,-0.3650874275167826,-0.8544272988523023,-0.07106693283848592
1772212557676241,-0.3666214083046682,-0.8467573949128737,-0.03542612244986311
1772212557684705,-0.3666214083046682,-0.8390874909734456,-0.0425371831355454
1772212557686953,-0.3666214083046682,-0.8314175870340175,-0.04856812325021863
1772212557687954,-0.3666214083046682,-0.8237476830945893,-0.05365074553787711
1772212557692210,-0.3666214083046682,-0.8176117599430466,-0.058828465642927145
1772212557694211,-0.36815538909255385,-0.8114758367915043,-0.024376557181856925
1772212557695210,-0.36815538909255385,-0.8038059328520761,-0.03169088541710209
1772212557699739,-0.36815538909255385,-0.7976700097005334,-0.038804213366799026
1772212557701376,-0.36815538909255385,-0.791534086548991,-0.04488506224855813
1772212557704625,-0.36968936988043954,-0.7853981633974483,-0.011251946563239523
1772212557706732,-0.36968936988043954,-0.7807962210337913,-0.021027691990488928
1772212557708948,-0.36968936988043954,-0.774660297882249,-0.028675884802047677
1772212557711418,-0.36968936988043954,-0.7685243747307062,-0.03524556026244822
1772212557714219,-0.3712233506683252,-0.7639224323670493,-0.002850386934098781
1772212557716802,-0.3712233506683252,-0.7577865092155069,-0.012146036410733502
1772212557717797,-0.3712233506683252,-0.75318456685185,-0.020945714586988004
1772212557721519,-0.3727573314562108,-0.748582624488193,0.010242831425207627
1772212557724534,-0.3727573314562108,-0.743980682124536,-0.0009049205194206766
1772212557726015,-0.3727573314562108,-0.7393787397608791,-0.010603749522744538
1772212557729051,-0.3727573314562108,-0.7363107781851079,-0.019736371546985557
1772212557731992,-0.37429131224409645,-0.731708835821451,0.011819189632182592
1772212557734493,-0.37429131224409645,-0.7286408742456794,0.0003001853981952074
1772212557736903,-0.3758252930319821,-0.7240389318820228,0.029717502803678145
1772212557738395,-0.3758252930319821,-0.7209709703062512,0.016329583315949234
1772212557740889,-0.3773592738198677,-0.7179030087304801,0.0434239802420051
1772212557743859,-0.3773592738198677,-0.7163690279425943,0.027992418657811657
1772212557746167,-0.37889325460775336,-0.7133010663668231,0.05386940095160496
1772212557749877,-0.37889325460775336,-0.710233104791052,0.03798286979378049
1772212557751977,-0.380427235395639,-0.7086991240031661,0.06227078897628251
1772212557753981,-0.380427235395639,-0.705631162427395,0.04553230939309699
1772212557756465,-0.38196121618352463,-0.7040971816395092,0.06908662153497666
1772212557758811,-0.38196121618352463,-0.7025632008516238,0.051120532919134654
1772212557762004,-0.38349519697141027,-0.701029220063738,0.07413081593634128
1772212557764085,-0.38349519697141027,-0.6994952392758522,0.05567792742508122
1772212557766547,-0.38502917775929596,-0.6979612584879669,0.0782533725738732
1772212557769290,-0.38502917775929596,-0.6964272777000811,0.05941263607410058
1772212557771953,-0.3865631585471816,-0.6964272777000811,0.08114681665008164
1772212557774343,-0.38809713933506723,-0.6948932969121953,0.1008284176033747
1772212557776741,-0.38809713933506723,-0.6948932969121953,0.07895469656417536
1772212557779386,-0.38963112012295287,-0.6948932969121953,0.0984798346642058
1772212557780390,-0.3911651009108385,-0.6948932969121953,0.11572157749372733
1772212557784643,-0.3911651009108385,-0.6948932969121953,0.09213762110352057
1772212557786076,-0.39269908169872414,-0.6948932969121953,0.11014444887367404
1772212557788707,-0.39269908169872414,-0.6948932969121953,0.08723137262554072
1772212557791558,-0.3942330624866098,-0.6948932969121953,0.10582688761016168
1772212557793909,-0.3957670432744954,-0.6964272777000811,0.12183987707111107
1772212557796425,-0.39730102406238105,-0.6979612584879669,0.13594882926856328
1772212557799739,-0.3988350048502667,-0.6979612584879669,0.14874431178788544
1772212557801520,-0.3988350048502667,-0.6994952392758522,0.12085761180780517
1772212557803993,-0.4003689856381523,-0.701029220063738,0.3067374738508825
1772212557806694,-0.401902966426038,-0.7040971816395092,0.3202473920409633
1772212557809072,-0.40343694721392365,-0.705631162427395,0.3318997316769725
1772212557810559,-0.4049709280018093,-0.7071651432152808,0.3422197814110091
1772212557814181,-0.4049709280018093,-0.710233104791052,0.3128677213942107
1772212557817446,-0.4065049087896949,-0.7117670855789373,0.3255462243966862
1772212557817918,-0.40803888957758055,-0.7148350471547089,0.3370691768211053
1772212557821665,-0.4095728703654662,-0.7179030087304801,0.34730900426138844
1772212557824237,-0.4111068511533518,-0.7209709703062512,0.35642045865592364
1772212557825459,-0.41264083194123746,-0.7240389318820228,0.36453931005536594
1772212557828963,-0.4141748127291231,-0.727106893457794,0.3717847513968402
1772212557831482,-0.41570879351700873,-0.731708835821451,0.37850153869550424
1772212557834180,-0.4172427743048944,-0.7347767973972221,0.38431292777868337
1772212557836653,-0.41877675509278006,-0.7393787397608791,0.38975059987585214
1772212557839072,-0.4203107358806657,-0.7424467013366502,0.39445735327933484
1772212557840395,-0.42184471666855133,-0.7470486437003072,0.3989093715791008
1772212557844878,-0.42337869745643697,-0.7516505860639642,0.4029625514627452
1772212557846884,-0.4249126782443226,-0.7577865092155069,0.40684746302411884
1772212557849865,-0.42644665903220824,-0.7623884515791635,0.4102663429122473
1772212557852169,-0.4279806398200939,-0.7669903939428204,0.41341908928800203
1772212557854741,-0.4295146206079795,-0.7731263170943632,0.41649276689647247
1772212557856976,-0.43104860139586515,-0.7792622402459055,0.41937479702128266
1772212557858509,-0.4341165629716365,-0.7853981633974483,0.4609016577305924
1772212557860289,-0.4356505437595221,-0.791534086548991,0.4589160028957726
1772212557864267,-0.43718452454740775,-0.7976700097005334,0.457348926975704
1772212557866767,-0.4387185053352934,-0.8038059328520761,0.45615458201869774
1772212557868492,-0.440252486123179,-0.8099418560036185,0.45529199134908566
1772212557871717,-0.4433204476989503,-0.8176117599430466,0.49361855855748904
1772212557874659,-0.44485442848683593,-0.8237476830945893,0.4887831373752743
1772212557876103,-0.44638840927472156,-0.8314175870340175,0.48478678463513003
1772212557879404,-0.4479223900626072,-0.8390874909734456,0.48149840715672965
1772212557882223,-0.45099035163837853,-0.8467573949128737,0.5176481291940921
1772212557884968,-0.45252433242626416,-0.8544272988523023,0.5109849755671323
1772212557887447,-0.4540583132141498,-0.8636311835796158,0.5053848169831077
1772212557889578,-0.45559229400203544,-0.8713010875190443,0.5007174458506871
1772212557891682,-0.4586602555778067,-0.8789709914584725,0.5356670588921056
1772212557894418,-0.46019423636569234,-0.8881748761857864,0.527966219869054
1772212557896439,-0.461728217153578,-0.8973787609130999,0.5214745779955449
1772212557899873,-0.46479617872934925,-0.9065826456404138,0.554864285310116
1772212557901283,-0.4663301595172349,-0.9157865303677277,0.5458330904751327
1772212557904353,-0.4678641403051206,-0.9265243958829275,0.5381458294332312
1772212557907462,-0.47093210188089185,-0.9357282806102409,0.5705816568225073
1772212557908466,-0.4724660826687775,-0.9464661461254407,0.5606664809040891
1772212557912410,-0.4740000634566631,-0.9556700308527546,0.5523582523951392
1772212557914846,-0.4770680250324344,-0.9664078963679539,0.5841022058915092
1772212557917566,-0.47860200582032003,-0.9771457618831536,0.5736866967193056
1772212557919260,-0.48013598660820567,-0.9878836273983529,0.564885699673038
1772212557922260,-0.483203948183977,-1.000155473701438,0.5962180495351591
1772212557923500,-0.48473792897186263,-1.0108933392166377,0.5856107097917352
1772212557926800,-0.48627190975974827,-1.0231651855197228,0.5765334299469729
1772212557929099,-0.48933987133551954,-1.033903051034922,0.607917318234417
1772212557931099,-0.4908738521234052,-1.0461748973380072,0.5970776562393323
1772212557934883,-0.4924078329112908,-1.0584467436410923,0.5879754579874235
1772212557936346,-0.49394181369917645,-1.0707185899441773,0.5804127611307067
1772212557938968,-0.4970097752749477,-1.0845244170351482,0.612850356118037
1772212557938968,-0.49854375606283335,-1.0967962633382333,0.603367988253559
1772212557938968,-0.500077736850719,-1.1106020904292042,0.5952959486212952
1772212557947453,-0.5016117176386047,-1.1228739367322893,0.5889093524324941
1772212557949453,-0.5031456984264903,-1.1366797638232602,0.5835630991986193
1772212557951060,-0.504679679214376,-1.1504855909142309,0.579390749143941
1772212557954119,-0.5077476407901472,-1.1658253987930873,0.6148353839421987
1772212557957119,-0.5092816215780329,-1.179631225884058,0.6081466828755311
1772212557959001,-0.5108156023659185,-1.1949710337629145,0.6025536768477759
1772212557959001,-0.5123495831538042,-1.2087768608538851,0.5984987394144947
1772212557959001,-0.5138835639416898,-1.2241166687327416,0.5952219825544871
1772212557967480,-0.5154175447295755,-1.239456476611598,0.5929547373349855
1772212557970026,-0.516951525517461,-1.2547962844904545,0.5915847256210609
1772212557971225,-0.5184855063053467,-1.2701360923693108,0.5910117722926533
1772212557974323,-0.5200194870932323,-1.2870098810360528,0.5908288730086159
1772212557977323,-0.521553467881118,-1.303883669702795,0.5913543860668455
1772212557978323,-0.5230874486690036,-1.3192234775816514,0.5928605496592105
1772212557982484,-0.5230874486690036,-1.3360972662483934,0.555684924200772
1772212557984858,-0.5246214294568893,-1.354505035703021,0.562025035655247
1772212557985925,-0.526155410244775,-1.371378824369763,0.5687570188868997
1772212557989069,-0.5276893910326605,-1.3882526130365052,0.5754138986106374
1772212557992068,-0.5276893910326605,-1.406660382491133,0.5427943285485723
1772212557993068,-0.5292233718205462,-1.4250681519457606,0.5535866969268528
1772212557997592,-0.5307573526084318,-1.4419419406125027,0.5643158057548776
1772212558000093,-0.5322913333963175,-1.4618836908550161,0.5736255876869257
1772212558001024,-0.5322913333963175,-1.4802914603096438,0.5443127133411698
1772212558004100,-0.5338253141842031,-1.4986992297642714,0.5580396635003841
1772212558007100,-0.5338253141842031,-1.5186409800067848,0.5316428644248624
1772212558008100,-0.5338253141842031,-1.538582730249298,0.5091792829282974
1772212558012583,-0.5353592949720888,-1.5585244804918115,0.5289987177092317
1772212558014583,-0.5353592949720888,-1.5784662307343247,-0.11306344317408848
1772212558017525,-0.5353592949720888,-1.5984079809768381,-0.14234846793198117
1772212558019445,-0.5353592949720888,-1.6198837120072371,-0.16845979784482354
1772212558022444,-0.5353592949720888,-1.6413594430376361,-0.1923724792498616
1772212558023444,-0.5353592949720888,-1.6613011932801494,-0.21495051855648528
1772212558027504,-0.5353592949720888,-1.6827769243105484,-0.2350972057012639
1772212558029503,-0.5353592949720888,-1.705786636128833,-0.253113117663951
1772212558030505,-0.5353592949720888,-1.727262367159232,-0.2705699814306446
1772212558034321,-0.5338253141842031,-1.7502720789775166,-0.3249823687442122
1772212558037387,-0.5338253141842031,-1.7717478100079156,-0.3357783552375299
1772212558038390,-0.5322913333963175,-1.7947575218262002,-0.38427498249451836
1772212558042060,-0.5322913333963175,-1.8177672336444848,-0.38915303867175094
1772212558045073,-0.5307573526084318,-1.842310926250655,-0.4324094574046565
1772212558046074,-0.5292233718205462,-1.8653206380689396,-0.4722575675974083
1772212558049179,-0.5276893910326605,-1.88986433067511,-0.5075119776108993
1772212558051061,-0.526155410244775,-1.9144080232812801,-0.5395181392268392
1772212558053273,-0.5246214294568893,-1.9389517158874505,-0.5686519968580522
1772212558057285,-0.5230874486690036,-1.9634954084936207,-0.5952431760293253
1772212558061294,-0.5200194870932323,-1.9895730818876767,-0.657513408427583
1772212558063299,-0.5184855063053467,-2.015650755281732,-0.674531905445274
1772212558065303,-0.5154175447295755,-2.040194447887903,-0.7301556665122495
1772212558067585,-0.5123495831538042,-2.0662721212819584,-0.7791345149940128
1772212558069573,-0.5092816215780329,-2.0938837754639,-0.8222257986049943
1772212558072091,-0.5077476407901472,-2.119961448857956,-0.8232821907221084
1772212558074195,-0.5031456984264903,-2.147573103039898,-0.901626372064462
1772212558077203,-0.500077736850719,-2.1751847572218392,-0.9327566840764101
1772212558079339,-0.4954757944870621,-2.2027964114037806,-0.9998272382846369
1772212558082327,-0.4924078329112908,-2.2304080655857224,-1.0209753133252821
1772212558084458,-0.4878058905476339,-2.2595537005555495,-1.0780665832141016
1772212558086720,-0.483203948183977,-2.2886993355253766,-1.1291741125621004
1772212558089720,-0.47860200582032003,-2.3178449704952038,-1.1749816035756053
1772212558092648,-0.4724660826687775,-2.346990605465031,-1.254897462280447
1772212558094648,-0.4678641403051206,-2.376136240434858,-1.2872678129338875
1772212558095648,-0.461728217153578,-2.406815856192571,-1.35399224879625
1772212558100094,-0.45559229400203544,-2.437495471950284,-1.413463879997639
1772212558101966,-0.44945637085049284,-2.468175087707997,-1.4665086772874134
1772212558104002,-0.4433204476989503,-2.4988547034657094,-1.5138527821618335
1772212558107603,-0.4356505437595221,-2.5310683000113077,-1.5935255953133391
1772212558109603,-0.4295146206079795,-2.5632818965569064,-1.625467025420104
1772212558110604,-0.42184471666855133,-2.5954954931025047,-1.6928759461976268
1772212558115125,-0.4141748127291231,-2.6277090896481035,-1.752736558185803
1772212558117125,-0.4049709280018093,-2.6614566669815876,-1.8431432977480167
1772212558118125,-0.39730102406238105,-2.693670263527186,-1.8859783273831359
1772212558121757,-0.38809713933506723,-2.72741784086067,-1.9612159526023798
1772212558124757,-0.37889325460775336,-2.761165418194154,-2.0277902297135353
1772212558125757,-0.36968936988043954,-2.796446976315524,-2.084965306976889
1772212558130171,-0.3604854851531257,-2.830194553649008,-2.1372209894010394
1772212558132166,-0.34974761963792617,-2.8654761117703775,-2.2204080899179877
1772212558135024,-0.34054373491061235,-2.9007576698917474,-2.2549624014684566
1772212558136731,-0.32980586939541284,-2.9360392280131173,-2.3241748228780255
1772212558139875,-0.3190680038802134,-2.971320786134487,-2.3851117149674863
1772212558140878,-0.3083301383650139,-3.0066023442558567,-2.4386969831891028
1772212558145153,-0.2975922728498144,-3.0418839023772266,-2.4857448615404785
1772212558147152,-0.2868544073346149,-3.078699441286482,-2.5249695834401744
1772212558149892,-0.2761165418194154,-3.113980999407852,-2.561223705555159
1772212558151794,-0.2638446955163303,3.132388768862479,-5.992435861628961
1772212558154817,-0.25310683000113077,3.0971072107411093,-6.016853613138121
1772212558156817,-0.24236896448593132,3.0602916718318545,-6.038398687999144
1772212558159174,-0.2316310989707318,3.0250101137104846,-6.057409048170635
1772212558161469,-0.22089323345553233,2.9897285555891147,-6.074182895380775
1772212558163907,-0.2086213871524472,2.952913016679859,-6.127791258051713
1772212558167583,-0.19481556006147643,2.916097477770604,-6.213900663776298
1772212558170168,-0.18407769454627693,2.8792819388613484,-6.212263732679888
1772212558171168,-0.1718058482431918,2.8424663999520927,-6.249627290962695
1772212558174381,-0.16106798272799233,2.8071848418307237,-6.243787227256122
1772212558177384,-0.1487961364249072,2.770369302921468,-6.277442139118195
1772212558178384,-0.13652429012182207,2.7335537640122123,-5.487524378921932
1772212558181887,-0.12578642460662257,2.6982722058908433,-4.465479242956464
1772212558185131,-0.11504855909142309,2.6629906477694734,-3.6966400462978646
1772212558186186,-0.10277671278833796,2.6277090896481035,-3.1608492629977354
1772212558189238,-0.09357282806102411,2.5924275315267336,-2.691558166322445
1772212558192265,-0.08436894333371027,2.5571459734053636,-2.3408875886170217
1772212558193263,-0.07363107781851078,2.5233983960718795,-2.122764812481586
1772212558197706,-0.06442719309119693,2.4896508187383954,-1.9292309662297198
1772212558200128,-0.05522330836388308,2.4559032414049113,-1.7881310639120311
1772212558201129,-0.047553404424454875,2.423689644859313,-1.6493837397423001
1772212558204325,-0.039883500485026674,2.389942067525829,-1.5438662710621047
1772212558207326,-0.030679615757712823,2.3577284709802306,-1.504727975150725
1772212558208327,-0.02454369260617026,2.327048855222518,-1.4037709799116782
1772212558212740,-0.01687378866674205,2.294835258676919,-1.3621130952996814
1772212558214744,-0.010737865515199488,2.2641556429192065,-2.483657850734
1772212558217528,-0.0046019423636569235,2.233476027161494,-2.404866284923873
1772212558220065,0.0015339807878856412,2.2027964114037806,-2.330748885322227
1772212558222064,0.007669903939428206,2.172116795646068,-2.261484521565036
1772212558224478,0.01380582709097077,2.1429711606762405,-2.1982900693232557
1772212558227481,0.018407769454627694,2.112291544918528,-2.0998120167293273
1772212558228470,0.02454369260617026,2.084679890736586,-2.052107667752676
1772212558232698,0.02761165418194154,2.0555342557667586,-1.9290554521364902
1772212558234564,0.032213596545598466,2.026388620796932,-1.8574084570828338
1772212558235863,0.03681553890925539,1.9987769666149902,-1.7941581453432354
1772212558239333,0.04141748127291231,1.9711653124330493,-1.7368877850121043
1772212558242337,0.044485442848683596,1.9435536582511075,-1.6461415159485193
1772212558243338,0.047553404424454875,1.9159420040691657,-1.5647083174182297
1772212558247691,0.05062136600022616,1.8898643306751097,-1.4934287725500592
1772212558249813,0.05522330836388308,1.8637866572810537,-1.4681614955489157
1772212558251201,0.05829126993965436,1.8377089838869978,-1.4058858180208447
1772212558254343,0.06135923151542565,1.8116313104929418,-1.3497701983705799
1772212558257342,0.06442719309119693,1.7870876178867725,-1.3010791890596123
1772212558258342,0.0674951546669682,1.7610099444927165,-1.255056005198849
1772212558262212,0.06902913545485385,1.7364662518865455,-1.1764911928274808
1772212558265215,0.07209709703062514,1.7119225592803753,-1.144909002750345
1772212558267521,0.07363107781851078,1.6873788666742051,-1.0771674158126947
1772212558270147,0.07516505860639641,1.662835174068035,-1.0163301738159007
1772212558272146,0.0782330201821677,1.6398254622497506,-1.002404837615699
1772212558274141,0.07976700097005335,1.6152817696435804,-0.9483084030026644
1772212558277707,0.08130098175793898,1.592272057825296,-0.901524261214553
1772212558279708,0.08283496254582462,1.5707963267948966,-0.8612388385584078
1772212558280708,0.08436894333371027,1.5477866149766122,-0.29912164108435363
1772212558284665,0.0859029241215959,1.5247769031583278,-0.27966405562006463
1772212558286905,0.08743690490948154,1.5033011721279284,-0.26151039054361547
1772212558288892,0.08743690490948154,1.481825441097529,-0.20760621531431306
1772212558292752,0.08897088569736719,1.4603497100671303,-0.19976455877780866
1772212558294751,0.09050486648525283,1.4388739790367318,-0.19375009070865828
1772212558295819,0.09050486648525283,1.4173982480063323,-0.15053188343968102
1772212558300185,0.09203884727313846,1.3959225169759337,-0.1520947137899305
1772212558302833,0.09203884727313846,1.37598076673342,-0.11366572705477518
1772212558304837,0.09203884727313846,1.3560390164909073,-0.08059159370714869
1772212558307854,0.09203884727313846,1.3360972662483936,-0.052230784324813956
1772212558310087,0.09203884727313846,1.31615551600588,-0.028018128917609686
1772212558312090,0.09203884727313846,1.2962137657633672,-0.007455569223694447
1772212558315327,0.09357282806102411,1.2778059963087394,-0.027117698825174896
1772212558317328,0.09357282806102411,1.2593982268541115,-0.006409822895726558
1772212558318224,0.09357282806102411,1.2394564766115979,0.009370016582431279
1772212558322827,0.09357282806102411,1.221048707156971,0.024276281769625596
1772212558324827,0.09357282806102411,1.202640937702343,0.03671208215165486
1772212558325827,0.09203884727313846,1.1857671490356,0.08748972347567424
1772212558330250,0.09203884727313846,1.1673593795809731,0.09113562670292995
1772212558332250,0.09203884727313846,1.150485590914231,0.09533532624449766
1772212558334774,0.09203884727313846,1.133611802247489,0.09839515481934014
1772212558336870,0.09203884727313846,1.116738013580747,0.10046186878073149
1772212558339870,0.09050486648525283,1.099864224914005,0.1404716902806397
1772212558342798,0.09050486648525283,1.0829904362472629,0.1363555012286957
1772212558345348,0.09050486648525283,1.0661166475805208,0.13212245233878453
1772212558347349,0.08897088569736719,1.0507768397016637,0.16815946289605185
1772212558348348,0.08897088569736719,1.0339030510349225,0.15905632067164516
1772212558352670,0.08743690490948154,1.0185632431560663,0.19078253693914465
1772212558354668,0.08743690490948154,1.0032234352772091,0.1794314811946867
1772212558356669,0.08743690490948154,0.9878836273983529,0.16889007542544315
1772212558360287,0.0859029241215959,0.9740778003073824,0.1993411025493108
1772212558362287,0.0859029241215959,0.9587379924285262,0.18547663862373953
1772212558363287,0.08436894333371027,0.9449321653375549,0.21297842243534792
1772212558367679,0.08436894333371027,0.9295923574586986,0.19656827138016214
1772212558369847,0.08283496254582462,0.9157865303677273,0.221809471897423
1772212558370846,0.08283496254582462,0.9035146840646426,0.20618947674449467
1772212558375391,0.08283496254582462,0.8897088569736713,0.19064321114107174
1772212558377395,0.08130098175793898,0.8759030298827017,0.21530748561419644
1772212558378397,0.08130098175793898,0.8636311835796153,0.19915282827534073
1772212558382779,0.07976700097005335,0.8498253564886453,0.2220252972799031
1772212558384377,0.07976700097005335,0.8375535101855602,0.20427290204760978
1772212558386661,0.07976700097005335,0.8252816638824751,0.18823350727594707
1772212558389615,0.0782330201821677,0.8130098175793896,0.21252284119919862
1772212558392616,0.0782330201821677,0.8007379712763045,0.19478892301963247
1772212558394615,0.07669903939428206,0.7900001057611052,0.21879868904714173
1772212558397742,0.07669903939428206,0.7777282594580202,0.1996678184446756
1772212558399742,0.07516505860639641,0.7669903939428204,0.2224257044130968
1772212558400742,0.07516505860639641,0.7547185476397353,0.20223927912497142
1772212558405366,0.07516505860639641,0.743980682124536,0.18524139055025363
1772212558407366,0.07363107781851078,0.7332428166093363,0.2087526969496118
1772212558408366,0.07363107781851078,0.722504951094137,0.19039925597530372
1772212558412810,0.07363107781851078,0.7133010663668231,0.17499955952214624
1772212558414812,0.07209709703062514,0.7025632008516238,0.1988942896119297
1772212558417523,0.07209709703062514,0.6933593161243099,0.18194376768744536
1772212558420079,0.07209709703062514,0.6826214506091102,0.16570947714724749
1772212558422083,0.07209709703062514,0.6734175658817967,0.15214095351599424
1772212558424083,0.07209709703062514,0.6642136811544828,0.13992894237597647
1772212558427829,0.07209709703062514,0.6550097964271688,0.12892067921056305
1772212558429829,0.07056311624273949,0.6473398924877407,0.15874727003148537
1772212558430829,0.07056311624273949,0.6381360077604268,0.14510442851787694
1772212558435067,0.07056311624273949,0.6304661038209987,0.13377677165976257
1772212558437316,0.07056311624273949,0.6212622190936847,0.1226741618298076
1772212558438206,0.07056311624273949,0.6135923151542566,0.11356893437477908
1772212558438206,0.07056311624273949,0.6059224112148285,0.10534530870726502
1772212558438206,0.07056311624273949,0.5982525072753999,0.09790557158350222
1772212558447879,0.07056311624273949,0.5905826033359718,0.0911626613694464
1772212558449879,0.07056311624273949,0.5844466801844295,0.08586863124984068
1772212558450880,0.07056311624273949,0.5767767762450009,0.08022395483929387
1772212558455357,0.07056311624273949,0.5706408530934586,0.07587754389652347
1772212558457357,0.07209709703062514,0.5629709491540305,0.03230036626860693
1772212558458247,0.07209709703062514,0.5568350260024877,0.03327340734212355
1772212558458247,0.07209709703062514,0.5506991028509454,0.033988580720767436
1772212558458247,0.07209709703062514,0.5445631796994026,0.03448113495861566
1772212558467888,0.07209709703062514,0.5384272565478598,0.03478140094058306
1772212558470215,0.07209709703062514,0.5322913333963175,0.03491554212231501
1772212558471214,0.07209709703062514,0.5261554102447747,0.03490617847315267
1772212558475391,0.07363107781851078,0.5215534678811178,-0.0033448734589664256
1772212558477483,0.07363107781851078,0.5154175447295755,0.0009243222295118522
1772212558478486,0.07363107781851078,0.5108156023659185,0.005236844431268227
1772212558481800,0.07363107781851078,0.5046796792143757,0.00828522273615765
1772212558484738,0.07516505860639641,0.5000777368507192,-0.027304117954240953
1772212558485815,0.07516505860639641,0.49547579448706225,-0.01999928342481838
1772212558489583,0.07516505860639641,0.49240783291129064,-0.013042224976135566
1772212558491938,0.07516505860639641,0.4878058905476337,-0.007584971942230359
1772212558495245,0.07669903939428206,0.48320394818397716,-0.04166782553647158
1772212558497193,0.07669903939428206,0.4786020058203202,-0.033021391034146405
1772212558500197,0.0782330201821677,0.4755340442445486,-0.06372279087249133
1772212558501198,0.0782330201821677,0.47093210188089163,-0.05262964934562504
1772212558504890,0.0782330201821677,0.46786414030512047,-0.04238197968219676
1772212558507893,0.07976700097005335,0.4647961787293493,-0.07221858597084407
1772212558508893,0.07976700097005335,0.46019423636569234,-0.06032154978474279
1772212558512856,0.07976700097005335,0.4571262747899212,-0.04938990038706569
1772212558514856,0.08130098175793898,0.4540583132141496,-0.07861601490960363
1772212558517536,0.08130098175793898,0.4509903516383784,-0.06565731105889377
1772212558519594,0.08130098175793898,0.44945637085049306,-0.053807489151658776
1772212558522594,0.08283496254582462,0.44638840927472145,-0.08267122549664133
1772212558523594,0.08283496254582462,0.4433204476989503,-0.06938708402129887
1772212558527934,0.08436894333371027,0.4417864669110645,-0.09608196427807734
1772212558529934,0.08436894333371027,0.43871850533529333,-0.08130541338083913
1772212558530934,0.0859029241215959,0.4371845245474075,-0.10669918798337036
1772212558534550,0.0859029241215959,0.43565054375952217,-0.09033726076993183
1772212558537771,0.08743690490948154,0.43411656297163637,-0.1147449816587422
1772212558538770,0.08743690490948154,0.432582582183751,-0.09750782164246055
1772212558542903,0.08897088569736719,0.4310486013958652,-0.1211392004996713
1772212558544895,0.09050486648525283,0.4295146206079794,-0.14202172656699888
1772212558545895,0.09050486648525283,0.42798063982009404,-0.12166975987967686
1772212558550486,0.09203884727313846,0.42798063982009404,-0.14219193444987763
1772212558552466,0.09203884727313846,0.42644665903220824,-0.12185504067509717
1772212558553748,0.09357282806102411,0.42644665903220824,-0.14240660023653048
1772212558557173,0.09510680884890975,0.42644665903220824,-0.16055508175248648
1772212558560188,0.09510680884890975,0.42491267824432244,-0.13808831872471333
1772212558561175,0.0966407896367954,0.42491267824432244,-0.15678335248310432
1772212558565378,0.09817477042468103,0.42491267824432244,-0.17328791699589008
1772212558567690,0.09817477042468103,0.42491267824432244,-0.14904982404726352
1772212558568920,0.09970875121256667,0.42491267824432244,-0.16647660347674353
1772212558572399,0.09970875121256667,0.42491267824432244,-0.14304948619966085
1772212558574686,0.10124273200045232,0.42491267824432244,-0.16118969655443255
1772212558576690,0.10277671278833796,0.42644665903220824,-0.1769355715890482
1772212558580415,0.1043106935762236,0.42644665903220824,-0.19107008533829828
1772212558582409,0.1043106935762236,0.42798063982009404,-0.16448795202134953
1772212558584408,0.10584467436410924,0.42798063982009404,-0.18006281625422998
1772212558588055,0.10737865515199488,0.4295146206079794,-0.26001040948294296
1772212558590055,0.10891263593988053,0.4310486013958652,-0.27236168029348795
1772212558591054,0.10891263593988053,0.4310486013958652,-0.24425551418364336
1772212558594750,0.11044661672776616,0.43411656297163637,-0.25868850701490576
1772212558597752,0.1119805975156518,0.43565054375952217,-0.27125893371537546
1772212558599879,0.11351457830353745,0.4371845245474075,-0.28237502867802566
1772212558603116,0.11504855909142309,0.43871850533529333,-0.2922088294498446
1772212558605171,0.11658253987930872,0.4417864669110645,-0.30108873907042133
1772212558607169,0.11658253987930872,0.4433204476989503,-0.2699916096263754
1772212558610485,0.11811652066719437,0.44638840927472145,-0.2815516348766133
1772212558612489,0.11965050145508001,0.44792239006260726,-0.2916449084686596
1772212558613492,0.12118448224296566,0.4509903516383784,-0.3007318547768495
1772212558617846,0.1227184630308513,0.4540583132141496,-0.3087991338821563
1772212558620148,0.12425244381873693,0.4571262747899212,-0.3159694156152125
1772212558621147,0.12578642460662257,0.46019423636569234,-0.3223504166879861
1772212558625477,0.12732040539450823,0.4632621979414635,-0.32803677521499786
1772212558627478,0.12885438618239387,0.4663301595172351,-0.3331116791615077
1772212558628470,0.1303883669702795,0.47093210188089163,-0.33775294962605007
1772212558633055,0.13192234775816514,0.47400006345666323,-0.3418307401645005
1772212558634718,0.13345632854605077,0.4786020058203202,-0.3455812828505992
1772212558636750,0.1349903093339364,0.48166996739609136,-0.34889170728395263
1772212558640500,0.13652429012182207,0.4862719097597483,-0.3519569226283312
1772212558642500,0.1380582709097077,0.4908738521234053,-0.3547483792340212
1772212558643501,0.13959225169759334,0.49547579448706225,-0.3573015903937363
1772212558647981,0.14112623248547898,0.5000777368507192,-0.3596473304655431
1772212558649982,0.14266021327336462,0.5046796792143757,-0.3618123161267875
1772212558650983,0.14419419406125028,0.5092816215780327,-0.3638197800759819
1772212558655572,0.14572817484913592,0.5138835639416897,-0.3656899559046609
1772212558657572,0.14726215563702155,0.5200194870932324,-0.3674737151534091
1772212558658572,0.1487961364249072,0.5246214294568894,-0.36914745023247675
1772212558662955,0.1518640980006785,0.5307573526084317,-0.40955766457043397
1772212558664951,0.15339807878856412,0.5368932757599745,-0.4065352843682213
1772212558667852,0.15493205957644976,0.5430291989115168,-0.40400244401950497
1772212558670496,0.1564660403643354,0.5491651220630596,-0.4019053525876136
1772212558672491,0.15800002115222103,0.5553010452146019,-0.4001959964493902
1772212558673393,0.16106798272799233,0.5614369683661447,-0.4376394896182684
1772212558673393,0.16260196351587797,0.5675728915176874,-0.4320162804370809
1772212558673393,0.1641359443037636,0.5752427954571155,-0.4271753009489951
1772212558683055,0.16566992509164924,0.5813787186086579,-0.42311688107132256
1772212558684767,0.16720390587953488,0.589048622548086,-0.41965021986984463
1772212558686043,0.17027186745530618,0.5967185264875146,-0.4555827170871501
1772212558689748,0.1718058482431918,0.6043884304269427,-0.44866874392417033
1772212558693122,0.17333982903107745,0.6120583343663708,-0.44276159372861945
1772212558694124,0.17487380981896308,0.6197282383057989,-0.4377468436838826
1772212558698124,0.17794177139473438,0.627398142245227,-0.47233097501390964
1772212558700118,0.17947575218262002,0.6350680461846556,-0.4642426713755867
1772212558701119,0.18100973297050565,0.6442719309119691,-0.45722625034233255
1772212558704678,0.18407769454627693,0.6519418348513977,-0.49017846803760007
1772212558707676,0.1856116753341626,0.6611457195787112,-0.48056210165811764
1772212558708681,0.18714565612204823,0.6703496043060251,-0.4723256510272111
1772212558713129,0.18867963690993386,0.679553489033339,-0.4653129151964818
1772212558715134,0.19174759848570513,0.6887573737606529,-0.4981931899266962
1772212558717846,0.1932815792735908,0.6979612584879669,-0.48866209471372873
1772212558720622,0.19481556006147643,0.7071651432152808,-0.48052135743045565
1772212558723075,0.1978835216372477,0.7179030087304801,-0.5122787630209855
1772212558724075,0.19941750242513334,0.727106893457794,-0.5019512022384106
1772212558728010,0.200951483213019,0.7378447589729933,-0.4929681703271545
1772212558730011,0.20401944478879028,0.748582624488193,-0.5241703971203249
1772212558733180,0.2055534255766759,0.7593204900033923,-0.5132215183508018
1772212558735536,0.20708740636456155,0.770058355518592,-0.5038946494852299
1772212558737540,0.21015536794033285,0.7807962210337913,-0.5348124341869143
1772212558739527,0.21168934872821848,0.791534086548991,-0.5236293988382836
1772212558743071,0.21322332951610412,0.8038059328520761,-0.5139157533252874
1772212558745071,0.2162912910918754,0.8145437983672754,-0.5447477232267774
1772212558746086,0.21782527187976106,0.8268156446703605,-0.5332965979073253
1772212558750583,0.2193592526676467,0.8390874909734456,-0.5235954486732846
1772212558752291,0.22089323345553233,0.8513593372765307,-0.5154461729175116
1772212558754283,0.2239611950313036,0.8636311835796153,-0.5474809520158286
1772212558758095,0.22549517581918926,0.8759030298827017,-0.5373625371731409
1772212558760252,0.2270291566070749,0.8881748761857864,-0.5288635516064283
1772212558761244,0.22856313739496054,0.9019807032767568,-0.5215481344757587
1772212558765542,0.2316310989707318,0.9157865303677273,-0.5543794178236799
1772212558767654,0.23316507975861744,0.9280583766708128,-0.5452990910969044
1772212558768531,0.2346990605465031,0.9418642037617833,-0.5374670212693288
1772212558772179,0.23623304133438874,0.9572040116406395,-0.5307697702324246
1772212558775348,0.23930100291016002,0.9710098387316108,-0.5645129610707005
1772212558776341,0.24083498369804565,0.9848156658225822,-0.5559952315924456
1772212558780599,0.24236896448593132,1.0001554737014384,-0.5486919026981989
1772212558782604,0.24390294527381695,1.0139613007924089,-0.5431385748060379
1772212558784461,0.2454369260617026,1.0293011086712651,-0.5384498619844138
1772212558788215,0.24697090684958822,1.0446409165501223,-0.5348975157700062
1772212558790547,0.24850488763747386,1.0599807244289785,-0.5323559037427751
1772212558791542,0.2500388684253595,1.0753205323078348,-0.5307131438201258
1772212558795568,0.25157284921324513,1.092194320974576,-0.5295089975994497
1772212558797568,0.25310683000113077,1.107534128853433,-0.5294740746656008
1772212558799867,0.25464081078901646,1.124407917520175,-0.52968503142982
1772212558802626,0.2561747915769021,1.1412817061869172,-0.5305411664550057
1772212558805634,0.25770877236478773,1.1581554948536592,-0.5319751233599823
1772212558806634,0.25924275315267337,1.1750292835204013,-0.5339261919943226
1772212558810646,0.25924275315267337,1.1934370529750291,-0.4971098941398103
1772212558812694,0.260776733940559,1.2103108416417712,-0.504609064538304
1772212558813694,0.26231071472844464,1.228718611096399,-0.5114894578748963
1772212558818108,0.2638446955163303,1.247126380551026,-0.5183158074608312
1772212558820023,0.2638446955163303,1.2655341500056538,-0.4862945939425456
1772212558822027,0.2653786763042159,1.2839419194602817,-0.4976185265992962
1772212558825696,0.2653786763042159,1.3023496889149095,-0.46957776457795847
1772212558827700,0.26691265709210155,1.3207574583695365,-0.4844236931946164
1772212558828698,0.2684466378799872,1.3406992086120502,-0.49780280199177773
1772212558833251,0.2684466378799872,1.3606409588545638,-0.4716319877754239
1772212558835664,0.2684466378799872,1.3805827090970766,-0.44937939811192673
1772212558836666,0.2699806186678728,1.4005244593395902,-0.4693975560601914
1772212558840774,0.2699806186678728,1.420466209582104,-0.4491017764282052
1772212558842779,0.2699806186678728,1.4419419406125025,-0.43147450532085113
1772212558843783,0.2699806186678728,1.4618836908550161,-0.4174051843226151
1772212558847218,0.2715145994557585,1.4833594218854147,-0.4440615268465591
1772212558850677,0.2715145994557585,1.5048351529158142,-0.4296773475519582
1772212558851577,0.2715145994557585,1.5263108839462127,-0.4178922964622261
1772212558854851,0.2715145994557585,1.5477866149766122,-0.40840243534075815
1772212558858151,0.2715145994557585,1.5707963267948966,0.1892299514655243
1772212558859491,0.2699806186678728,1.593806038613181,0.24665070225856586
1772212558863173,0.2699806186678728,1.6152817696435804,0.2601500349684397
1772212558865590,0.2699806186678728,1.6398254622497506,0.2715623320371387
1772212558868365,0.2684466378799872,1.662835174068035,0.3221488547466199
1772212558870381,0.2684466378799872,1.6858448858863202,0.3289251992280934
1772212558872369,0.26691265709210155,1.7103885784924895,0.37390035096939395
1772212558873368,0.2653786763042159,1.7349322710986606,0.41456021880638017
1772212558877311,0.2638446955163303,1.7594759637048307,0.4514109944623057
1772212558880313,0.26231071472844464,1.784019656311001,0.4848970771994162
1772212558883183,0.260776733940559,1.808563348917171,0.5154087119481032
1772212558885594,0.25924275315267337,1.834641022311227,0.5424339541716923
1772212558887626,0.25770877236478773,1.8591847149173972,0.5681352380870072
1772212558889903,0.25464081078901646,1.8852623883114532,0.6296717784684075
1772212558890914,0.25157284921324513,1.9113400617055092,0.684929956486686
1772212558890914,0.2500388684253595,1.93895171588745,0.6948901859727854
1772212558898213,0.24697090684958822,1.965029389281506,0.7444133042532187
1772212558900202,0.24390294527381695,1.9926410434634478,0.7880546142784488
1772212558901194,0.24083498369804565,2.0202526976453896,0.827497443531823
1772212558904870,0.23623304133438874,2.0478643518273305,0.9020307590755747
1772212558907943,0.23316507975861744,2.077009986797158,0.9288298738832648
1772212558908956,0.22856313739496054,2.1046216409791,0.9932789671938375
1772212558912227,0.2239611950313036,2.1337672759489266,1.049904846834879
1772212558915409,0.2193592526676467,2.162912910918754,1.1007331811533516
1772212558917528,0.21475731030398976,2.192058545888581,1.1464265230755746
1772212558920799,0.21015536794033285,2.2227381616462942,1.1863655420931472
1772212558922796,0.20401944478879028,2.2534177774040067,1.2612115902867802
1772212558923786,0.1978835216372477,2.2840973931617192,1.3280281614205625
1772212558927770,0.19174759848570513,2.3147770089194326,1.3877348691994207
1772212558930770,0.1856116753341626,2.345456624677145,1.441140552353947
1772212558933226,0.17947575218262002,2.3776702212227434,1.487599330601289
1772212558935607,0.1718058482431918,2.4098838177683426,1.5680506737837563
1772212558937607,0.16566992509164924,2.442097414313941,1.6008493857511588
1772212558939799,0.15800002115222103,2.474311010859539,1.6691843297689704
1772212558942435,0.1487961364249072,2.5080585881930233,1.767343876663186
1772212558945434,0.14112623248547898,2.5418061655265074,1.8156368627744346
1772212558946433,0.13192234775816514,2.5755537428599915,1.8975095637712813
1772212558950794,0.1227184630308513,2.6093013201934756,1.9701643066981547
1772212558952642,0.11351457830353745,2.6445828783148455,2.0329982490156104
1772212558954641,0.10277671278833796,2.6783304556483296,2.1292256393762234
1772212558957342,0.09357282806102411,2.7136120137696995,2.1738942060139435
1772212558960676,0.08283496254582462,2.7504275526789543,2.250554688840622
1772212558961676,0.07209709703062514,2.7857091108003242,2.320107017220038
1772212558965819,0.06135923151542565,2.820990668921694,2.3815842045942524
1772212558968144,0.04908738521234052,2.85780620783095,2.472821437713517
1772212558969153,0.03834951969714103,2.8946217467402047,2.5144719868627488
1772212558973383,0.0260776733940559,2.9314372856494604,2.5899340744850132
1772212558975388,0.01380582709097077,2.968252824558716,2.6563687359200228
1772212558976390,0.0015339807878856412,3.005068363467971,2.7147834128170683
1772212558980757,-0.010737865515199488,3.0418839023772266,2.76606606788475
1772212558982756,-0.023009711818284616,3.0802334220743672,2.8089041568959017
1772212558984556,-0.035281558121369745,3.117048960983623,2.8484012308554267
1772212558988268,-0.047553404424454875,-3.129320807286708,6.261402791492122
1772212558990269,-0.059825250727540004,-3.0925052683774528,6.292985284032313
1772212558991265,-0.07056311624273949,-3.055689729468197,6.282044279964609
1772212558995729,-0.08283496254582462,-3.018874190558942,6.311198362096272
1772212558997729,-0.09510680884890975,-2.9820586516496865,6.336922552212446
1772212559000861,-0.10891263593988053,-2.945243112740431,6.39842827627106
1772212559009522,-0.12118448224296566,-2.9084275738311756,6.413890123543142
1772212559009522,-0.13345632854605077,-2.8700780541340345,6.427532929959684
1772212559009522,-0.14419419406125028,-2.8332625152247792,6.400762791076994
1772212559009522,-0.1564660403643354,-2.796446976315524,6.415949989548377
1772212559013532,-0.16873788666742054,-2.7596314374062683,6.429350458787833
1772212559015536,-0.17947575218262002,-2.724349879284899,5.554083208760135
1772212559017581,-0.19174759848570513,-2.689068321163529,4.567126549460339
1772212559022583,-0.20401944478879028,-2.6522527822542736,3.8221418405849334
1772212559024361,-0.21322332951610412,-2.6169712241329037,3.1975325652492534
1772212559025365,-0.2239611950313036,-2.581689666011534,2.76559280585494
1772212559027890,-0.23316507975861744,-2.5479420886780497,2.412037457214695
1772212559028890,-0.24390294527381695,-2.5126605305566803,2.1839406720167736
1772212559033385,-0.25310683000113077,-2.478912953223196,1.9848135889456007
1772212559035837,-0.26231071472844464,-2.445165375889712,1.838515643048344
1772212559036829,-0.2699806186678728,-2.4129517793441133,1.6949573586575004
1772212559040878,-0.27765052260730105,-2.380738182798515,1.5857925266119954
1772212559042877,-0.28532042654672923,-2.3485245862529167,1.5033847401208544
1772212559043878,-0.29299033048615747,-2.3178449704952038,1.4418369384842638
1772212559048274,-0.2991262536377,-2.2856313739496055,1.3573277492218938
1772212559050274,-0.30679615757712825,-2.2549517581918925,2.513473851931316
1772212559051275,-0.3129320807286708,-2.2227381616462942,2.4300448000067556
1772212559055938,-0.3190680038802134,-2.1920585458885813,2.3523342980002533
1772212559057938,-0.32520392703175593,-2.1613789301308683,2.2799375613717436
1772212559060455,-0.3313398501832985,-2.132233295161041,2.214020242099319
1772212559063376,-0.33594179254695544,-2.1015536794033283,2.113148483029697
1772212559065376,-0.342077715698498,-2.072408044433501,2.061899202876036
1772212559067591,-0.3466796580621549,-2.043262409463674,1.9758520510147464
1772212559070977,-0.34974761963792617,-2.015650755281732,1.8609182142707423
1772212559072976,-0.35434956200158313,-1.9880391010997909,1.7967815931486797
1772212559073977,-0.35895150436524004,-1.9604274469178493,1.7387298741321886
1772212559078407,-0.3620194659410113,-1.932815792735908,1.6472944659604367
1772212559080407,-0.3666214083046682,-1.906738119341852,1.6059267036108609
1772212559083205,-0.36968936988043954,-1.880660445947796,1.5294186574557693
1772212559085024,-0.3727573314562108,-1.8530487917658545,1.4587997648360835
1772212559087502,-0.3758252930319821,-1.8269711183717987,1.397151922187738
1772212559090505,-0.37889325460775336,-1.8008934449777427,1.341590969159784
1772212559093377,-0.38196121618352463,-1.7748157715836868,1.291406252874692
1772212559095370,-0.38502917775929596,-1.748738098189631,1.2459700467226407
1772212559096369,-0.38809713933506723,-1.7241944055834606,1.2067463881328635
1772212559100998,-0.3911651009108385,-1.6996507129772904,1.1710699058774652
1772212559102616,-0.39269908169872414,-1.6751070203711202,1.0997167788368587
1772212559104609,-0.3942330624866098,-1.6505633277649499,1.035694209138541
1772212559107511,-0.39730102406238105,-1.6275536159466653,1.0189666540211622
1772212559110513,-0.3988350048502667,-1.6045439041283807,0.9643999015243705
1772212559111511,-0.4003689856381523,-1.5800002115222105,0.9132581450103923
1772212559114893,-0.401902966426038,-1.556990499703926,0.34447185262287167
1772212559118004,-0.40343694721392365,-1.533980787885641,0.31927761923384257
1772212559119184,-0.4049709280018093,-1.5125050568552423,0.29604940761858534
1772212559123447,-0.4065049087896949,-1.4894953450369577,0.27844449056976517
1772212559125447,-0.40803888957758055,-1.4664856332186729,0.26387692883342906
1772212559127450,-0.4095728703654662,-1.445009902188274,0.2500314119141889
1772212559130884,-0.4095728703654662,-1.423534171157875,0.19991255692224702
1772212559132892,-0.4111068511533518,-1.402058440127476,0.195394155485755
1772212559134554,-0.4111068511533518,-1.3821166898849626,0.15158484046426776
1772212559137597,-0.41264083194123746,-1.3606409588545638,0.1544623751290904
1772212559140596,-0.41264083194123746,-1.3406992086120504,0.11718951801482486
1772212559141599,-0.41264083194123746,-1.320757458369537,0.08512290517026427
1772212559146025,-0.41264083194123746,-1.3008157081270237,0.05763827556590642
1772212559148027,-0.4141748127291231,-1.2808739578845103,0.07299353275904089
1772212559150883,-0.4141748127291231,-1.260932207641997,0.04852248864946154
1772212559153495,-0.4141748127291231,-1.2409904573994837,0.027708491190796658
1772212559155490,-0.4141748127291231,-1.2210487071569704,0.01011151716343947
1772212559156499,-0.4141748127291231,-1.2026409377023426,-0.006419528064074698
1772212559160925,-0.4141748127291231,-1.184233168247715,-0.020289014248148385
1772212559162931,-0.4141748127291231,-1.1658253987930873,-0.0318229007094752
1772212559164411,-0.4141748127291231,-1.1474176293384597,-0.041307807774040736
1772212559168153,-0.4141748127291231,-1.1305438406717174,-0.05067900803205798
1772212559170027,-0.4141748127291231,-1.11213607121709,-0.056641139848700145
1772212559173027,-0.4141748127291231,-1.095262282550348,-0.06289067732031056
1772212559175873,-0.41264083194123746,-1.078388493883606,-0.10659132023698484
1772212559177877,-0.41264083194123746,-1.059980724428978,-0.1041252560179894
1772212559178868,-0.41264083194123746,-1.043106935762236,-0.10291994663547892
1772212559183448,-0.41264083194123746,-1.0277671278833798,-0.10284160188500731
1772212559185763,-0.4111068511533518,-1.0108933392166377,-0.13947193013031314
1772212559186755,-0.4111068511533518,-0.9940195505498957,-0.13241911006010837
1772212559190898,-0.4111068511533518,-0.978679742671039,-0.12716237408888
1772212559192899,-0.4095728703654662,-0.9633399347921827,-0.16080790431030248
1772212559193899,-0.4095728703654662,-0.948000126913326,-0.15117545045540307
1772212559198432,-0.4095728703654662,-0.9326603190344698,-0.14217562709543952
1772212559200433,-0.40803888957758055,-0.9173205111556135,-0.17255224025765156
1772212559201179,-0.40803888957758055,-0.9019807032767568,-0.16006663225623347
1772212559206015,-0.40803888957758055,-0.8881748761857864,-0.14998842256351796
1772212559208495,-0.40803888957758055,-0.8728350683069297,-0.1392627130422453
1772212559209515,-0.4065049087896949,-0.8590292412159592,-0.16953025697307827
1772212559212723,-0.4065049087896949,-0.8452234141249884,-0.15700450374753505
1772212559215725,-0.4065049087896949,-0.8314175870340175,-0.14553845986145297
1772212559217723,-0.4065049087896949,-0.8176117599430466,-0.13501711229618304
1772212559220257,-0.4065049087896949,-0.8053399136399615,-0.12663576139307228
1772212559223256,-0.4049709280018093,-0.791534086548991,-0.15639865011371118
1772212559224248,-0.4049709280018093,-0.7792622402459055,-0.14473649816867473
1772212559227995,-0.4049709280018093,-0.7654564131549351,-0.13284922889696216
1772212559231014,-0.4049709280018093,-0.75318456685185,-0.12322983911825643
1772212559233195,-0.4049709280018093,-0.7409127205487649,-0.11440431604294136
1772212559236146,-0.4049709280018093,-0.7286408742456794,-0.1062881520694013
1772212559238420,-0.40343694721392365,-0.7163690279425943,-0.13761391013397223
1772212559240427,-0.40343694721392365,-0.705631162427395,-0.1272912156645063
1772212559243462,-0.40343694721392365,-0.6933593161243099,-0.11674930803708344
1772212559245854,-0.40343694721392365,-0.6826214506091102,-0.10827377860038925
1772212559246864,-0.40343694721392365,-0.6718835850939109,-0.10051524941117126
1772212559250966,-0.40343694721392365,-0.6611457195787112,-0.09339820726519762
1772212559253571,-0.40343694721392365,-0.6488738732756261,-0.08578333911367979
1772212559254572,-0.40343694721392365,-0.6396699885483126,-0.080909705763825
1772212559258545,-0.40343694721392365,-0.6289321230331129,-0.0753283854283229
1772212559260547,-0.40343694721392365,-0.6181942575179136,-0.0701598480171693
1772212559261544,-0.4049709280018093,-0.6089903727905996,-0.02756063514753989
1772212559265971,-0.4049709280018093,-0.5982525072753999,-0.02756829974589709
1772212559267979,-0.4049709280018093,-0.589048622548086,-0.02832611094060708
1772212559269091,-0.4049709280018093,-0.5798447378207725,-0.02878314237551691
1772212559272633,-0.4065049087896949,-0.5706408530934586,0.009826132923595313
1772212559275635,-0.4065049087896949,-0.5614369683661447,0.005283696373431818
1772212559276630,-0.4065049087896949,-0.5522330836388307,0.0014686099754903231
1772212559280955,-0.40803888957758055,-0.5445631796994026,0.036203767738252915
1772212559282958,-0.40803888957758055,-0.5353592949720887,0.02909843157648788
1772212559284410,-0.40803888957758055,-0.5276893910326605,0.022142660727514953
1772212559288482,-0.4095728703654662,-0.5184855063053466,0.05582704483400474
1772212559290477,-0.4095728703654662,-0.5108156023659185,0.04607163156588962
1772212559291480,-0.4095728703654662,-0.5016117176386046,0.03844458903554053
1772212559295921,-0.4095728703654662,-0.49394181369917645,0.031060532983200623
1772212559297925,-0.4111068511533518,-0.4862719097597483,0.06350162551127851
1772212559300414,-0.4111068511533518,-0.4786020058203202,0.05346202867189111
1772212559303537,-0.4111068511533518,-0.47093210188089163,0.04474319967097458
1772212559305538,-0.41264083194123746,-0.4632621979414635,0.07599389227025735
1772212559307825,-0.41264083194123746,-0.4555922940020354,0.06489253723282162
1772212559310824,-0.41264083194123746,-0.44792239006260726,0.05522642877169642
1772212559311824,-0.4141748127291231,-0.4417864669110645,0.08490247816688935
1772212559316016,-0.4141748127291231,-0.43411656297163637,0.07311096415477268
1772212559317924,-0.4141748127291231,-0.42798063982009404,0.062121489770413964
1772212559319049,-0.41570879351700873,-0.4203107358806655,0.09203438725446955
1772212559323592,-0.41570879351700873,-0.41417481272912315,0.0790501361455456
1772212559325592,-0.41570879351700873,-0.4080388895775804,0.06769787176768097
1772212559328124,-0.4172427743048944,-0.40036898563815226,0.09724919251925479
1772212559331009,-0.4172427743048944,-0.39423306248660994,0.0839682899426919
1772212559333023,-0.41877675509278006,-0.3880971393350672,0.11115331690052342
1772212559334784,-0.41877675509278006,-0.38196121618352485,0.09642473899768221
1772212559337778,-0.41877675509278006,-0.3758252930319821,0.08351878878747152
1772212559340777,-0.4203107358806657,-0.3696893698804393,0.1110265153801198
1772212559341777,-0.4203107358806657,-0.363553446728897,0.09657531511237408
1772212559346030,-0.42184471666855133,-0.35895150436524004,0.12212452629570338
1772212559348030,-0.42184471666855133,-0.35281558121369727,0.10651505132726996
1772212559351183,-0.42184471666855133,-0.34667965806215495,0.40691320691226895
1772212559353209,-0.42337869745643697,-0.342077715698498,0.38390290417866346
1772212559355212,-0.42337869745643697,-0.3359417925469552,0.41521413699922194
1772212559357212,-0.4249126782443226,-0.3298058693954129,0.5446931839738576
1772212559361005,-0.4249126782443226,-0.32520392703175593,0.436765016332449
1772212559363010,-0.42644665903220824,-0.32060198466809897,0.4411837435116266
1772212559364010,-0.42644665903220824,-0.316000042304442,0.3587016355766415
1772212559367833,-0.4279806398200939,-0.3098641191528997,0.5235681943517831
1772212559370905,-0.4279806398200939,-0.3052621767892427,0.4468643018284757
1772212559371905,-0.4295146206079795,-0.30066023442558576,0.47883385999420636
1772212559376057,-0.4295146206079795,-0.2960582920619288,0.4206613088120652
1772212559378055,-0.43104860139586515,-0.29299033048615764,0.3309866245414259
1772212559379057,-0.4325825821837508,-0.28838838812250067,0.39431770649346864
1772212559383501,-0.4325825821837508,-0.2837864457588437,0.3638170880639593
1772212559385765,-0.4341165629716365,-0.27918450339518674,0.43655424101834317
1772212559386766,-0.4356505437595221,-0.2761165418194156,0.36940105855259997
1772212559391096,-0.4356505437595221,-0.2715145994557586,0.35956066633926964
1772212559393095,-0.43718452454740775,-0.268446637879987,0.31253200468820896
1772212559394096,-0.4387185053352934,-0.2638446955163305,0.4134919301280342
1772212559398533,-0.440252486123179,-0.2607767339405589,0.371241193973062
1772212559401108,-0.44178646691106466,-0.25617479157690193,0.47641693602712865
1772212559402370,-0.44178646691106466,-0.25310683000113077,0.34484265053847096
1772212559406114,-0.4433204476989503,-0.2500388684253596,0.3261951308174771
1772212559408547,-0.44485442848683593,-0.24697090684958845,0.31420181434063466
1772212559409547,-0.44638840927472156,-0.24390294527381684,0.3080798536674938
1772212559413605,-0.4479223900626072,-0.24083498369804568,0.3071385010563583
1772212559415607,-0.44945637085049284,-0.23776702212227452,0.3107682732058552
1772212559417918,-0.45099035163837853,-0.2346990605465029,0.3184313907324281
1772212559421185,-0.45252433242626416,-0.23163109897073175,0.3296533424151562
1772212559423185,-0.4540583132141498,-0.2285631373949606,0.34401544188277233
1772212559424185,-0.4540583132141498,-0.22549517581918943,0.26810487246147163
1772212559427854,-0.45559229400203544,-0.22242721424341783,0.2985723963293614
1772212559430853,-0.4586602555778067,-0.21935925266764666,0.42295927054178173
1772212559433258,-0.4586602555778067,-0.21782527187976086,0.21314689807768028
1772212559436043,-0.46019423636569234,-0.2147573103039897,0.26125917290430345
1772212559438099,-0.461728217153578,-0.21168934872821854,0.3081715574988815
1772212559440095,-0.4632621979414636,-0.21015536794033274,0.21602978944547302
1772212559443623,-0.46479617872934925,-0.20708740636456158,0.27498200749538704
1772212559445623,-0.4663301595172349,-0.20401944478879042,0.33145904787522196
1772212559446612,-0.4678641403051206,-0.2024854640009046,0.24775668198527945
1772212559451162,-0.4678641403051206,-0.19941750242513345,0.22111204383325522
1772212559453430,-0.4693981210930062,-0.1963495408493623,0.2950495070563468
1772212559454427,-0.47093210188089185,-0.1948155600614765,0.2267533966163371
1772212559458676,-0.4724660826687775,-0.19174759848570533,0.30674590079571606
1772212559460679,-0.4740000634566631,-0.19021361769781953,0.24379247355242106
1772212559461675,-0.47553404424454876,-0.18867963690993372,0.19050368399154705
1772212559466112,-0.4770680250324344,-0.18561167533416256,0.2837379418878099
1772212559467608,-0.4770680250324344,-0.18407769454627676,0.13942502746030683
1772212559469840,-0.47860200582032003,-0.1810097329705056,0.2453309417309879
1772212559473671,-0.48013598660820567,-0.1794757521826198,0.2052422880976683
1772212559475664,-0.48013598660820567,-0.17640779060684864,0.21708033723090225
1772212559476670,-0.4816699673960913,-0.17487380981896328,0.18697768679182003
1772212559481216,-0.483203948183977,-0.17333982903107747,0.1626748767641173
1772212559483207,-0.48473792897186263,-0.1702718674553063,0.28148499895435
1772212559484208,-0.48473792897186263,-0.1687378866674205,0.159739023609762
1772212559488787,-0.48627190975974827,-0.1672039058795347,0.14756151698094477
1772212559490799,-0.4878058905476339,-0.16413594430376355,0.27707043628784844
1772212559491788,-0.48933987133551954,-0.16260196351587775,0.2578079635688477
1772212559496248,-0.48933987133551954,-0.1610679827279924,0.1500266287126033
1772212559498250,-0.4908738521234052,-0.15800002115222123,0.2881662896638457
1772212559500880,-0.4908738521234052,-0.15646604036433542,0.1834757896966175
1772212559502890,-0.4924078329112908,-0.15493205957644962,0.1863472319301811
1772212559505888,-0.49394181369917645,-0.15339807878856426,0.1911392095547213
1772212559506886,-0.49394181369917645,-0.15033011721279266,0.24257781568026315
1772212559511203,-0.4954757944870621,-0.1487961364249073,0.2474168331755342
1772212559513196,-0.4954757944870621,-0.1472621556370215,0.16090151909667072
1772212559514205,-0.4970097752749477,-0.1457281748491357,0.17980989005525805
1772212559517911,-0.4970097752749477,-0.14419419406125034,0.10570871138512494
1772212559521075,-0.49854375606283335,-0.14112623248547917,0.27356615720646404
1772212559523069,-0.500077736850719,-0.13959225169759337,0.28814061964725535
1772212559526243,-0.500077736850719,-0.13805827090970757,0.2102154040496944
1772212559528243,-0.5016117176386047,-0.1365242901218222,0.23670327366821908
1772212559529243,-0.5016117176386047,-0.1349903093339364,0.16928988793339927
1772212559533761,-0.5031456984264903,-0.1334563285460506,0.20505290154849576
1772212559535871,-0.5031456984264903,-0.13038836697027945,0.28381889237150837
1772212559536880,-0.5031456984264903,-0.12885438618239364,0.21972692060669186
1772212559541261,-0.504679679214376,-0.12732040539450828,0.25842059360704983
1772212559543264,-0.504679679214376,-0.12578642460662248,0.20177703438561245
1772212559544319,-0.5062136600022615,-0.12425244381873712,0.24704283610070776
1772212559548733,-0.5062136600022615,-0.12271846303085132,0.19619821398051784
1772212559551104,-0.5077476407901472,-0.12118448224296552,0.24658072490264493
1772212559552367,-0.5077476407901472,-0.11965050145508016,0.20025084620033629
1772212559556257,-0.5077476407901472,-0.11658253987930856,0.2995689927059798
1772212559558254,-0.5092816215780329,-0.1150485590914232,0.3466546634778147
1772212559559251,-0.5092816215780329,-0.1135145783035374,0.2974158081723861
1772212559563759,-0.5108156023659185,-0.11198059751565159,0.3492151721663528
1772212559566074,-0.5108156023659185,-0.11044661672776623,0.3041354579392055
1772212559567722,-0.5108156023659185,-0.10891263593988043,0.2665612647737654
1772212559571320,-0.5123495831538042,-0.10737865515199507,0.32865297771474933
1772212559573320,-0.5123495831538042,-0.10584467436410927,0.2926547478526875
1772212559574322,-0.5138835639416898,-0.10431069357622347,0.3561370166496297
1772212559578736,-0.5138835639416898,-0.10277671278833811,0.3213657478368678
1772212559580736,-0.5138835639416898,-0.1012427320004523,0.2928872418017672
1772212559583197,-0.5138835639416898,-0.0997087512125665,0.2699611735116234
1772212559585669,-0.5154175447295755,-0.09817477042468115,0.344977702519045
1772212559588675,-0.5154175447295755,-0.09664078963679534,0.32038372212736954
1772212559589668,-0.5154175447295755,-0.09664078963679534,0.16288975049108012
1772212559593754,-0.516951525517461,-0.09357282806102418,0.3929587208682259
1772212559595752,-0.516951525517461,-0.09357282806102418,0.23138689148057268
1772212559596752,-0.516951525517461,-0.09203884727313838,0.22681893858181046
1772212559601077,-0.516951525517461,-0.09050486648525302,0.2249904171766306
1772212559603338,-0.5184855063053467,-0.08897088569736722,0.3186224287296884
1772212559605660,-0.5184855063053467,-0.08743690490948142,0.31045387411353476
1772212559608659,-0.5200194870932323,-0.08590292412159606,0.3984917387156456
1772212559609659,-0.5200194870932323,-0.08436894333371026,0.385387172083999
1772212559613778,-0.5200194870932323,-0.08283496254582445,0.37602634444396077
1772212559615777,-0.5200194870932323,-0.0813009817579391,0.3699688159141259
1772212559617736,-0.521553467881118,-0.0813009817579391,0.32187392461979103
1772212559621363,-0.521553467881118,-0.07976700097005329,0.32444562113486686
1772212559623363,-0.5230874486690036,-0.07823302018216749,0.42196017791163176
1772212559624363,-0.5230874486690036,-0.07669903939428213,0.4172173984928356
1772212559628827,-0.5230874486690036,-0.07516505860639633,0.41523461839358744
1772212559630828,-0.5246214294568893,-0.07516505860639633,0.370735093361496
1772212559633244,-0.5246214294568893,-0.07363107781851097,0.37647917187262914
1772212559635730,-0.526155410244775,-0.07209709703062517,0.4767928892341982
1772212559638728,-0.526155410244775,-0.07209709703062517,0.3365245314175641
1772212559639735,-0.526155410244775,-0.07056311624273937,0.3507537593167603
1772212559643567,-0.5276893910326605,-0.06902913545485401,0.4585543731971247
1772212559645578,-0.5276893910326605,-0.06902913545485401,0.32489210054417705
1772212559648116,-0.5292233718205462,-0.0674951546669682,0.4379936146398585
1772212559651445,-0.5292233718205462,-0.0659611738790824,0.4470040328554317
1772212559652468,-0.5307573526084318,-0.0659611738790824,0.41220438868935044
1772212559656260,-0.5307573526084318,-0.06442719309119704,0.4265071856116777
1772212559658258,-0.5322913333963175,-0.06289321230331124,0.5343727133360654
1772212559659259,-0.5322913333963175,-0.06289321230331124,0.40076771760427105
1772212559663812,-0.5322913333963175,-0.06135923151542544,0.4208763826371492
1772212559665800,-0.5338253141842031,-0.06135923151542544,0.3958693091922193
1772212559668096,-0.5338253141842031,-0.05982525072754008,0.41881260969203293
1772212559671106,-0.5353592949720888,-0.05982525072754008,0.3963066851885648
1772212559673106,-0.5353592949720888,-0.05829126993965428,0.4214568818132288
1772212559676356,-0.5368932757599744,-0.05829126993965428,0.4008982185963497
1772212559678356,-0.5368932757599744,-0.05675728915176892,0.4277665869444393
1772212559679357,-0.5384272565478601,-0.05675728915176892,0.4087239576012144
1772212559683804,-0.5384272565478601,-0.05522330836388312,0.43693000289668144
1772212559685680,-0.5399612373357456,-0.053689327575997314,0.557063102714968
1772212559687678,-0.5399612373357456,-0.053689327575997314,0.4342824353013284
1772212559691426,-0.5414952181236313,-0.053689327575997314,0.41898993981193783
1772212559693419,-0.5414952181236313,-0.052155346788111956,0.45050492674310116
1772212559694419,-0.543029198911517,-0.052155346788111956,0.43556225497317685
1772212559698802,-0.5445631796994026,-0.05062136600022615,0.5604292974147801
1772212559701248,-0.5445631796994026,-0.05062136600022615,0.4418256381981847
1772212559702479,-0.5460971604872883,-0.04908738521234035,0.5682141641494711
1772212559706427,-0.5460971604872883,-0.04908738521234035,0.4509529903825875
1772212559708064,-0.5476311412751739,-0.04755340442445499,0.5785260623188692
1772212559710065,-0.5476311412751739,-0.04755340442445499,0.46231007618584874
1772212559713803,-0.5491651220630596,-0.04755340442445499,0.4528099465322942
1772212559715801,-0.5506991028509451,-0.04601942363656919,0.5824792320177619
1772212559718483,-0.5506991028509451,-0.04601942363656919,0.4681128460751602
1772212559720473,-0.5522330836388308,-0.04601942363656919,0.4602447165896266
1772212559723472,-0.5522330836388308,-0.04448544284868339,0.4983106147007038
1772212559724473,-0.5537670644267164,-0.04448544284868339,0.48914815867771416
1772212559728874,-0.5553010452146021,-0.04448544284868339,0.48111996551158054
1772212559730871,-0.5553010452146021,-0.04295146206079803,0.5190446309632647
1772212559733191,-0.5568350260024878,-0.04295146206079803,0.5097575578879174
1772212559735522,-0.5583690067903734,-0.04141748127291223,0.6396148344717948
1772212559738642,-0.5583690067903734,-0.04141748127291223,0.5254143230277941
1772212559740656,-0.5599029875782591,-0.04141748127291223,0.5176925533939672
1772212559743859,-0.5599029875782591,-0.04141748127291223,0.41789216657797135
1772212559745858,-0.5614369683661447,-0.03988350048502687,0.5608718152356247
1772212559746901,-0.5629709491540303,-0.03988350048502687,0.5512932549088116
1772212559751525,-0.5645049299419159,-0.03988350048502687,0.5428979108863461
1772212559753534,-0.5645049299419159,-0.03988350048502687,0.4425031937274422
1772212559754535,-0.5660389107298016,-0.038349519697141066,0.5849584332590445
1772212559758893,-0.5675728915176872,-0.038349519697141066,0.5749171589974285
1772212559760891,-0.5675728915176872,-0.038349519697141066,0.4730701504510386
1772212559761893,-0.5691068723055729,-0.038349519697141066,0.47624853043275095
1772212559766366,-0.5706408530934585,-0.03681553890925526,0.6171047361846262
1772212559767965,-0.5706408530934585,-0.03681553890925526,0.5126091622417959
1772212559770261,-0.5721748338813442,-0.03681553890925526,0.5134505727560607
1772212559773950,-0.5737088146692298,-0.03681553890925526,0.5142493206522016
1772212559775956,-0.5752427954571154,-0.035281558121369905,0.653005851034411
1772212559776951,-0.5752427954571154,-0.035281558121369905,0.5466576223536836
1772212559781350,-0.5767767762450011,-0.035281558121369905,0.5458643375109804
1772212559783343,-0.5783107570328867,-0.035281558121369905,0.5452207071509646
1772212559785459,-0.5798447378207724,-0.0337475773334841,0.6827045508366223
1772212559788096,-0.5798447378207724,-0.0337475773334841,0.5752333633059484
1772212559791095,-0.581378718608658,-0.0337475773334841,0.5734492324191706
1772212559792095,-0.5829126993965437,-0.0337475773334841,0.5719313261379252
1772212559796373,-0.5829126993965437,-0.0322135965455983,0.6156003623704333
1772212559798367,-0.5844466801844292,-0.0322135965455983,0.6113818517487063
1772212559800880,-0.5859806609723149,-0.0322135965455983,0.6077159633483924
1772212559803981,-0.5875146417602005,-0.0322135965455983,0.6045376827904849
1772212559805981,-0.5875146417602005,-0.0322135965455983,0.508746256923838
1772212559806981,-0.5890486225480862,-0.03067961575771294,0.6552632240662157
1772212559811342,-0.5905826033359719,-0.03067961575771294,0.6488058271082726
1772212559813335,-0.5921165841238575,-0.03067961575771294,0.6431644507642217
1772212559816527,-0.5936505649117432,-0.03067961575771294,0.6382430926089162
1772212559818163,-0.5936505649117432,-0.03067961575771294,0.540913657097498
1772212559821195,-0.5951845456996288,-0.02914563496982714,0.686073556906289
1772212559823195,-0.5967185264875144,-0.02914563496982714,0.6784187475951466
1772212559826481,-0.5982525072754,-0.02914563496982714,0.6717208309394492
1772212559828481,-0.5997864880632857,-0.02914563496982714,0.665867231332691
1772212559829484,-0.5997864880632857,-0.02914563496982714,0.5677152298346968
1772212559833979,-0.6013204688511713,-0.02914563496982714,0.5741539101532198
1772212559836147,-0.602854449639057,-0.02914563496982714,0.5798914255237151
1772212559837161,-0.6043884304269426,-0.02914563496982714,0.5850102659400551
1772212559841528,-0.6059224112148283,-0.02914563496982714,0.5895832166909729
1772212559843530,-0.607456392002714,-0.027611654181941336,0.7316699260627395
1772212559844528,-0.607456392002714,-0.027611654181941336,0.6282600906080444
1772212559848237,-0.6089903727905995,-0.027611654181941336,0.630059505670655
1772212559851236,-0.6105243535784852,-0.027611654181941336,0.6317035516976981
1772212559853502,-0.6120583343663708,-0.027611654181941336,0.6332105073992232
1772212559856501,-0.6135923151542565,-0.027611654181941336,0.6345965010488378
1772212559857502,-0.6151262959421421,-0.027611654181941336,0.6358757634761654
1772212559861461,-0.6166602767300278,-0.027611654181941336,0.6370608512955973
1772212559863461,-0.6181942575179133,-0.027611654181941336,0.6381628438727681
1772212559866557,-0.6181942575179133,-0.026077673394055978,0.6841435555685487
1772212559867974,-0.619728238305799,-0.026077673394055978,0.6819647585909335
1772212559871236,-0.6212622190936846,-0.026077673394055978,0.6800986175236425
1772212559873077,-0.6227961998815703,-0.026077673394055978,0.6785083493184194
1772212559873077,-0.624330180669456,-0.026077673394055978,0.6771614983444241
1772212559873077,-0.6258641614573416,-0.026077673394055978,0.6760294272803269
1772212559881374,-0.6273981422452273,-0.026077673394055978,0.6750868679014513
1772212559883374,-0.6289321230331129,-0.026077673394055978,0.6743115247154056
1772212559886593,-0.6304661038209985,-0.026077673394055978,0.6736837252289237
1772212559889014,-0.6320000846088841,-0.026077673394055978,0.6731861113596915
1772212559891014,-0.6335340653967698,-0.026077673394055978,0.6728033671527557
1772212559892014,-0.6350680461846554,-0.026077673394055978,0.6725219785301814
1772212559896535,-0.6366020269725411,-0.026077673394055978,0.6723300213055909
1772212559898534,-0.6381360077604268,-0.026077673394055978,0.6722169741380363
1772212559900898,-0.6396699885483124,-0.026077673394055978,0.6721735534913909
1772212559904088,-0.641203969336198,-0.026077673394055978,0.6721915680102581
1772212559906088,-0.6427379501240836,-0.026077673394055978,0.6722637900281032
1772212559907088,-0.6442719309119693,-0.026077673394055978,0.6723838421921177
1772212559911466,-0.6458059116998549,-0.026077673394055978,0.6725460974262731
1772212559913473,-0.6473398924877406,-0.026077673394055978,0.672745590663494
1772212559916562,-0.6488738732756262,-0.026077673394055978,0.6729779409622351
1772212559919175,-0.6504078540635119,-0.026077673394055978,0.6732392827858636
1772212559921175,-0.6519418348513975,-0.026077673394055978,0.6735262053667287
1772212559923251,-0.6534758156392831,-0.026077673394055978,0.6738356992039962
1772212559923251,-0.6550097964271688,-0.026077673394055978,0.674165108855728
1772212559923251,-0.6565437772150544,-0.026077673394055978,0.6745120912849194
1772212559931556,-0.6580777580029401,-0.026077673394055978,0.6748745791060045
1772212559933556,-0.6596117387908257,-0.026077673394055978,0.6752507481552134
1772212559934549,-0.6611457195787114,-0.026077673394055978,0.6756389888763139
1772212559939098,-0.662679700366597,-0.026077673394055978,0.6760378810725955
1772212559941091,-0.6642136811544826,-0.026077673394055978,0.6764461716293483
1772212559942091,-0.6657476619423682,-0.026077673394055978,0.6768627548570961
1772212559946510,-0.6672816427302539,-0.026077673394055978,0.6772866551474783
1772212559948510,-0.6688156235181395,-0.026077673394055978,0.6777170116696141
1772212559950855,-0.6703496043060252,-0.026077673394055978,0.6781530648668176
1772212559953589,-0.6734175658817965,-0.026077673394055978,0.7716375320646582
1772212559956590,-0.6749515466696822,-0.026077673394055978,0.7611930928366376
1772212559957590,-0.6764855274575677,-0.026077673394055978,0.752033738018989
1772212559961031,-0.6780195082454534,-0.026077673394055978,0.7440082812105088
1772212559964036,-0.679553489033339,-0.026077673394055978,0.7369833226453959
1772212559966553,-0.6810874698212247,-0.026077673394055978,0.7308411566479769
1772212559968877,-0.6826214506091103,-0.026077673394055978,0.7254779252690942
1772212559970877,-0.684155431396996,-0.026077673394055978,0.7208019891418783
1772212559972884,-0.6856894121848816,-0.026077673394055978,0.7167324900014103
1772212559976666,-0.6887573737606529,-0.026077673394055978,0.8062414698424991
1772212559978659,-0.6902913545485385,-0.027611654181941336,0.6542938216799733
1772212559979659,-0.6918253353364242,-0.027611654181941336,0.6560720949754827
1772212559984051,-0.6933593161243098,-0.027611654181941336,0.657697486502125
1772212559986654,-0.6948932969121955,-0.027611654181941336,0.6591879823503723
1772212559988151,-0.6964272777000811,-0.027611654181941336,0.6605594526000189
1772212559991591,-0.6979612584879668,-0.027611654181941336,0.6618259002626817
1772212559993590,-0.701029220063738,-0.027611654181941336,0.756043068459457
1772212559994597,-0.7025632008516236,-0.027611654181941336,0.7462451301128408
1772212559999088,-0.7040971816395093,-0.027611654181941336,0.7376562172493896
1772212560001453,-0.705631162427395,-0.027611654181941336,0.7301340915769575
1772212560004188,-0.7071651432152806,-0.027611654181941336,0.7235532487201224
1772212560005886,-0.7102331047910518,-0.02914563496982714,0.672850911074064
1772212560008886,-0.7117670855789375,-0.02914563496982714,0.6709762212156496
1772212560009896,-0.7133010663668231,-0.02914563496982714,0.6693784099594268
1772212560013430,-0.7148350471547088,-0.02914563496982714,0.6680249033521962
1772212560016002,-0.7163690279425944,-0.02914563496982714,0.6668869596705387
1772212560018006,-0.7179030087304801,-0.02914563496982714,0.6659392185702863
1772212560020816,-0.7209709703062513,-0.02914563496982714,0.7582026907997833
1772212560022795,-0.722504951094137,-0.02914563496982714,0.7466809030702831
1772212560025762,-0.7240389318820226,-0.02914563496982714,0.7365709466336818
1772212560029158,-0.7255729126699083,-0.02914563496982714,0.727706723690832
1772212560031158,-0.7286408742456796,-0.03067961575771294,0.6749896389100463
1772212560034233,-0.7301748550335652,-0.03067961575771294,0.6713372309915697
1772212560036722,-0.7317088358214509,-0.03067961575771294,0.6681708449764769
1772212560038721,-0.7332428166093364,-0.03067961575771294,0.6654333018173024
1772212560040214,-0.7347767973972221,-0.03067961575771294,0.6630741494133501
1772212560044242,-0.7363107781851077,-0.03067961575771294,0.6610488712051732
1772212560046242,-0.7393787397608791,-0.03067961575771294,0.7523615753982834
1772212560047241,-0.7409127205487647,-0.03067961575771294,0.7400008746954838
1772212560051269,-0.7424467013366504,-0.03067961575771294,0.7291507009295176
1772212560053321,-0.7439806821245359,-0.03067961575771294,0.7196333450489758
1772212560055321,-0.7455146629124216,-0.0322135965455983,0.573296578977051
1772212560058390,-0.7485826244881929,-0.0322135965455983,0.6730690181104324
1772212560061395,-0.7501166052760785,-0.0322135965455983,0.6681727894137629
1772212560062799,-0.7516505860639642,-0.0322135965455983,0.663908914476735
1772212560066672,-0.7531845668518499,-0.0322135965455983,0.6602029987393826
1772212560069106,-0.7547185476397354,-0.0322135965455983,0.6569893999429114
1772212560070112,-0.7562525284276211,-0.0322135965455983,0.6542101984472354
1772212560073323,-0.7577865092155067,-0.0322135965455983,0.6518142886875462
1772212560076325,-0.7593204900033924,-0.0322135965455983,0.6497565775184337
1772212560077322,-0.7623884515791637,-0.0322135965455983,0.7410406643930543
1772212560081758,-0.7639224323670493,-0.0322135965455983,0.7286547131151249
1772212560083772,-0.765456413154935,-0.0322135965455983,0.717782259429927
1772212560084767,-0.7669903939428205,-0.0322135965455983,0.7082452447971217
1772212560089279,-0.7685243747307062,-0.0322135965455983,0.6998865587399743
1772212560091286,-0.7700583555185919,-0.0322135965455983,0.6925675743672222
1772212560092285,-0.7715923363064775,-0.0322135965455983,0.6861659738336339
1772212560096592,-0.7731263170943632,-0.0322135965455983,0.6805738296287366
1772212560098598,-0.7746602978822488,-0.0322135965455983,0.6756959115961967
1772212560101284,-0.77772825945802,-0.0322135965455983,0.7644915806501543
1772212560104227,-0.7792622402459057,-0.0322135965455983,0.7499099665892959
1772212560106234,-0.7807962210337913,-0.0322135965455983,0.7371001633897398
1772212560107235,-0.782330201821677,-0.0322135965455983,0.7258537227148626
1772212560111609,-0.7838641826095626,-0.0322135965455983,0.7159867195617522
1772212560113602,-0.7853981633974483,-0.0322135965455983,0.7073368671631589
1772212560116565,-0.786932144185334,-0.0322135965455983,0.6997609713126605
1772212560119115,-0.7900001057611052,-0.0322135965455983,0.7861760717037048
1772212560121114,-0.7915340865489908,-0.0322135965455983,0.7694939558814441
1772212560123343,-0.7930680673368765,-0.0322135965455983,0.7548307687747771
1772212560123343,-0.7946020481247621,-0.0322135965455983,0.7419489893583224
1772212560123343,-0.7961360289126478,-0.0322135965455983,0.7306390402567786
1772212560131772,-0.7976700097005334,-0.0322135965455983,0.7207160002566091
1772212560133859,-0.7992039904884191,-0.0322135965455983,0.7120167035811993
1772212560134597,-0.8022719520641903,-0.0322135965455983,0.7974405679502631
1772212560138775,-0.803805932852076,-0.0322135965455983,0.7798838321086161
1772212560141782,-0.8053399136399616,-0.0322135965455983,0.7644489214554231
1772212560142783,-0.8068738944278473,-0.0322135965455983,0.750886209497925
1772212560146715,-0.8084078752157329,-0.0322135965455983,0.7389754375660313
1772212560148714,-0.8099418560036186,-0.0322135965455983,0.7285222597743941
1772212560151406,-0.8114758367915041,-0.0322135965455983,0.7193551944594364
1772212560154284,-0.8145437983672754,-0.0322135965455983,0.8043663217936139
1772212560156337,-0.8160777791551611,-0.0322135965455983,0.7864454062153026
1772212560157337,-0.8176117599430467,-0.0322135965455983,0.7706891605003383
1772212560161721,-0.8191457407309324,-0.0322135965455983,0.7568429176059916
1772212560163726,-0.8222137023067037,-0.0337475773334841,0.6997299328680029
1772212560166584,-0.8237476830945893,-0.0337475773334841,0.6921987896931794
1772212560169173,-0.8252816638824749,-0.0337475773334841,0.6856099902165953
1772212560171182,-0.8268156446703606,-0.0337475773334841,0.6798526704737522
1772212560173315,-0.8283496254582462,-0.0337475773334841,0.6748290093194953
1772212560173315,-0.8298836062461319,-0.0337475773334841,0.6704526939787142
1772212560176915,-0.8329515678219032,-0.0337475773334841,0.7596909536430385
1772212560180815,-0.8344855486097889,-0.0337475773334841,0.7454998607089744
1772212560184169,-0.8360195293976744,-0.0337475773334841,0.7330346349742284
1772212560184740,-0.8375535101855601,-0.0337475773334841,0.7220922332388978
1772212560189246,-0.8390874909734457,-0.0337475773334841,0.7124934997383287
1772212560191251,-0.8406214717613314,-0.0337475773334841,0.7040803558566834
1772212560192247,-0.8436894333371027,-0.0337475773334841,0.7897567079849512
1772212560196549,-0.8452234141249882,-0.0337475773334841,0.7724227554602405
1772212560198550,-0.8467573949128739,-0.0337475773334841,0.757184418322
1772212560201471,-0.8482913757007595,-0.0337475773334841,0.7437951535835772
1772212560204307,-0.8498253564886452,-0.0337475773334841,0.7320374233155824
1772212560206297,-0.8513593372765309,-0.0337475773334841,0.7217192822862002
1772212560209153,-0.8544272988523022,-0.0337475773334841,0.8057147545782298
1772212560211799,-0.8559612796401878,-0.0337475773334841,0.7868976727862497
1772212560213800,-0.8574952604280734,-0.0337475773334841,0.7703506921768892
1772212560216543,-0.859029241215959,-0.0337475773334841,0.755806742022764
1772212560218855,-0.8605632220038447,-0.0337475773334841,0.743030171682099
1772212560221855,-0.8620972027917303,-0.0337475773334841,0.7318130541179992
1772212560223388,-0.8651651643675016,-0.0337475773334841,0.8150153118205806
1772212560223388,-0.8666991451553873,-0.0337475773334841,0.7954983348026256
1772212560223388,-0.868233125943273,-0.0337475773334841,0.778333799582102
1772212560231821,-0.8697671067311585,-0.0337475773334841,0.7632449483004886
1772212560233821,-0.8713010875190442,-0.0337475773334841,0.7499875828473167
1772212560234822,-0.8728350683069298,-0.0337475773334841,0.7383462343016106
1772212560239347,-0.8759030298827011,-0.0337475773334841,0.8211741705498249
1772212560241348,-0.8774370106705868,-0.0337475773334841,0.8013269098956634
1772212560242347,-0.8789709914584724,-0.0337475773334841,0.7838709479373022
1772212560246836,-0.880504972246358,-0.0337475773334841,0.7685249554164287
1772212560248841,-0.8835729338221293,-0.035281558121369905,0.7100886621844458
1772212560255393,-0.885106914610015,-0.035281558121369905,0.7013898938678625
1772212560257397,-0.8866408953979006,-0.035281558121369905,0.6937708369132468
1772212560259403,-0.8881748761857863,-0.035281558121369905,0.6871044664545018
1772212560259403,-0.8897088569736719,-0.035281558121369905,0.6812787017273905
1772212560259403,-0.8927768185494431,-0.035281558121369905,0.7692380354626174
1772212560264875,-0.8943107993373288,-0.035281558121369905,0.7539184784734586
1772212560266589,-0.8958447801252144,-0.035281558121369905,0.7404575491606876
1772212560268594,-0.8973787609131001,-0.035281558121369905,0.728636585444747
1772212560271593,-0.9004467224888714,-0.035281558121369905,0.8113060377192248
1772212560274196,-0.9019807032767571,-0.035281558121369905,0.791318938264708
1772212560276708,-0.9035146840646426,-0.035281558121369905,0.7737395891295624
1772212560277711,-0.9050486648525283,-0.035281558121369905,0.7582847255703499
1772212560277711,-0.9081166264282996,-0.035281558121369905,0.8377477956301762
1772212560284379,-0.9096506072161852,-0.035281558121369905,0.8149315353980168
1772212560285741,-0.9111845880040709,-0.035281558121369905,0.7948558679296744
1772212560287961,-0.9127185687919565,-0.03681553890925526,0.6392029445743792
1772212560291857,-0.9157865303677277,-0.03681553890925526,0.7307552449283332
1772212560293850,-0.9173205111556134,-0.03681553890925526,0.7186059526027573
1772212560294851,-0.9188544919434991,-0.03681553890925526,0.7079423156402153
1772212560299336,-0.9203884727313847,-0.03681553890925526,0.6985895510568121
1772212560301291,-0.923456434307156,-0.03681553890925526,0.7834368260953024
1772212560302362,-0.9249904150950417,-0.03681553890925526,0.7653713349619728
1772212560306911,-0.9265243958829272,-0.03681553890925526,0.7494875225808162
1772212560308911,-0.9280583766708129,-0.03681553890925526,0.7355287208633587
1772212560309912,-0.9311263382465842,-0.03681553890925526,0.8163118454894394
1772212560313631,-0.9326603190344698,-0.03681553890925526,0.794660339286328
1772212560316629,-0.9341942998223555,-0.03681553890925526,0.7756123959612634
1772212560317967,-0.9357282806102412,-0.038349519697141066,0.620866288026476
1772212560321391,-0.9387962421860124,-0.038349519697141066,0.7132187196338413
1772212560324390,-0.940330222973898,-0.038349519697141066,0.7017754254730484
1772212560325391,-0.9418642037617837,-0.038349519697141066,0.691734728067668
1772212560329094,-0.9433981845496693,-0.038349519697141066,0.6829316160347016
1772212560331091,-0.9464661461254406,-0.038349519697141066,0.7682638786176951
1772212560334294,-0.9480001269133262,-0.038349519697141066,0.7506263176706917
1772212560336257,-0.9495341077012119,-0.038349519697141066,0.7351200907480666
1772212560339263,-0.9510680884890975,-0.038349519697141066,0.7214944526704727
1772212560340263,-0.9526020692769832,-0.038349519697141066,0.709528157691453
1772212560344399,-0.9556700308527545,-0.038349519697141066,0.7920693764985082
1772212560346405,-0.9572040116406401,-0.038349519697141066,0.771969129866845
1772212560347406,-0.9587379924285258,-0.038349519697141066,0.7542899449871756
1772212560351257,-0.9602719732164113,-0.038349519697141066,0.7387469910651397
1772212560354309,-0.9633399347921826,-0.038349519697141066,0.8181323343342393
1772212560356035,-0.9648739155800683,-0.038349519697141066,0.7952474916396826
1772212560356035,-0.966407896367954,-0.038349519697141066,0.7751113102339224
1772212560356035,-0.9679418771558396,-0.03988350048502687,0.6194049922279243
1772212560363580,-0.9710098387316108,-0.03988350048502687,0.7109101796548184
1772212560366584,-0.9725438195194965,-0.03988350048502687,0.6987193170994922
1772212560367983,-0.9740778003073821,-0.03988350048502687,0.6880190005224559
1772212560371092,-0.9756117810952678,-0.03988350048502687,0.67863387157334
1772212560374097,-0.9786797426710391,-0.03988350048502687,0.7634525898185456
1772212560375098,-0.9802137234589247,-0.03988350048502687,0.7453619015146621
1772212560379390,-0.9817477042468103,-0.03988350048502687,0.7294558563359749
1772212560381401,-0.983281685034696,-0.03988350048502687,0.7154774374442172
1772212560384233,-0.9863496466104673,-0.03988350048502687,0.796243252798865
1772212560386067,-0.9878836273983529,-0.04141748127291223,0.6365810477365301
1772212560389065,-0.9894176081862386,-0.04141748127291223,0.6315523590616284
1772212560390067,-0.9924855697620099,-0.04141748127291223,0.7202149951958462
1772212560394357,-0.9940195505498954,-0.04141748127291223,0.7055159991469736
1772212560396351,-0.9955535313377811,-0.04141748127291223,0.692602623605061
1772212560397351,-0.9970875121256667,-0.04141748127291223,0.681264795569272
1772212560401753,-0.9986214929135524,-0.04141748127291223,0.6713171565094919
1772212560403791,-1.0016894544893238,-0.04141748127291223,0.7556395423041199
1772212560406269,-1.0032234352772094,-0.04141748127291223,0.7371109136026597
1772212560409292,-1.004757416065095,-0.04141748127291223,0.7208184504261104
1772212560410276,-1.0062913968529805,-0.04141748127291223,0.7064990744774071
1772212560414437,-1.0078253776408663,-0.04141748127291223,0.6939206578474085
1772212560416441,-1.0108933392166375,-0.04141748127291223,0.7759217693153646
1772212560417884,-1.012427320004523,-0.04141748127291223,0.7553449573844963
1772212560421997,-1.0139613007924089,-0.04141748127291223,0.7372452737114193
1772212560423990,-1.0154952815802945,-0.04141748127291223,0.7213312914422417
1772212560425926,-1.0185632431560658,-0.04141748127291223,0.8003892567579983
1772212560425926,-1.0200972239439514,-0.04141748127291223,0.7772155511634159
1772212560425926,-1.021631204731837,-0.04141748127291223,0.7568244907282211
1772212560434423,-1.0231651855197226,-0.04141748127291223,0.7388887054336626
1772212560436661,-1.0246991663076084,-0.04141748127291223,0.7231193393808589
1772212560437661,-1.0277671278833795,-0.04141748127291223,0.8023049072404494
1772212560441942,-1.0293011086712651,-0.04141748127291223,0.7792437921257289
1772212560443949,-1.030835089459151,-0.04141748127291223,0.7589520762316059
1772212560444941,-1.0323690702470365,-0.04141748127291223,0.7411039478850346
1772212560449418,-1.0354370318228079,-0.04141748127291223,0.8184553137207381
1772212560451245,-1.0369710126106935,-0.04141748127291223,0.7937757850555206
1772212560453300,-1.038504993398579,-0.04295146206079803,0.6340606312323629
1772212560456981,-1.0400389741864646,-0.04295146206079803,0.628985223062648
1772212560458981,-1.0415729549743504,-0.04295146206079803,0.624563248590589
1772212560459989,-1.043106935762236,-0.04295146206079803,0.620717833263486
1772212560464525,-1.0461748973380072,-0.04295146206079803,0.71042453411635
1772212560466525,-1.047708878125893,-0.04295146206079803,0.6966467716427792
1772212560467526,-1.0492428589137786,-0.04295146206079803,0.6845462492555185
1772212560471338,-1.0507768397016641,-0.04295146206079803,0.6739256445914986
1772212560474338,-1.0538448012774355,-0.04295146206079803,0.7576542372059154
1772212560475338,-1.055378782065321,-0.04295146206079803,0.7386016733454449
1772212560479445,-1.0569127628532067,-0.04295146206079803,0.7218469144403488
1772212560481665,-1.0584467436410925,-0.04295146206079803,0.7071196304958947
1772212560484241,-1.059980724428978,-0.04295146206079803,0.6941812950460899
1772212560487066,-1.0615147052168636,-0.04295146206079803,0.6828214435621696
1772212560489074,-1.0630486860047492,-0.04295146206079803,0.6728543720481472
1772212560490074,-1.0661166475805206,-0.04295146206079803,0.7571596115596292
1772212560494535,-1.0676506283684062,-0.04295146206079803,0.7386158537848043
1772212560496534,-1.069184609156292,-0.04295146206079803,0.7223100414258836
1772212560497535,-1.0707185899441776,-0.04295146206079803,0.7079788867868437
1772212560501274,-1.0722525707320631,-0.04295146206079803,0.6953900771947746
1772212560504327,-1.0737865515199487,-0.04295146206079803,0.6843386308794533
1772212560506135,-1.0768545130957201,-0.04295146206079803,0.7676870690956625
1772212560506135,-1.0783884938836057,-0.04295146206079803,0.7482990748838325
1772212560506135,-1.0799224746714913,-0.04295146206079803,0.731248348021655
1772212560514489,-1.081456455459377,-0.04295146206079803,0.7162599158797754
1772212560516488,-1.0829904362472627,-0.04295146206079803,0.7030911555498898
1772212560517834,-1.0845244170351482,-0.04295146206079803,0.6915279879953098
1772212560522064,-1.086058397823034,-0.04295146206079803,0.6813815199483699
1772212560524070,-1.0875923786109196,-0.04295146206079803,0.6724850808787247
1772212560525065,-1.0906603401866908,-0.04295146206079803,0.7577349960764044
1772212560529583,-1.0921943209745766,-0.04295146206079803,0.7400247756717886
1772212560531580,-1.0937283017624622,-0.04295146206079803,0.7244544374630177
1772212560534229,-1.0952622825503477,-0.04295146206079803,0.7107722306035477
1772212560536204,-1.0967962633382335,-0.04295146206079803,0.6987560219934523
1772212560539204,-1.0983302441261191,-0.04295146206079803,0.6882098118386785
1772212560540194,-1.0998642249140047,-0.04295146206079803,0.6789606591444999
1772212560544466,-1.1013982057018903,-0.04295146206079803,0.6708559689155354
1772212560546462,-1.102932186489776,-0.04295146206079803,0.6637610985088442
1772212560547463,-1.1044661672776617,-0.04141748127291223,0.7955526715650566
1772212560551465,-1.1060001480655473,-0.04141748127291223,0.7761022798251638
1772212560554499,-1.1075341288534328,-0.04141748127291223,0.7589964963205775
1772212560556425,-1.1090681096413186,-0.04141748127291223,0.7439594847883377
1772212560559435,-1.1106020904292042,-0.04141748127291223,0.730747860290487
1772212560560432,-1.1121360712170898,-0.04141748127291223,0.7191468714112321
1772212560564532,-1.1136700520049756,-0.04141748127291223,0.7089670316072257
1772212560566530,-1.1152040327928612,-0.04141748127291223,0.7000411468695809
1772212560568039,-1.1167380135807468,-0.04141748127291223,0.6922216930728604
1772212560572094,-1.1182719943686323,-0.04141748127291223,0.6853785018710816
1772212560574086,-1.1198059751565181,-0.03988350048502687,0.817392144813959
1772212560575093,-1.1213399559444037,-0.03988350048502687,0.798137697091751
1772212560579579,-1.1228739367322893,-0.03988350048502687,0.7812048053674661
1772212560581582,-1.1244079175201749,-0.03988350048502687,0.7663203454060634
1772212560584235,-1.1259418983080607,-0.03988350048502687,0.7532433252354565
1772212560587207,-1.1274758790959463,-0.03988350048502687,0.7417611048802226
1772212560589215,-1.1290098598838318,-0.03988350048502687,0.7316860608326884
1772212560590213,-1.1305438406717176,-0.03988350048502687,0.7228526429390238
1772212560594583,-1.1320778214596032,-0.03988350048502687,0.7151147775340336
1772212560596584,-1.1336118022474888,-0.03988350048502687,0.7083435760896558
1772212560597585,-1.1351457830353744,-0.03988350048502687,0.7024253134340531
1772212560601457,-1.1366797638232602,-0.03988350048502687,0.6972596438273873
1772212560604490,-1.1397477253990314,-0.03988350048502687,0.7858014144335697
1772212560606182,-1.141281706186917,-0.038349519697141066,0.9089911983032445
1772212560608860,-1.1428156869748027,-0.038349519697141066,0.8819509925752391
1772212560610864,-1.1443496677626883,-0.038349519697141066,0.8581483143752594
1772212560614712,-1.145883648550574,-0.038349519697141066,0.8372022781117642
1772212560616711,-1.1474176293384597,-0.038349519697141066,0.8187768082628402
1772212560617712,-1.1489516101263453,-0.038349519697141066,0.802575367603209
1772212560621371,-1.1504855909142309,-0.038349519697141066,0.7883363056400302
1772212560624359,-1.1520195717021164,-0.038349519697141066,0.7758287542913682
1772212560625359,-1.1535535524900022,-0.038349519697141066,0.7648490064261204
1772212560629616,-1.1566215140657734,-0.038349519697141066,0.848260707980604
1772212560631602,-1.158155494853659,-0.038349519697141066,0.8289285343613866
1772212560634620,-1.1596894756415448,-0.038349519697141066,0.8119270609632956
1772212560636981,-1.1612234564294304,-0.038349519697141066,0.7969820877602819
1772212560638984,-1.162757437217316,-0.03988350048502687,0.6458562475802538
1772212560641420,-1.1642914180052018,-0.03988350048502687,0.6483596455662418
1772212560643861,-1.1658253987930873,-0.03988350048502687,0.6506248529962562
1772212560645871,-1.1688933603688585,-0.03988350048502687,0.745723279811274
1772212560649610,-1.1704273411567443,-0.03988350048502687,0.736702922598427
1772212560651554,-1.1719613219446299,-0.03988350048502687,0.7288001107353347
1772212560652623,-1.1734953027325155,-0.03988350048502687,0.7218833682985134
1772212560657230,-1.175029283520401,-0.03988350048502687,0.7158366871201668
1772212560659229,-1.1765632643082868,-0.03988350048502687,0.7105577070522561
1772212560660220,-1.1780972450961724,-0.03988350048502687,0.7059561103170487
1772212560664586,-1.179631225884058,-0.03988350048502687,0.7019522047577732
1772212560666576,-1.1826991874598294,-0.03988350048502687,0.7915190612881493
1772212560667990,-1.1826991874598294,-0.03988350048502687,0.6845745192426541
1772212560672231,-1.1857671490356005,-0.03988350048502687,0.7762984630713209
1772212560674242,-1.1873011298234863,-0.03988350048502687,0.7643006208705
1772212560675239,-1.188835110611372,-0.03988350048502687,0.7537706163709774
1772212560679005,-1.1903690913992575,-0.03988350048502687,0.744535762784356
1772212560682005,-1.191903072187143,-0.03988350048502687,0.7364436894150092
1772212560684625,-1.193437052975029,-0.03988350048502687,0.7293599515315102
1772212560686829,-1.1949710337629145,-0.03988350048502687,0.7231659214296073
1772212560688828,-1.1965050145508,-0.03988350048502687,0.7177569276056004
1772212560692247,-1.1980389953386859,-0.03988350048502687,0.7130406128503424
1772212560694756,-1.1995729761265714,-0.03988350048502687,0.7089354855086519
1772212560695759,-1.201106956914457,-0.03988350048502687,0.7053696411789501
1772212560699649,-1.2026409377023426,-0.03988350048502687,0.7022796348010029
1772212560701061,-1.2041749184902284,-0.03988350048502687,0.699609485439327
1772212560703322,-1.205708899278114,-0.03988350048502687,0.6973097981507973
1772212560707268,-1.2072428800659996,-0.03988350048502687,0.6953369891621197
1772212560709720,-1.2087768608538851,-0.038349519697141066,0.8316480281754286
1772212560710720,-1.210310841641771,-0.038349519697141066,0.816185400515327
1772212560714622,-1.213378803217542,-0.038349519697141066,0.8956416198978979
1772212560716621,-1.214912784005428,-0.038349519697141066,0.8728193149505307
1772212560717954,-1.2164467647933135,-0.038349519697141066,0.8527383139099202
1772212560721569,-1.217980745581199,-0.038349519697141066,0.8350761104341123
1772212560724574,-1.2195147263690846,-0.038349519697141066,0.8195481401037188
1772212560725570,-1.2210487071569704,-0.038349519697141066,0.8059033166663552
1772212560729809,-1.222582687944856,-0.038349519697141066,0.793920093428689
1772212560731805,-1.2241166687327416,-0.038349519697141066,0.7834029880143026
1772212560734663,-1.2256506495206272,-0.038349519697141066,0.7741795159733986
1772212560737252,-1.227184630308513,-0.038349519697141066,0.7660974851444081
1772212560739243,-1.2287186110963986,-0.038349519697141066,0.7590226083258947
1772212560740254,-1.2302525918842842,-0.038349519697141066,0.7528363968107693
1772212560744745,-1.23178657267217,-0.038349519697141066,0.7474343017398017
1772212560746756,-1.2333205534600555,-0.038349519697141066,0.7427240741195524
1772212560747756,-1.2363885150358267,-0.038349519697141066,0.8316677053020018
1772212560751436,-1.2379224958237125,-0.038349519697141066,0.8172166460604096
1772212560754559,-1.239456476611598,-0.038349519697141066,0.8045220382896008
1772212560756257,-1.2409904573994837,-0.03988350048502687,0.655381814667392
1772212560756257,-1.2425244381873692,-0.03988350048502687,0.6596372272632204
1772212560756257,-1.244058418975255,-0.03988350048502687,0.6634483299372288
1772212560764663,-1.2455923997631406,-0.03988350048502687,0.6668673944448912
1772212560766663,-1.2471263805510262,-0.03988350048502687,0.6699405429234417
1772212560767663,-1.2501943421267976,-0.03988350048502687,0.7657518588989585
1772212560772305,-1.2517283229146832,-0.03988350048502687,0.7573605215335761
1772212560774312,-1.2532623037025687,-0.03988350048502687,0.7500127271829785
1772212560775130,-1.2547962844904545,-0.03988350048502687,0.7435857060807114
1772212560775130,-1.2563302652783401,-0.03988350048502687,0.7379711319622655
1772212560775130,-1.2578642460662257,-0.03988350048502687,0.7330734228295357
1772212560784718,-1.2593982268541113,-0.03988350048502687,0.7288082416253873
1772212560786781,-1.260932207641997,-0.03988350048502687,0.7251011732994163
1772212560787794,-1.2624661884298827,-0.03988350048502687,0.7218865575129791
1772212560792307,-1.2640001692177683,-0.03988350048502687,0.7191064586732067
1772212560794814,-1.2670681307935396,-0.03988350048502687,0.8097531446619679
1772212560795827,-1.2686021115814252,-0.03988350048502687,0.7968047808376835
1772212560799791,-1.2701360923693108,-0.03988350048502687,0.7854360807880456
1772212560802341,-1.2716700731571966,-0.03988350048502687,0.7754612017160549
1772212560803343,-1.2732040539450822,-0.03988350048502687,0.7667161646831295
1772212560807367,-1.2747380347329678,-0.03988350048502687,0.7590562823905822
1772212560809372,-1.2762720155208536,-0.03988350048502687,0.7523538895748301
1772212560810371,-1.2778059963087391,-0.04141748127291223,0.6085009144424086
1772212560814723,-1.2808739578845103,-0.04141748127291223,0.7104649338165366
1772212560816724,-1.282407938672396,-0.04141748127291223,0.7075024523911226
1772212560817724,-1.2839419194602817,-0.04141748127291223,0.7049448250463707
1772212560822366,-1.2854759002481673,-0.04141748127291223,0.702744421890421
1772212560824368,-1.2870098810360528,-0.04141748127291223,0.7008592165481546
1772212560825366,-1.2885438618239387,-0.04141748127291223,0.6992521269238271
1772212560829792,-1.2900778426118242,-0.04141748127291223,0.6978904335212098
1772212560831801,-1.2916118233997098,-0.04141748127291223,0.6967452661965728
1772212560834232,-1.2946797849754812,-0.04141748127291223,0.7888345388163273
1772212560837347,-1.2962137657633668,-0.04141748127291223,0.7771590455487932
1772212560839343,-1.2977477465512524,-0.04141748127291223,0.7669134665786583
1772212560840343,-1.2992817273391382,-0.04141748127291223,0.7579295766944468
1772212560844796,-1.3008157081270237,-0.04141748127291223,0.7500589418860498
1772212560846804,-1.3023496889149093,-0.04295146206079803,0.6051751649953638
1772212560849888,-1.3054176504906807,-0.04295146206079803,0.7062296534063738
1772212560852317,-1.3069516312785663,-0.04295146206079803,0.7024646446605528
1772212560854319,-1.3084856120664519,-0.04295146206079803,0.6991989049742479
1772212560856319,-1.3100195928543377,-0.04295146206079803,0.6963736968110973
1772212560859770,-1.3115535736422232,-0.04295146206079803,0.6939371929330141
1772212560861769,-1.3130875544301088,-0.04295146206079803,0.6918436634241591
1772212560864617,-1.3161555160058802,-0.04448544284868339,0.6451007199087117
1772212560867304,-1.3176894967937658,-0.04448544284868339,0.6467196131066707
1772212560869168,-1.3192234775816514,-0.04448544284868339,0.648204375135466
1772212560871163,-1.320757458369537,-0.04448544284868339,0.6495707861326806
1772212560874866,-1.3222914391574228,-0.04448544284868339,0.6508327697490714
1772212560876869,-1.325359400733194,-0.04448544284868339,0.7450459990814805
1772212560877857,-1.3268933815210797,-0.04448544284868339,0.7352445852663402
1772212560881501,-1.3284273623089653,-0.04601942363656919,0.5886571798402749
1772212560884499,-1.3299613430968509,-0.04601942363656919,0.5951650790797763
1772212560885706,-1.3314953238847365,-0.04601942363656919,0.6009636699687737
1772212560889475,-1.3330293046726223,-0.04601942363656919,0.6061364005485019
1772212560891466,-1.3360972662483934,-0.04601942363656919,0.7038002889662086
1772212560893478,-1.337631247036279,-0.04601942363656919,0.6970435743439611
1772212560897359,-1.3391652278241648,-0.04601942363656919,0.6911380941784734
1772212560899865,-1.3406992086120504,-0.04755340442445499,0.547988277266842
1772212560900866,-1.342233189399936,-0.04755340442445499,0.5575293428425745
1772212560904910,-1.3437671701878218,-0.04755340442445499,0.5660042569694568
1772212560906910,-1.346835131763593,-0.04755340442445499,0.666581836752282
1772212560907905,-1.3483691125514785,-0.04755340442445499,0.6623960262757101
1772212560912275,-1.3499030933393643,-0.04755340442445499,0.6587589909446766
1772212560914676,-1.35143707412725,-0.04755340442445499,0.6556061689772847
1772212560916539,-1.3529710549151355,-0.04755340442445499,0.6528805940955105
1772212560919859,-1.354505035703021,-0.04755340442445499,0.650532001936323
1772212560921850,-1.3560390164909069,-0.04755340442445499,0.6485160415911827
1772212560923850,-1.359106978066678,-0.04908738521234035,0.6018415414554661
1772212560926417,-1.3606409588545638,-0.04908738521234035,0.6035208258708522
1772212560929616,-1.3621749396424494,-0.04908738521234035,0.6050588742679825
1772212560930620,-1.363708920430335,-0.04908738521234035,0.6064723026490048
1772212560934586,-1.3652429012182206,-0.04908738521234035,0.6077757721922677
1772212560937387,-1.3667768820061064,-0.04908738521234035,0.6089822192316766
1772212560937785,-1.368310862793992,-0.04908738521234035,0.610103058179381
1772212560937785,-1.3698448435818775,-0.04908738521234035,0.611148360575633
1772212560937785,-1.371378824369763,-0.04908738521234035,0.6121270130735105
1772212560946523,-1.372912805157649,-0.05062136600022615,0.47505143086488266
1772212560949522,-1.3744467859455345,-0.05062136600022615,0.4899521152961892
1772212560951266,-1.3775147475213059,-0.05062136600022615,0.5961994924064994
1772212560953963,-1.3790487283091915,-0.05062136600022615,0.597016444277708
1772212560957479,-1.380582709097077,-0.05062136600022615,0.5977936110182112
1772212560958479,-1.3821166898849626,-0.05062136600022615,0.5985356732316044
1772212560962467,-1.3836506706728484,-0.05062136600022615,0.599246760862305
1772212560964456,-1.385184651460734,-0.05062136600022615,0.5999305179787958
1772212560966558,-1.3867186322486196,-0.05062136600022615,0.6005901599357418
1772212560969380,-1.3882526130365052,-0.05062136600022615,0.6012285238107022
1772212560972392,-1.389786593824391,-0.05062136600022615,0.6018481129074913
1772212560973996,-1.3913205746122765,-0.05062136600022615,0.6024511360234724
1772212560973996,-1.3928545554001621,-0.05062136600022615,0.6030395420976156
1772212560973996,-1.394388536188048,-0.05062136600022615,0.6036150507818846
1772212560982386,-1.3959225169759335,-0.05062136600022615,0.6041791794162646
1772212560984703,-1.397456497763819,-0.05062136600022615,0.6047332668301372
1772212560985730,-1.3989904785517047,-0.05062136600022615,0.6052784943435963
1772212560989050,-1.4005244593395905,-0.052155346788111956,0.4678204783251535
1772212560992036,-1.402058440127476,-0.052155346788111956,0.48238372115959866
1772212560993037,-1.4035924209153616,-0.052155346788111956,0.4952899681617813
1772212560997443,-1.4051264017032472,-0.052155346788111956,0.5067341600178329
1772212560999443,-1.406660382491133,-0.052155346788111956,0.5168883032155845
1772212561001375,-1.4081943632790186,-0.052155346788111956,0.5259041681853562
1772212561004050,-1.4097283440669042,-0.052155346788111956,0.533915670012844
1772212561007051,-1.41126232485479,-0.052155346788111956,0.5410409690677114
1772212561008059,-1.4127963056426756,-0.052155346788111956,0.5473843244996781
1772212561011924,-1.4143302864305611,-0.052155346788111956,0.5530377296761272
1772212561014929,-1.4158642672184467,-0.052155346788111956,0.558082355215389
1772212561016560,-1.4173982480063325,-0.052155346788111956,0.5625898222512336
1772212561019159,-1.418932228794218,-0.052155346788111956,0.5666233259017097
1772212561022149,-1.4204662095821037,-0.052155346788111956,0.5702386265650787
1772212561024269,-1.4220001903699893,-0.052155346788111956,0.5734849245927996
1772212561027397,-1.423534171157875,-0.052155346788111956,0.576405632059637
1772212561028392,-1.4250681519457606,-0.052155346788111956,0.57903905373746
1772212561032411,-1.4250681519457606,-0.052155346788111956,0.48837560043174316
1772212561034399,-1.428136113521532,-0.052155346788111956,0.5944652107955171
1772212561035682,-1.428136113521532,-0.052155346788111956,0.5020995691912553
1772212561040021,-1.4296700943094176,-0.052155346788111956,0.5136438611807275
1772212561042102,-1.4312040750973032,-0.052155346788111956,0.5238863280255637
1772212561043112,-1.4327380558851888,-0.052155346788111956,0.5329801256251675
1772212561047547,-1.4342720366730746,-0.052155346788111956,0.541060391537784
1772212561049538,-1.4358060174609601,-0.052155346788111956,0.5482463647854118
1772212561051016,-1.4358060174609601,-0.052155346788111956,0.46159986874717
1772212561054142,-1.4373399982488457,-0.052155346788111956,0.4781904656478192
1772212561057134,-1.4388739790367313,-0.052155346788111956,0.49288555447314
1772212561058145,-1.4404079598246171,-0.052155346788111956,0.505908136173154
1772212561061654,-1.4419419406125027,-0.052155346788111956,0.5174549762920151
1772212561064648,-1.4434759214003883,-0.052155346788111956,0.5276996914863293
1772212561067574,-1.4434759214003883,-0.052155346788111956,0.443752085401046
1772212561069608,-1.445009902188274,-0.052155346788111956,0.46272405578961684
1772212561071616,-1.4465438829761597,-0.052155346788111956,0.47952035651601066
1772212561073617,-1.4480778637640452,-0.052155346788111956,0.49439694871698864
1772212561077578,-1.4480778637640452,-0.052155346788111956,0.4145362929317028
1772212561079588,-1.4496118445519308,-0.052155346788111956,0.43711439593791857
1772212561080577,-1.4511458253398166,-0.052155346788111956,0.4570925783857812
1772212561084379,-1.4526798061277022,-0.05062136600022615,0.6127721392548523
1772212561087569,-1.4526798061277022,-0.05062136600022615,0.5213559962977785
1772212561087968,-1.4542137869155878,-0.05062136600022615,0.5337380812112229
1772212561087968,-1.4542137869155878,-0.05062136600022615,0.451676389584013
1772212561087968,-1.4557477677034734,-0.05062136600022615,0.47231240214147224
1772212561096838,-1.4572817484913592,-0.05062136600022615,0.4905769753698437
1772212561099828,-1.4588157292792447,-0.05062136600022615,0.5067491021313728
1772212561100828,-1.4588157292792447,-0.04908738521234035,0.5660269910486817
1772212561105103,-1.4603497100671303,-0.04908738521234035,0.5755809975017704
1772212561107103,-1.4603497100671303,-0.04908738521234035,0.4910239425271876
1772212561108105,-1.4618836908550161,-0.04908738521234035,0.5094581638958058
1772212561112537,-1.4634176716429017,-0.04908738521234035,0.5257799801928124
1772212561114537,-1.4649516524307873,-0.04908738521234035,0.540237909661978
1772212561117576,-1.4649516524307873,-0.04755340442445499,0.5980032715565733
1772212561120043,-1.4664856332186729,-0.04755340442445499,0.6062226953426182
1772212561122029,-1.4664856332186729,-0.04755340442445499,0.5204880674265091
1772212561122931,-1.4680196140065587,-0.04755340442445499,0.5378832538467043
1772212561125887,-1.4695535947944443,-0.04755340442445499,0.5532882746010191
1772212561125887,-1.4695535947944443,-0.04755340442445499,0.47389387930397187
1772212561131769,-1.4710875755823298,-0.04755340442445499,0.49688338862332193
1772212561134677,-1.4726215563702154,-0.04755340442445499,0.5172245766416143
1772212561136682,-1.4726215563702154,-0.04755340442445499,0.4421856230480764
1772212561140035,-1.4741555371581012,-0.04755340442445499,0.46901816916465794
1772212561142029,-1.4756895179459868,-0.04601942363656919,0.6307456979767163
1772212561143026,-1.4756895179459868,-0.04601942363656919,0.5446659973222786
1772212561147525,-1.4772234987338724,-0.04601942363656919,0.5617567077968724
1772212561149822,-1.4787574795217582,-0.04601942363656919,0.5768930733051029
1772212561150833,-1.4787574795217582,-0.04601942363656919,0.4972616292614933
1772212561155026,-1.4802914603096438,-0.04601942363656919,0.5200419779221119
1772212561157038,-1.4802914603096438,-0.04601942363656919,0.44715522489534987
1772212561158035,-1.4818254410975293,-0.04601942363656919,0.47588677151202763
1772212561162539,-1.483359421885415,-0.04601942363656919,0.5012944630279277
1772212561164534,-1.483359421885415,-0.04448544284868339,0.5687213796696987
1772212561167556,-1.4848934026733007,-0.04448544284868339,0.5854657047032295
1772212561170111,-1.4864273834611863,-0.04448544284868339,0.6002964359986885
1772212561172119,-1.4864273834611863,-0.04448544284868339,0.5203953147085503
1772212561172962,-1.4879613642490719,-0.04448544284868339,0.5429377128575432
1772212561172962,-1.4894953450369577,-0.04448544284868339,0.5628843910196207
1772212561172962,-1.4894953450369577,-0.04448544284868339,0.4874973404941288
1772212561182592,-1.4910293258248433,-0.04448544284868339,0.514022742258986
1772212561184586,-1.4925633066127288,-0.04448544284868339,0.5374838353762381
1772212561185647,-1.4925633066127288,-0.04448544284868339,0.4651977392229588
1772212561189334,-1.4940972874006144,-0.04448544284868339,0.49445927719857496
1772212561192648,-1.4956312681885002,-0.04448544284868339,0.5203346081488838
1772212561193649,-1.4956312681885002,-0.04295146206079803,0.5881741478209412
1772212561197629,-1.4971652489763858,-0.04295146206079803,0.6052825519988474
1772212561199625,-1.4986992297642714,-0.04295146206079803,0.6204345295982185
1772212561201227,-1.4986992297642714,-0.04295146206079803,0.5408168609291619
1772212561205164,-1.500233210552157,-0.04295146206079803,0.5636093643320332
1772212561207356,-1.5017671913400428,-0.04295146206079803,0.5837767236005086
1772212561208362,-1.5017671913400428,-0.04295146206079803,0.5085843916982915
1772212561212574,-1.5033011721279284,-0.04295146206079803,0.53528160401308
1772212561214574,-1.504835152915814,-0.04295146206079803,0.5588942946744062
1772212561217545,-1.504835152915814,-0.04295146206079803,0.48674196106001594
1772212561220205,-1.5063691337036997,-0.04295146206079803,0.5161215248052572
1772212561222210,-1.5079031144915853,-0.04295146206079803,0.542100996140495
1772212561223211,-1.5079031144915853,-0.04295146206079803,0.47203699841485036
1772212561227656,-1.509437095279471,-0.04295146206079803,0.5032592114736734
1772212561229656,-1.5109710760673565,-0.04295146206079803,0.530864549850324
1772212561230656,-1.5109710760673565,-0.04295146206079803,0.4622351406906319
1772212561234522,-1.5125050568552423,-0.04295146206079803,0.4947231671900184
1772212561237563,-1.5140390376431279,-0.04295146206079803,0.5234453997789139
1772212561237994,-1.5140390376431279,-0.04295146206079803,0.45580148551237887
1772212561237994,-1.5155730184310134,-0.04295146206079803,0.48915906632925704
1772212561237994,-1.517106999218899,-0.04295146206079803,0.5186485527276868
1772212561247588,-1.517106999218899,-0.04295146206079803,0.45168162711664034
1772212561249589,-1.5186409800067848,-0.04295146206079803,0.4856365508648492
1772212561251060,-1.5201749607946704,-0.04295146206079803,0.5156531045556123
1772212561254282,-1.5201749607946704,-0.04295146206079803,0.44915123832015413
1772212561257714,-1.521708941582556,-0.04295146206079803,0.48351650857621775
1772212561259233,-1.5232429223704418,-0.04141748127291223,0.6518905586878191
1772212561259233,-1.5232429223704418,-0.04141748127291223,0.5716754356506252
1772212561259233,-1.5247769031583274,-0.04141748127291223,0.593940773434569
1772212561267572,-1.526310883946213,-0.04141748127291223,0.6136429865686449
1772212561269424,-1.526310883946213,-0.04141748127291223,0.5380402316066981
1772212561271423,-1.5278448647340985,-0.04141748127291223,0.5643753059276246
1772212561275137,-1.5278448647340985,-0.04141748127291223,0.4946250755422933
1772212561277136,-1.5293788455219843,-0.04141748127291223,0.5261241421367043
1772212561278144,-1.53091282630987,-0.04141748127291223,0.5539737630447389
1772212561282727,-1.53091282630987,-0.04141748127291223,0.4855598972950914
1772212561284665,-1.5324468070977555,-0.04141748127291223,0.5182381091562649
1772212561285721,-1.533980787885641,-0.04141748127291223,0.547128152358519
1772212561290268,-1.533980787885641,-0.04141748127291223,0.47963230628024156
1772212561292268,-1.5355147686735269,-0.04141748127291223,0.5131205354985235
1772212561293268,-1.5355147686735269,-0.04141748127291223,0.4496819123755647
1772212561296791,-1.5370487494614125,-0.04141748127291223,0.4867500442014807
1772212561299784,-1.538582730249298,-0.04141748127291223,0.5195135461961375
1772212561301166,-1.538582730249298,-0.04141748127291223,0.4554354578758623
1772212561304720,-1.5401167110371838,-0.04141748127291223,0.4919393557041464
1772212561307117,-1.5401167110371838,-0.04141748127291223,0.4311616166488365
1772212561309106,-1.5416506918250694,-0.04141748127291223,0.4705775873579721
1772212561311775,-1.543184672612955,-0.04141748127291223,0.5054127118966291
1772212561314788,-1.543184672612955,-0.04141748127291223,0.4431625258210771
1772212561317566,-1.5447186534008406,-0.04141748127291223,0.4812792785711757
1772212561319519,-1.5447186534008406,-0.04141748127291223,0.4219246467998197
1772212561322528,-1.5462526341887264,-0.04141748127291223,0.4625963004065619
1772212561324269,-1.5462526341887264,-0.04141748127291223,0.4054959929204797
1772212561324269,-1.547786614976612,-0.03988350048502687,0.5861521821633553
1772212561328215,-1.5493205957644975,-0.03988350048502687,0.6098176282352465
1772212561332666,-1.5493205957644975,-0.03988350048502687,0.5377118435125482
1772212561335051,-1.5508545765523831,-0.03988350048502687,0.5671324798092823
1772212561336082,-1.5508545765523831,-0.03988350048502687,0.5001048041084871
1772212561340219,-1.552388557340269,-0.03988350048502687,0.5340061248363124
1772212561342220,-1.5539225381281545,-0.03988350048502687,0.5639753817444185
1772212561343107,-1.5539225381281545,-0.03988350048502687,0.4974317830536575
1772212561343107,-1.55545651891604,-0.03988350048502687,0.531760230555025
1772212561349901,-1.55545651891604,-0.03988350048502687,0.4690629765053941
1772212561352344,-1.556990499703926,-0.03988350048502687,0.5067852575136754
1772212561354350,-1.5585244804918115,-0.03988350048502687,0.5401259499633261
1772212561356346,-1.5585244804918115,-0.03988350048502687,0.47655714733865107
1772212561360268,-1.560058461279697,-0.03988350048502687,0.5135104148983469
1772212561362271,-1.560058461279697,-0.03988350048502687,0.4531291785472238
1772212561363269,-1.5615924420675826,-0.03988350048502687,0.4928950045835831
1772212561367670,-1.5631264228554684,-0.03988350048502687,0.5280388249992194
1772212561370368,-1.5631264228554684,-0.03988350048502687,0.46606101763863206
1772212561371363,-1.564660403643354,-0.03988350048502687,0.5044181045489935
1772212561375243,-1.564660403643354,-0.03988350048502687,0.44527553233081063
1772212561377230,-1.5661943844312396,-0.03988350048502687,0.4861342973079824
1772212561378242,-1.5661943844312396,-0.03988350048502687,0.42919908808994356
1772212561382799,-1.5677283652191252,-0.03988350048502687,0.47200552630255366
1772212561384657,-1.569262346007011,-0.03988350048502687,0.5098322398148818
1772212561385951,-1.569262346007011,-0.03988350048502687,0.4502216910690226
1772212561390264,-1.5707963267948966,-0.03988350048502687,0.4906675355806147
1772212561391726,-1.5707963267948966,-0.03988350048502687,0.43336798477528243
1772212561394128,-1.5723303075827821,-0.03988350048502687,0.47585294511673415
1772212561397730,-1.5723303075827821,-0.03988350048502687,0.4203526141612953
1772212561399466,-1.573864288370668,-0.038349519697141066,0.6024205474018546
1772212561401116,-1.5753982691585535,-0.038349519697141066,0.6273316499422334
1772212561404498,-1.5753982691585535,-0.038349519697141066,0.5563249738682009
1772212561407489,-1.576932249946439,-0.038349519697141066,0.5867154119137579
1772212561408492,-1.576932249946439,-0.038349519697141066,0.5205434436383944
1772212561412801,-1.5784662307343247,-0.038349519697141066,0.5551998003298189
1772212561414808,-1.5800002115222105,-0.038349519697141066,0.585835265441135
1772212561417741,-1.5800002115222105,-0.038349519697141066,0.5198794975178951
1772212561420373,-1.581534192310096,-0.038349519697141066,0.5547266192258987
1772212561422378,-1.5830681730979816,-0.038349519697141066,0.5855304064106501
1772212561423377,-1.5830681730979816,-0.038349519697141066,0.5197231579639879
1772212561427758,-1.5846021538858672,-0.038349519697141066,0.554701326268989
1772212561429768,-1.586136134673753,-0.03988350048502687,0.44762531683131856
1772212561430768,-1.586136134673753,-0.03988350048502687,0.3959528250085069
1772212561434520,-1.5876701154616386,-0.03988350048502687,0.44340283739337627
1772212561437633,-1.5876701154616386,-0.03988350048502687,0.39228343471152394
1772212561438149,-1.5892040962495242,-0.03988350048502687,0.4402214669266346
1772212561438149,-1.59073807703741,-0.03988350048502687,0.48257605750002674
1772212561443507,-1.59073807703741,-0.03988350048502687,0.4269606943962657
1772212561446821,-1.5922720578252956,-0.03988350048502687,0.47093170270969203
1772212561450150,-1.5938060386131812,-0.03988350048502687,0.5097859780756987
1772212561451110,-1.5938060386131812,-0.03988350048502687,0.4510821015536733
1772212561455398,-1.5953400194010667,-0.03988350048502687,0.492327950968631
1772212561457398,-1.5953400194010667,-0.03988350048502687,0.43573428684275645
1772212561458398,-1.5968740001889525,-0.03988350048502687,0.47884208837199926
1772212561462798,-1.5984079809768381,-0.03988350048502687,0.5169347106930864
1772212561464798,-1.5984079809768381,-0.03988350048502687,0.4575587873667378
1772212561467888,-1.5999419617647237,-0.03988350048502687,0.4982116543073097
1772212561469251,-1.6014759425526093,-0.03988350048502687,0.5341381578737219
1772212561472761,-1.6014759425526093,-0.03988350048502687,0.4728509532932308
1772212561474732,-1.603009923340495,-0.03988350048502687,0.5118173955977949
1772212561477734,-1.603009923340495,-0.03988350048502687,0.45321248990390856
1772212561478735,-1.6045439041283807,-0.03988350048502687,0.49454566652016546
1772212561482858,-1.6060778849162662,-0.03988350048502687,0.531072443329846
1772212561484649,-1.6060778849162662,-0.03988350048502687,0.4703148916110626
1772212561486699,-1.607611865704152,-0.04141748127291223,0.3717532487033002
1772212561490327,-1.607611865704152,-0.04141748127291223,0.32759343323036805
1772212561492327,-1.6091458464920376,-0.04141748127291223,0.38167227768866047
1772212561493314,-1.6091458464920376,-0.04141748127291223,0.3364018444833581
1772212561497785,-1.6106798272799232,-0.04141748127291223,0.38950073211897085
1772212561499784,-1.6122138080678088,-0.04141748127291223,0.43640901865157844
1772212561501020,-1.6122138080678088,-0.04141748127291223,0.38481162257068874
1772212561507398,-1.6137477888556946,-0.04141748127291223,0.4323278959043299
1772212561509402,-1.6137477888556946,-0.04141748127291223,0.38126695876549443
1772212561509402,-1.6152817696435802,-0.04141748127291223,0.4292565782244434
1772212561516660,-1.6152817696435802,-0.04141748127291223,0.37861329943150196
1772212561516660,-1.6168157504314657,-0.04141748127291223,0.4269714409603745
1772212561517673,-1.6168157504314657,-0.03988350048502687,0.5146487546723583
1772212561518432,-1.6183497312193513,-0.03988350048502687,0.5492610771207876
1772212561525763,-1.6183497312193513,-0.03988350048502687,0.48681430096562317
1772212561525763,-1.6198837120072371,-0.03988350048502687,0.5247575918807866
1772212561527638,-1.6198837120072371,-0.03988350048502687,0.46524990554917667
1772212561528636,-1.6198837120072371,-0.03988350048502687,0.41274312349187375
1772212561532901,-1.6214176927951227,-0.03988350048502687,0.4594569974345277
1772212561534897,-1.6214176927951227,-0.03988350048502687,0.4076880608330909
1772212561536048,-1.6229516735830083,-0.03988350048502687,0.4550529748838792
1772212561540464,-1.6229516735830083,-0.03988350048502687,0.40385848543666136
1772212561542461,-1.624485654370894,-0.03988350048502687,0.4517302646235254
1772212561545473,-1.624485654370894,-0.03988350048502687,0.40098300911990364
1772212561547952,-1.6260196351587797,-0.03988350048502687,0.44924940649229356
1772212561549952,-1.6260196351587797,-0.03988350048502687,0.39885034350531234
1772212561550952,-1.6275536159466653,-0.038349519697141066,0.5854193955415522
1772212561555394,-1.6275536159466653,-0.038349519697141066,0.5212586859672748
1772212561557394,-1.6275536159466653,-0.038349519697141066,0.4646462951664417
1772212561558394,-1.6290875967345508,-0.038349519697141066,0.5077375731589222
1772212561562889,-1.6290875967345508,-0.038349519697141066,0.45277222836615566
1772212561564890,-1.6306215775224366,-0.038349519697141066,0.4973167822481237
1772212561567693,-1.6306215775224366,-0.038349519697141066,0.4436337397107703
1772212561569573,-1.6321555583103222,-0.038349519697141066,0.48930973675927925
1772212561572573,-1.6321555583103222,-0.038349519697141066,0.43662502642769724
1772212561573573,-1.6321555583103222,-0.038349519697141066,0.3901385173115955
1772212561577877,-1.6336895390982078,-0.038349519697141066,0.4421643967906207
1772212561579877,-1.6336895390982078,-0.038349519697141066,0.39508252389772947
1772212561580878,-1.6352235198860934,-0.03681553890925526,0.584578508369914
1772212561585027,-1.6352235198860934,-0.03681553890925526,0.5230003862391341
1772212561587060,-1.6367575006739792,-0.03681553890925526,0.5617101365875783
1772212561590462,-1.6367575006739792,-0.03681553890925526,0.502878737991216
1772212561591462,-1.6367575006739792,-0.03681553890925526,0.4509686804061904
1772212561591462,-1.6382914814618648,-0.03681553890925526,0.49820907594203023
1772212561597156,-1.6382914814618648,-0.03681553890925526,0.44690471721693387
1772212561600504,-1.6398254622497503,-0.03681553890925526,0.4946795529233167
1772212561601371,-1.6398254622497503,-0.03681553890925526,0.4438467590545647
1772212561605072,-1.6398254622497503,-0.03681553890925526,0.39899429387625407
1772212561607083,-1.6413594430376361,-0.03681553890925526,0.4524619768298009
1772212561609084,-1.6413594430376361,-0.03681553890925526,0.40665228347325216
1772212561613010,-1.6428934238255217,-0.035281558121369905,0.5972707793010102
1772212561615010,-1.6428934238255217,-0.035281558121369905,0.5366831083663469
1772212561617584,-1.6444274046134073,-0.035281558121369905,0.5762667862407417
1772212561620205,-1.6444274046134073,-0.035281558121369905,0.5182065001673114
1772212561622202,-1.6444274046134073,-0.035281558121369905,0.46697683598487294
1772212561624201,-1.6459613854012929,-0.035281558121369905,0.5148175786406599
1772212561628020,-1.6459613854012929,-0.035281558121369905,0.46404293796255836
1772212561630025,-1.6474953661891787,-0.035281558121369905,0.5122851719457016
1772212561631024,-1.6474953661891787,-0.035281558121369905,0.46186478832114963
1772212561634858,-1.6490293469770643,-0.035281558121369905,0.5104196020574246
1772212561637904,-1.6490293469770643,-0.035281558121369905,0.46027502409740095
1772212561639727,-1.6505633277649499,-0.035281558121369905,0.5090731957729657
1772212561642415,-1.6505633277649499,-0.035281558121369905,0.4591433454064327
1772212561642415,-1.6520973085528354,-0.035281558121369905,0.5081309826056485
1772212561647033,-1.6520973085528354,-0.035281558121369905,0.4583683077011779
1772212561650550,-1.6536312893407212,-0.035281558121369905,0.5075034526610714
1772212561651323,-1.6536312893407212,-0.035281558121369905,0.4578709316630468
1772212561654666,-1.6551652701286068,-0.035281558121369905,0.507120918305064
1772212561657657,-1.6551652701286068,-0.035281558121369905,0.4575897282030653
1772212561658657,-1.6566992509164924,-0.035281558121369905,0.5069291244592401
1772212561662924,-1.6566992509164924,-0.035281558121369905,0.4574768251932457
1772212561664997,-1.6582332317043782,-0.035281558121369905,0.5068858310106009
1772212561667583,-1.6582332317043782,-0.035281558121369905,0.4574949519456479
1772212561670259,-1.6597672124922638,-0.035281558121369905,0.5069581520580396
1772212561672258,-1.6597672124922638,-0.035281558121369905,0.4576150914887071
1772212561674758,-1.6613011932801494,-0.035281558121369905,0.5071204843913351
1772212561677758,-1.6613011932801494,-0.035281558121369905,0.45781465275458105
1772212561678757,-1.662835174068035,-0.035281558121369905,0.5073528947153837
1772212561682942,-1.662835174068035,-0.035281558121369905,0.45807604754170783
1772212561685473,-1.6643691548559207,-0.035281558121369905,0.5076398640287558
1772212561686677,-1.6643691548559207,-0.035281558121369905,0.4583855826135319
1772212561689686,-1.6659031356438063,-0.035281558121369905,0.5079693100639199
1772212561692684,-1.667437116431692,-0.035281558121369905,0.5517759846683875
1772212561693686,-1.667437116431692,-0.035281558121369905,0.4974418721803157
1772212561697986,-1.667437116431692,-0.03681553890925526,0.3115045822475957
1772212561699988,-1.6689710972195777,-0.03681553890925526,0.3762790558261584
1772212561700989,-1.6689710972195777,-0.03681553890925526,0.34044594243284193
1772212561705515,-1.6705050780074633,-0.03681553890925526,0.4018718769613664
1772212561707515,-1.6705050780074633,-0.03681553890925526,0.3630841702886387
1772212561708517,-1.6720390587953489,-0.03681553890925526,0.4219031107471117
1772212561713033,-1.6735730395832344,-0.03681553890925526,0.47385850271167157
1772212561715122,-1.6735730395832344,-0.03681553890925526,0.4267144349530757
1772212561717567,-1.6751070203711202,-0.03681553890925526,0.4781601156299003
1772212561719714,-1.6751070203711202,-0.03681553890925526,0.4305663026174201
1772212561722713,-1.6751070203711202,-0.03681553890925526,0.3885717617240554
1772212561723713,-1.6766410011590058,-0.03681553890925526,0.44456114257608376
1772212561727340,-1.6766410011590058,-0.03681553890925526,0.400976476777019
1772212561730339,-1.6781749819468914,-0.03681553890925526,0.45556280624164774
1772212561730978,-1.679708962734777,-0.03681553890925526,0.5037835414469506
1772212561734240,-1.679708962734777,-0.03681553890925526,0.4533441883125398
1772212561734240,-1.679708962734777,-0.03681553890925526,0.4088388767233537
1772212561740648,-1.6812429435226628,-0.03681553890925526,0.46261287166730447
1772212561742648,-1.6812429435226628,-0.03681553890925526,0.41707345359640646
1772212561743649,-1.6827769243105484,-0.03681553890925526,0.469935001644729
1772212561748077,-1.6827769243105484,-0.03681553890925526,0.42359048337180605
1772212561750075,-1.684310905098434,-0.03681553890925526,0.475741648888913
1772212561751375,-1.684310905098434,-0.03681553890925526,0.4287703225002287
1772212561755629,-1.6858448858863198,-0.03681553890925526,0.4803684220328747
1772212561757629,-1.6858448858863198,-0.03681553890925526,0.43290909624610235
1772212561760140,-1.6873788666742053,-0.03681553890925526,0.48407660807451863
1772212561763047,-1.6873788666742053,-0.03681553890925526,0.4362373519605191
1772212561765046,-1.688912847462091,-0.03681553890925526,0.4870696311472815
1772212561768114,-1.688912847462091,-0.03681553890925526,0.43893458152592313
1772212561770429,-1.6904468282499765,-0.038349519697141066,0.35151044046877283
1772212561772435,-1.6904468282499765,-0.038349519697141066,0.3171778325111432
1772212561774834,-1.6919808090378623,-0.038349519697141066,0.3799277424241316
1772212561777839,-1.6919808090378623,-0.038349519697141066,0.34230824932589654
1772212561778839,-1.6935147898257479,-0.038349519697141066,0.40215796646772817
1772212561783071,-1.6935147898257479,-0.038349519697141066,0.36197947974791855
1772212561784450,-1.6950487706136335,-0.038349519697141066,0.419571261341319
1772212561786741,-1.6950487706136335,-0.038349519697141066,0.37740047854934733
1772212561790621,-1.6950487706136335,-0.038349519697141066,0.340190964321137
1772212561792621,-1.696582751401519,-0.038349519697141066,0.4004024275247722
1772212561793622,-1.696582751401519,-0.038349519697141066,0.36054312850653686
1772212561798051,-1.6981167321894048,-0.038349519697141066,0.41841654630720904
1772212561800046,-1.6981167321894048,-0.038349519697141066,0.376494266051065
1772212561801047,-1.6996507129772904,-0.038349519697141066,0.4325474062888764
1772212561805696,-1.6996507129772904,-0.038349519697141066,0.3890189987713848
1772212561807695,-1.6996507129772904,-0.038349519697141066,0.350611580373598
1772212561808696,-1.701184693765176,-0.038349519697141066,0.40976606930994286
1772212561813093,-1.701184693765176,-0.038349519697141066,0.36897414593823313
1772212561815092,-1.7027186745530618,-0.038349519697141066,0.42602465989762156
1772212561818030,-1.7027186745530618,-0.038349519697141066,0.38337628801679824
1772212561819746,-1.7042526553409474,-0.038349519697141066,0.4387887591739932
1772212561822750,-1.7042526553409474,-0.038349519697141066,0.3946950554089159
1772212561823750,-1.7042526553409474,-0.038349519697141066,0.35578884620443596
1772212561828152,-1.705786636128833,-0.038349519697141066,0.4145032256054803
1772212561830152,-1.705786636128833,-0.038349519697141066,0.3733229702908413
1772212561831152,-1.705786636128833,-0.038349519697141066,0.33698745089557164
1772212561834735,-1.7073206169167185,-0.038349519697141066,0.397970086010608
1772212561837792,-1.7073206169167185,-0.038349519697141066,0.3587912327965673
1772212561839644,-1.7088545977046044,-0.038349519697141066,0.41726504395389874
1772212561839644,-1.7088545977046044,-0.03681553890925526,0.5138679485145455
1772212561839644,-1.71038857849249,-0.03681553890925526,0.5563557922999913
1772212561848153,-1.71038857849249,-0.03681553890925526,0.5008580055598412
1772212561850153,-1.71038857849249,-0.03681553890925526,0.45188937020088515
1772212561851149,-1.7119225592803755,-0.03681553890925526,0.5017251382891565
1772212561855683,-1.7119225592803755,-0.03681553890925526,0.4527108141691296
1772212561857683,-1.713456540068261,-0.03681553890925526,0.5025062686446913
1772212561858684,-1.713456540068261,-0.03681553890925526,0.45345637368992064
1772212561862630,-1.713456540068261,-0.03681553890925526,0.4101770546121818
1772212561865630,-1.714990520856147,-0.03681553890925526,0.4650328076544685
1772212561867625,-1.7165245016440325,-0.03681553890925526,0.5134912695459057
1772212561870623,-1.7165245016440325,-0.03681553890925526,0.4632616752522188
1772212561872628,-1.7165245016440325,-0.03681553890925526,0.4189414449930833
1772212561873632,-1.718058482431918,-0.03681553890925526,0.4728787469929609
1772212561878101,-1.718058482431918,-0.03681553890925526,0.4274834233831748
1772212561880096,-1.7195924632198039,-0.03681553890925526,0.4804721136030669
1772212561883224,-1.7195924632198039,-0.03681553890925526,0.43423977959917576
1772212561884950,-1.7195924632198039,-0.03681553890925526,0.3934465437133894
1772212561887988,-1.7211264440076894,-0.03681553890925526,0.4504958995721047
1772212561889715,-1.722660424795575,-0.03681553890925526,0.5008898933604079
1772212561889715,-1.722660424795575,-0.038349519697141066,0.31437269535594775
1772212561889715,-1.722660424795575,-0.038349519697141066,0.2855920978191763
1772212561898137,-1.7241944055834606,-0.038349519697141066,0.3532408404564169
1772212561900145,-1.7241944055834606,-0.038349519697141066,0.3199438468207917
1772212561901145,-1.7241944055834606,-0.038349519697141066,0.2905641465540636
1772212561905668,-1.7257283863713464,-0.038349519697141066,0.3576842691354946
1772212561907669,-1.7257283863713464,-0.038349519697141066,0.32392084603882654
1772212561908669,-1.727262367159232,-0.038349519697141066,0.3871729778879231
1772212561913111,-1.727262367159232,-0.038349519697141066,0.34999662179217084
1772212561915116,-1.727262367159232,-0.038349519697141066,0.31719395464886
1772212561918072,-1.7287963479471176,-0.038349519697141066,0.3812938123391714
1772212561920078,-1.7287963479471176,-0.038349519697141066,0.3448654496327091
1772212561923077,-1.7287963479471176,-0.038349519697141066,0.31272277665641884
1772212561925688,-1.7303303287350031,-0.03681553890925526,0.5154004081138395
1772212561927687,-1.7303303287350031,-0.03681553890925526,0.4654531509700327
1772212561928689,-1.7303303287350031,-0.03681553890925526,0.42138204172549737
1772212561932396,-1.731864309522889,-0.03681553890925526,0.4755391563853336
1772212561935741,-1.731864309522889,-0.03681553890925526,0.43033778512255255
1772212561937598,-1.731864309522889,-0.03681553890925526,0.39045422224362814
1772212561940603,-1.7333982903107745,-0.03681553890925526,0.4483062307554396
1772212561941604,-1.7333982903107745,-0.03681553890925526,0.4063650599503183
1772212561945617,-1.73493227109866,-0.03681553890925526,0.46240153205667905
1772212561947615,-1.73493227109866,-0.03681553890925526,0.41885841736437807
1772212561949896,-1.73493227109866,-0.03681553890925526,0.3804380220476419
1772212561952525,-1.73493227109866,-0.03681553890925526,0.34653767323875706
1772212561955530,-1.736466251886546,-0.03681553890925526,0.40966898828297366
1772212561956531,-1.736466251886546,-0.03681553890925526,0.3723860291240748
1772212561960778,-1.736466251886546,-0.03681553890925526,0.3394893004544582
1772212561963287,-1.7380002326744315,-0.03681553890925526,0.40350616268038203
1772212561964284,-1.7380002326744315,-0.03681553890925526,0.36700456868181314
1772212561967714,-1.739534213462317,-0.03681553890925526,0.42784066738219084
1772212561970470,-1.739534213462317,-0.03681553890925526,0.38853251733166944
1772212561973031,-1.739534213462317,-0.03681553890925526,0.35384885552238593
1772212561975702,-1.7410681942502026,-0.03681553890925526,0.4162890120368218
1772212561978274,-1.7410681942502026,-0.035281558121369905,0.5163916330890256
1772212561979280,-1.7410681942502026,-0.035281558121369905,0.46892407449149237
1772212561983225,-1.7426021750380885,-0.035281558121369905,0.520084322075137
1772212561985771,-1.7426021750380885,-0.035281558121369905,0.4722386563333805
1772212561986770,-1.7426021750380885,-0.035281558121369905,0.43002189244359534
1772212561990792,-1.744136155825974,-0.035281558121369905,0.4858151941811352
1772212561992795,-1.744136155825974,-0.035281558121369905,0.4420575173986981
1772212561993800,-1.744136155825974,-0.035281558121369905,0.4034478025906653
1772212561998238,-1.7456701366138596,-0.035281558121369905,0.4624237946944574
1772212562000231,-1.7456701366138596,-0.035281558121369905,0.4214743741175368
1772212562001099,-1.7472041174017452,-0.035281558121369905,0.47838591995464597
1772212562005855,-1.7472041174017452,-0.035281558121369905,0.4356149291424341
1772212562008193,-1.7472041174017452,-0.035281558121369905,0.3978758196022472
1772212562010792,-1.748738098189631,-0.035281558121369905,0.4576199928247439
1772212562012921,-1.748738098189631,-0.035281558121369905,0.4173483791172515
1772212562015576,-1.748738098189631,-0.035281558121369905,0.38181460231652287
1772212562018031,-1.7502720789775166,-0.035281558121369905,0.443504657367919
1772212562020350,-1.7502720789775166,-0.035281558121369905,0.40494999821537214
1772212562023357,-1.7502720789775166,-0.035281558121369905,0.37093118131606617
1772212562024358,-1.7518060597654022,-0.035281558121369905,0.4339579656922641
1772212562028305,-1.7518060597654022,-0.035281558121369905,0.3965827735909958
1772212562030303,-1.753340040553288,-0.035281558121369905,0.4566480504360506
1772212562033264,-1.753340040553288,-0.035281558121369905,0.41665976345436195
1772212562035882,-1.753340040553288,-0.035281558121369905,0.3813759808234602
1772212562037888,-1.7548740213411735,-0.035281558121369905,0.44328661896589705
1772212562039888,-1.7548740213411735,-0.035281558121369905,0.4049265919524868
1772212562043336,-1.7548740213411735,-0.035281558121369905,0.37107950929359534
1772212562045336,-1.7564080021290591,-0.035281558121369905,0.4342578238819066
1772212562046336,-1.7564080021290591,-0.035281558121369905,0.3970163349089908
1772212562050801,-1.7564080021290591,-0.035281558121369905,0.3641561975799475
1772212562052555,-1.7579419829169447,-0.035281558121369905,0.42820534628284773
1772212562054560,-1.7579419829169447,-0.035281558121369905,0.3917322403521992
1772212562058257,-1.7594759637048305,-0.035281558121369905,0.45259347558309493
1772212562060250,-1.7594759637048305,-0.035281558121369905,0.41330750482420714
1772212562061753,-1.7594759637048305,-0.035281558121369905,0.3786434129781296
1772212562065713,-1.761009944492716,-0.035281558121369905,0.4411008371071762
1772212562068062,-1.761009944492716,-0.035281558121369905,0.403223268317245
1772212562069084,-1.761009944492716,-0.035281558121369905,0.36980188409083514
1772212562072432,-1.7625439252806017,-0.035281558121369905,0.4333558149431178
1772212562075432,-1.7625439252806017,-0.035281558121369905,0.3964457520854538
1772212562076935,-1.7625439252806017,-0.035281558121369905,0.3638780495639856
1772212562080894,-1.7640779060684872,-0.035281558121369905,0.42818522897943506
1772212562082894,-1.7640779060684872,-0.035281558121369905,0.3919397972069353
1772212562084476,-1.7640779060684872,-0.035281558121369905,0.35995853387825905
1772212562088421,-1.765611886856373,-0.035281558121369905,0.4247831596403238
1772212562090420,-1.765611886856373,-0.035281558121369905,0.3889942981736268
1772212562091422,-1.765611886856373,-0.035281558121369905,0.35741589099712956
1772212562095909,-1.7671458676442586,-0.035281558121369905,0.4225959780699063
1772212562097908,-1.7671458676442586,-0.035281558121369905,0.3871207589362246
1772212562100438,-1.7671458676442586,-0.035281558121369905,0.35581909499474085
1772212562102581,-1.7671458676442586,-0.035281558121369905,0.3281999797522552
1772212562105586,-1.7686798484321442,-0.035281558121369905,0.39687355970800037
1772212562106587,-1.7686798484321442,-0.035281558121369905,0.364480834294568
1772212562110827,-1.7686798484321442,-0.035281558121369905,0.33589901775330416
1772212562112833,-1.77021382922003,-0.035281558121369905,0.4037231553865982
1772212562113833,-1.77021382922003,-0.035281558121369905,0.37058092204159115
1772212562117834,-1.77021382922003,-0.035281558121369905,0.3413377749724673
1772212562120059,-1.7717478100079156,-0.035281558121369905,0.4085783856694141
1772212562122677,-1.7717478100079156,-0.035281558121369905,0.3749212756158655
1772212562125683,-1.7717478100079156,-0.035281558121369905,0.34522382556861675
1772212562126683,-1.7717478100079156,-0.035281558121369905,0.3190201931739855
1772212562130879,-1.7732817907958012,-0.035281558121369905,0.38894272858370277
1772212562132879,-1.7732817907958012,-0.035281558121369905,0.3576520226884983
1772212562134645,-1.7732817907958012,-0.035281558121369905,0.33004257631037653
1772212562138482,-1.7732817907958012,-0.0337475773334841,0.4436767260670834
1772212562140481,-1.7732817907958012,-0.0337475773334841,0.40814875162054315
1772212562141483,-1.7748157715836868,-0.0337475773334841,0.46984392639624023
1772212562145173,-1.7748157715836868,-0.0337475773334841,0.4312937846474713
1772212562148177,-1.7748157715836868,-0.0337475773334841,0.3972789536926752
1772212562150917,-1.7748157715836868,-0.0337475773334841,0.36726586755609036
1772212562151301,-1.7763497523715726,-0.0337475773334841,0.4338271202523365
1772212562151301,-1.7763497523715726,-0.0337475773334841,0.3995705766687577
1772212562158407,-1.7763497523715726,-0.0337475773334841,0.36934421468324713
1772212562160402,-1.7763497523715726,-0.0337475773334841,0.3426738952842671
1772212562161407,-1.7778837331594581,-0.0337475773334841,0.41218464804310556
1772212562165881,-1.7778837331594581,-0.0337475773334841,0.3805306045147555
1772212562167811,-1.7778837331594581,-0.0322135965455983,0.4905959920800845
1772212562169091,-1.7778837331594581,-0.0322135965455983,0.4519191098176224
1772212562173452,-1.7778837331594581,-0.0322135965455983,0.417792448997803
1772212562175451,-1.7794177139473437,-0.0322135965455983,0.4807240769735307
1772212562176452,-1.7794177139473437,-0.0322135965455983,0.443264923342453
1772212562180906,-1.7794177139473437,-0.0322135965455983,0.4102127289620903
1772212562182907,-1.7794177139473437,-0.0322135965455983,0.3810490280382409
1772212562184486,-1.7809516947352293,-0.0322135965455983,0.4483597382751357
1772212562187638,-1.7809516947352293,-0.0322135965455983,0.41476448075683536
1772212562190645,-1.7809516947352293,-0.0322135965455983,0.3851216064759822
1772212562191645,-1.7809516947352293,-0.0322135965455983,0.358966129169347
1772212562195910,-1.7809516947352293,-0.0322135965455983,0.33588776683996296
1772212562197909,-1.782485675523115,-0.0322135965455983,0.40856789348373923
1772212562200908,-1.782485675523115,-0.03067961575771294,0.5177057822971085
1772212562203387,-1.782485675523115,-0.03067961575771294,0.4782105187829566
1772212562205386,-1.782485675523115,-0.03067961575771294,0.44336175685870505
1772212562206259,-1.782485675523115,-0.03067961575771294,0.41261284927848296
1772212562206259,-1.7840196563110007,-0.03067961575771294,0.47852484775975496
1772212562206259,-1.7840196563110007,-0.03067961575771294,0.4436954328100227
1772212562215862,-1.7840196563110007,-0.03067961575771294,0.4129635960896707
1772212562218131,-1.7840196563110007,-0.03067961575771294,0.3858472695717131
1772212562219331,-1.7840196563110007,-0.03067961575771294,0.36192109911469167
1772212562223500,-1.7840196563110007,-0.02914563496982714,0.47880519821354584
1772212562225498,-1.7855536370988863,-0.02914563496982714,0.5391882136503682
1772212562226496,-1.7855536370988863,-0.02914563496982714,0.49948028424965096
1772212562230667,-1.7855536370988863,-0.02914563496982714,0.46444387595490044
1772212562232671,-1.7855536370988863,-0.02914563496982714,0.4335293980477675
1772212562234160,-1.7855536370988863,-0.02914563496982714,0.40625191754147383
1772212562237589,-1.7855536370988863,-0.02914563496982714,0.38218355238886176
1772212562240977,-1.787087617886772,-0.02914563496982714,0.4539901471297896
1772212562241976,-1.787087617886772,-0.02914563496982714,0.42436184652681247
1772212562245959,-1.787087617886772,-0.02914563496982714,0.398219228347715
1772212562247959,-1.787087617886772,-0.027611654181941336,0.5131476382800315
1772212562250911,-1.787087617886772,-0.027611654181941336,0.47876165810608795
1772212562252747,-1.787087617886772,-0.027611654181941336,0.448421087364373
1772212562255745,-1.787087617886772,-0.027611654181941336,0.4216499955334482
1772212562256747,-1.7886215986746576,-0.027611654181941336,0.49107183144057065
1772212562260929,-1.7886215986746576,-0.027611654181941336,0.4593393318665887
1772212562262990,-1.7886215986746576,-0.027611654181941336,0.4313400675366047
1772212562263989,-1.7886215986746576,-0.026077673394055978,0.5446302602769225
1772212562267814,-1.7886215986746576,-0.026077673394055978,0.5087987943453723
1772212562271065,-1.7886215986746576,-0.026077673394055978,0.4771827949940046
1772212562272065,-1.7901555794625432,-0.026077673394055978,0.5423297125007192
1772212562275973,-1.7901555794625432,-0.026077673394055978,0.5068252261028651
1772212562277973,-1.7901555794625432,-0.026077673394055978,0.4754977381047584
1772212562278974,-1.7901555794625432,-0.026077673394055978,0.4478558369299585
1772212562283439,-1.7901555794625432,-0.026077673394055978,0.42346592412866446
1772212562285581,-1.7901555794625432,-0.024543692606170175,0.5399408388061017
1772212562286581,-1.7901555794625432,-0.024543692606170175,0.5069194216425588
1772212562291058,-1.7916895602504288,-0.024543692606170175,0.5708262646091358
1772212562293058,-1.7916895602504288,-0.024543692606170175,0.5342275947934962
1772212562294058,-1.7916895602504288,-0.024543692606170175,0.5019346508385201
1772212562298507,-1.7916895602504288,-0.024543692606170175,0.4734408767606
1772212562300508,-1.7916895602504288,-0.024543692606170175,0.4482993113977294
1772212562302441,-1.7916895602504288,-0.024543692606170175,0.42611557725401994
1772212562305462,-1.7932235410383146,-0.023009711818284817,0.6375805076813422
1772212562308477,-1.7932235410383146,-0.023009711818284817,0.5953867496286472
1772212562309468,-1.7932235410383146,-0.023009711818284817,0.5581569631115634
1772212562313472,-1.7932235410383146,-0.023009711818284817,0.5253071514788423
1772212562315477,-1.7932235410383146,-0.023009711818284817,0.4963220235676179
1772212562317596,-1.7932235410383146,-0.023009711818284817,0.47074691070477276
1772212562321086,-1.7947575218262002,-0.023009711818284817,0.5412240221719655
1772212562323086,-1.7947575218262002,-0.023009711818284817,0.5104226480921634
1772212562324087,-1.7947575218262002,-0.023009711818284817,0.48324496508057324
1772212562328615,-1.7947575218262002,-0.023009711818284817,0.45926465654093496
1772212562330612,-1.7962915026140858,-0.021475731030399015,0.6691443742659896
1772212562333265,-1.7962915026140858,-0.021475731030399015,0.6255518991230364
1772212562335818,-1.7962915026140858,-0.021475731030399015,0.5870879504674895
1772212562337816,-1.7962915026140858,-0.021475731030399015,0.5531491722420069
1772212562339817,-1.7962915026140858,-0.021475731030399015,0.5232031914548164
1772212562343480,-1.7978254834019713,-0.021475731030399015,0.5898236547534691
1772212562345477,-1.7978254834019713,-0.021475731030399015,0.5556193558190727
1772212562346476,-1.7978254834019713,-0.021475731030399015,0.525439092053429
1772212562350264,-1.7978254834019713,-0.021475731030399015,0.4988094475543315
1772212562353599,-1.7993594641898571,-0.021475731030399015,0.5683560899307134
1772212562355382,-1.7993594641898571,-0.021475731030399015,0.5367337137119605
1772212562358378,-1.7993594641898571,-0.021475731030399015,0.508831617048355
1772212562359369,-1.7993594641898571,-0.021475731030399015,0.48421211999223235
1772212562362531,-1.8008934449777427,-0.021475731030399015,0.5555324218771215
1772212562366051,-1.8008934449777427,-0.021475731030399015,0.5254750393423456
1772212562368002,-1.8008934449777427,-0.019941750242513212,0.6369492454314165
1772212562371005,-1.8024274257656283,-0.019941750242513212,0.6925588258595893
1772212562373005,-1.8024274257656283,-0.019941750242513212,0.6486390420394925
1772212562374006,-1.8024274257656283,-0.019941750242513212,0.6098862916099953
1772212562378550,-1.8024274257656283,-0.019941750242513212,0.5756926882898508
1772212562380550,-1.8039614065535141,-0.019941750242513212,0.6385652493535612
1772212562383221,-1.8039614065535141,-0.019941750242513212,0.6010539778589045
1772212562385619,-1.8039614065535141,-0.019941750242513212,0.567955797128325
1772212562388616,-1.8054953873413997,-0.019941750242513212,0.6317949075357351
1772212562389616,-1.8054953873413997,-0.019941750242513212,0.5951364736973184
1772212562393562,-1.8054953873413997,-0.019941750242513212,0.5627907967810682
1772212562395561,-1.8070293681292853,-0.019941750242513212,0.6272938811423154
1772212562396807,-1.8070293681292853,-0.019941750242513212,0.5912213066749141
1772212562401024,-1.8085633489171709,-0.019941750242513212,0.6524359520204397
1772212562403507,-1.8085633489171709,-0.019941750242513212,0.6134618137156371
1772212562404508,-1.8085633489171709,-0.019941750242513212,0.5790728681525761
1772212562408589,-1.8100973297050567,-0.019941750242513212,0.6417730684136959
1772212562410581,-1.8100973297050567,-0.019941750242513212,0.6041097138579471
1772212562411585,-1.8100973297050567,-0.019941750242513212,0.5708773421911099
1772212562416101,-1.8116313104929422,-0.019941750242513212,0.6345980488312508
1772212562418089,-1.8116313104929422,-0.019941750242513212,0.5978351410805206
1772212562419889,-1.8131652912808278,-0.019941750242513212,0.6584406688230916
1772212562423654,-1.8131652912808278,-0.021475731030399015,0.4809336478371202
1772212562425646,-1.8146992720687134,-0.021475731030399015,0.5531465940157774
1772212562426948,-1.8146992720687134,-0.021475731030399015,0.5238768387990319
1772212562430554,-1.8146992720687134,-0.021475731030399015,0.4980505841960214
1772212562433557,-1.8162332528565992,-0.021475731030399015,0.568306100010127
1772212562434558,-1.8162332528565992,-0.021475731030399015,0.5373092003540715
1772212562438712,-1.8177672336444848,-0.021475731030399015,0.6030023822978433
1772212562440720,-1.8177672336444848,-0.021475731030399015,0.5679798939326697
1772212562441719,-1.8193012144323704,-0.021475731030399015,0.6301210858389673
1772212562446090,-1.8193012144323704,-0.021475731030399015,0.5919644886172158
1772212562448091,-1.8208351952202562,-0.021475731030399015,0.6513402903559791
1772212562451239,-1.8208351952202562,-0.021475731030399015,0.610743642986369
1772212562453581,-1.8223691760081417,-0.023009711818284817,0.52997103332782
1772212562455580,-1.8223691760081417,-0.023009711818284817,0.5015074236630739
1772212562457961,-1.8239031567960273,-0.023009711818284817,0.5694358614815307
1772212562460960,-1.8239031567960273,-0.023009711818284817,0.5363856577116672
1772212562461960,-1.825437137583913,-0.023009711818284817,0.6002671007314737
1772212562465204,-1.825437137583913,-0.023009711818284817,0.5636460191981126
1772212562468225,-1.8269711183717987,-0.023009711818284817,0.6243766877207497
1772212562469249,-1.8269711183717987,-0.023009711818284817,0.584975511042793
1772212562472794,-1.8285050991596843,-0.023009711818284817,0.6432531544378113
1772212562475793,-1.8285050991596843,-0.023009711818284817,0.6016875438237547
1772212562478803,-1.8300390799475699,-0.024543692606170175,0.5200599665966336
1772212562480541,-1.8300390799475699,-0.024543692606170175,0.4908419737830909
1772212562482546,-1.8315730607354554,-0.024543692606170175,0.5581047794114329
1772212562484601,-1.8331070415233413,-0.024543692606170175,0.6175106406435245
1772212562487867,-1.8331070415233413,-0.024543692606170175,0.57694051635628
1772212562490330,-1.8346410223112268,-0.024543692606170175,0.6341867353901792
1772212562492345,-1.8346410223112268,-0.026077673394055978,0.4537156184847744
1772212562496223,-1.8361750030991124,-0.026077673394055978,0.523313185910973
1772212562498665,-1.8361750030991124,-0.026077673394055978,0.4917357435597226
1772212562500930,-1.8377089838869982,-0.026077673394055978,0.556916681948928
1772212562503027,-1.8392429646748838,-0.026077673394055978,0.6144856014993939
1772212562505291,-1.8392429646748838,-0.026077673394055978,0.5722946463166146
1772212562507495,-1.8407769454627694,-0.026077673394055978,0.6281107204426892
1772212562510236,-1.8407769454627694,-0.027611654181941336,0.4463777109715965
1772212562513212,-1.842310926250655,-0.027611654181941336,0.5148618437809724
1772212562514459,-1.842310926250655,-0.027611654181941336,0.482301959120761
1772212562518051,-1.8438449070385408,-0.027611654181941336,0.5466160366491182
1772212562520532,-1.8438449070385408,-0.027611654181941336,0.5103766914467968
1772212562523087,-1.8453788878264263,-0.027611654181941336,0.5714441861438465
1772212562525705,-1.8453788878264263,-0.027611654181941336,0.5323402090315821
1772212562528721,-1.846912868614312,-0.02914563496982714,0.4528846613648261
1772212562530878,-1.8484468494021975,-0.02914563496982714,0.5186265527448601
1772212562533801,-1.8484468494021975,-0.02914563496982714,0.48364704329405295
1772212562536247,-1.8499808301900833,-0.02914563496982714,0.5458261577718844
1772212562538856,-1.8499808301900833,-0.02914563496982714,0.5077030216426287
1772212562540868,-1.8515148109779689,-0.02914563496982714,0.5671083478747362
1772212562543412,-1.8515148109779689,-0.02914563496982714,0.5265377515286993
1772212562544839,-1.8530487917658545,-0.02914563496982714,0.5837835540401349
1772212562547711,-1.8530487917658545,-0.02914563496982714,0.5413074955876056
1772212562551259,-1.8545827725537403,-0.03067961575771294,0.45887658203238063
1772212562551629,-1.8545827725537403,-0.03067961575771294,0.4289497630470207
1772212562555428,-1.8561167533416258,-0.03067961575771294,0.495587133817877
1772212562557451,-1.8576507341295114,-0.03067961575771294,0.5544411407639516
1772212562559882,-1.8576507341295114,-0.03067961575771294,0.5133840862243393
1772212562563025,-1.859184714917397,-0.03067961575771294,0.5702006609178971
1772212562565742,-1.859184714917397,-0.03067961575771294,0.5273458720378457
1772212562568237,-1.8607186957052828,-0.03067961575771294,0.5825762105486972
1772212562570808,-1.8607186957052828,-0.03067961575771294,0.5383218015074002
1772212562573274,-1.8622526764931684,-0.0322135965455983,0.4543217550797559
1772212562574693,-1.8622526764931684,-0.0322135965455983,0.42301040708929805
1772212562578242,-1.863786657281054,-0.0322135965455983,0.4884261346203619
1772212562580458,-1.863786657281054,-0.0322135965455983,0.45315883353809305
1772212562583262,-1.8653206380689396,-0.0322135965455983,0.5150840142234242
1772212562585740,-1.8653206380689396,-0.0322135965455983,0.476736818865526
1772212562588332,-1.8668546188568254,-0.0322135965455983,0.5359444457782775
1772212562590645,-1.8668546188568254,-0.0322135965455983,0.4951994088563038
1772212562592887,-1.868388599644711,-0.0322135965455983,0.5522912932124839
1772212562595431,-1.8699225804325965,-0.0322135965455983,0.602722812145626
1772212562597913,-1.8699225804325965,-0.0322135965455983,0.5542341505357791
1772212562601254,-1.8699225804325965,-0.0337475773334841,0.3734546113779235
1772212562603496,-1.8714565612204823,-0.0337475773334841,0.44278004152256534
1772212562604540,-1.8714565612204823,-0.0337475773334841,0.4109624780405122
1772212562608374,-1.872990542008368,-0.0337475773334841,0.47593154484369793
1772212562610379,-1.872990542008368,-0.0337475773334841,0.44027013135447784
1772212562612379,-1.8745245227962535,-0.0337475773334841,0.5018475657983813
1772212562616357,-1.8745245227962535,-0.0337475773334841,0.4631935355215763
1772212562618026,-1.876058503584139,-0.0337475773334841,0.5221304257411574
1772212562619416,-1.876058503584139,-0.0337475773334841,0.4811465035016981
1772212562623842,-1.8775924843720249,-0.0337475773334841,0.5380276066954076
1772212562625843,-1.8775924843720249,-0.0337475773334841,0.4952297547272379
1772212562628368,-1.8791264651599104,-0.0337475773334841,0.5505103316897325
1772212562631309,-1.8791264651599104,-0.0337475773334841,0.5063002506940203
1772212562633309,-1.8791264651599104,-0.0337475773334841,0.46729135569780356
1772212562634668,-1.880660445947796,-0.0337475773334841,0.5259151299884921
1772212562637954,-1.880660445947796,-0.0337475773334841,0.48465492898824486
1772212562640953,-1.8821944267356818,-0.0337475773334841,0.5412922568047888
1772212562641954,-1.8821944267356818,-0.0337475773334841,0.4982793089155904
1772212562646303,-1.8837284075235674,-0.0337475773334841,0.5533700953595306
1772212562648683,-1.8837284075235674,-0.0337475773334841,0.5089925521415644
1772212562651351,-1.8837284075235674,-0.0337475773334841,0.46983589636100576
1772212562653665,-1.885262388311453,-0.0337475773334841,0.5283292934890224
1772212562655664,-1.885262388311453,-0.0337475773334841,0.4869540538158467
1772212562658098,-1.8867963690993386,-0.0337475773334841,0.5434898769209832
1772212562661097,-1.8867963690993386,-0.0337475773334841,0.5003873660511313
1772212562662097,-1.8883303498872244,-0.0337475773334841,0.5553991263356712
1772212562665446,-1.8883303498872244,-0.0337475773334841,0.5109518541535282
1772212562668444,-1.8883303498872244,-0.0337475773334841,0.4717336728163431
1772212562669466,-1.88986433067511,-0.0337475773334841,0.53017278268853
1772212562673834,-1.88986433067511,-0.0337475773334841,0.4887496424954874
1772212562675834,-1.8913983114629955,-0.0337475773334841,0.5452432004360181
1772212562678347,-1.8913983114629955,-0.0337475773334841,0.5021033967738844
1772212562681336,-1.892932292250881,-0.0337475773334841,0.5570822516534695
1772212562683336,-1.892932292250881,-0.0337475773334841,0.512605945290484
1772212562684730,-1.894466273038767,-0.0337475773334841,0.5664055330810825
1772212562688471,-1.894466273038767,-0.0337475773334841,0.5208886969336972
1772212562690475,-1.894466273038767,-0.0337475773334841,0.48072678268600416
1772212562692475,-1.8960002538266525,-0.0337475773334841,0.5383331870489193
1772212562695495,-1.8960002538266525,-0.0337475773334841,0.496175306700637
1772212562698494,-1.8960002538266525,-0.0337475773334841,0.4589771769815643
1772212562701437,-1.897534234614538,-0.0337475773334841,0.5191986853403212
1772212562703440,-1.897534234614538,-0.0337475773334841,0.47934824969425177
1772212562706440,-1.8990682154024239,-0.0337475773334841,0.5372294881174232
1772212562708853,-1.8990682154024239,-0.0337475773334841,0.49531410841054346
1772212562710854,-1.9006021961903095,-0.0337475773334841,0.5513733373682769
1772212562711854,-1.9006021961903095,-0.0337475773334841,0.5078503022507335
1772212562716335,-1.902136176978195,-0.0322135965455983,0.7004864377011831
1772212562717907,-1.902136176978195,-0.0322135965455983,0.6416790370217966
1772212562720167,-1.902136176978195,-0.0322135965455983,0.5897901540693969
1772212562723853,-1.9036701577660806,-0.0322135965455983,0.6370492331046296
1772212562725853,-1.9036701577660806,-0.0322135965455983,0.5857613598201568
1772212562726853,-1.9052041385539664,-0.0322135965455983,0.6335507415035605
1772212562731280,-1.906738119341852,-0.0322135965455983,0.6757741698430595
1772212562733281,-1.906738119341852,-0.0322135965455983,0.6200430753564685
1772212562734281,-1.906738119341852,-0.0322135965455983,0.5708685802212413
1772212562738827,-1.9082721001297376,-0.0322135965455983,0.6205227073304326
1772212562740830,-1.9082721001297376,-0.0322135965455983,0.5713481117582935
1772212562742842,-1.9098060809176232,-0.0322135965455983,0.6210021502466972
1772212562746412,-1.9098060809176232,-0.0337475773334841,0.4338320505070319
1772212562748408,-1.911340061705509,-0.0337475773334841,0.4975187507265472
1772212562751225,-1.9128740424933945,-0.0337475773334841,0.5537692248332035
1772212562753636,-1.9128740424933945,-0.0337475773334841,0.5104149354352807
1772212562755846,-1.9144080232812801,-0.0337475773334841,0.565204538195035
1772212562758296,-1.9144080232812801,-0.0337475773334841,0.5205612446675101
1772212562761294,-1.915942004069166,-0.0337475773334841,0.5742134908423556
1772212562762296,-1.915942004069166,-0.0337475773334841,0.5285666473869355
1772212562765686,-1.9174759848570515,-0.0337475773334841,0.5813334083312511
1772212562773930,-1.919009965644937,-0.0337475773334841,0.6279486419009835
1772212562773930,-1.919009965644937,-0.0337475773334841,0.5760926696763633
1772212562773930,-1.9205439464328227,-0.0337475773334841,0.6233807875890488
1772212562773930,-1.9205439464328227,-0.0337475773334841,0.5721185368435047
1772212562781405,-1.9220779272207085,-0.035281558121369905,0.481935100676796
1772212562781405,-1.9220779272207085,-0.035281558121369905,0.4451678205636565
1772212562783290,-1.923611908008594,-0.035281558121369905,0.5057694903394131
1772212562788963,-1.9251458887964796,-0.035281558121369905,0.5592978787603826
1772212562788963,-1.9251458887964796,-0.035281558121369905,0.5135417490515771
1772212562791087,-1.9266798695843652,-0.035281558121369905,0.5662120809488049
1772212562793596,-1.9266798695843652,-0.035281558121369905,0.519698842542563
1772212562795794,-1.928213850372251,-0.035281558121369905,0.5717011373538176
1772212562798795,-1.928213850372251,-0.035281558121369905,0.524598454459952
1772212562800932,-1.9297478311601366,-0.035281558121369905,0.5760806511938917
1772212562803538,-1.9312818119480222,-0.035281558121369905,0.6215624457544345
1772212562805537,-1.9312818119480222,-0.035281558121369905,0.568706380286429
1772212562808937,-1.932815792735908,-0.035281558121369905,0.6151120629843798
1772212562810938,-1.932815792735908,-0.03681553890925526,0.42507576695904314
1772212562811937,-1.9343497735237936,-0.03681553890925526,0.48623347045585097
1772212562816483,-1.9358837543116791,-0.03681553890925526,0.5402524768660177
1772212562819024,-1.9358837543116791,-0.03681553890925526,0.49492924538295724
1772212562820024,-1.9374177350995647,-0.03681553890925526,0.5479815463028841
1772212562824025,-1.9374177350995647,-0.03681553890925526,0.5018053393872761
1772212562826027,-1.9389517158874505,-0.03681553890925526,0.5541050149255777
1772212562827028,-1.940485696675336,-0.03681553890925526,0.6003081143134816
1772212562831547,-1.940485696675336,-0.03681553890925526,0.548088494281383
1772212562833549,-1.9420196774632217,-0.03681553890925526,0.5950557464815872
1772212562835696,-1.9435536582511073,-0.03681553890925526,0.6365537664535571
1772212562838813,-1.9435536582511073,-0.038349519697141066,0.44218717978762645
1772212562840812,-1.945087639038993,-0.038349519697141066,0.49952403860161376
1772212562842810,-1.945087639038993,-0.038349519697141066,0.4571283239454538
1772212562846482,-1.9466216198268786,-0.038349519697141066,0.5127637279479568
1772212562848481,-1.9466216198268786,-0.038349519697141066,0.468866729634605
1772212562851316,-1.9481556006147642,-0.038349519697141066,0.5231774715866276
1772212562853146,-1.94968958140265,-0.038349519697141066,0.5711550413396482
1772212562856146,-1.94968958140265,-0.038349519697141066,0.5205011304532061
1772212562857137,-1.9512235621905356,-0.038349519697141066,0.5688498907230906
1772212562861618,-1.9512235621905356,-0.038349519697141066,0.5185235008809747
1772212562863132,-1.9527575429784212,-0.038349519697141066,0.5671612503076343
1772212562865132,-1.9542915237663068,-0.03988350048502687,0.4721378124478806
1772212562869053,-1.9542915237663068,-0.03988350048502687,0.4310999426056009
1772212562871051,-1.9558255045541926,-0.03988350048502687,0.48793344497330965
1772212562873052,-1.9573594853420782,-0.03988350048502687,0.5381369797989259
1772212562876416,-1.9573594853420782,-0.03988350048502687,0.48944715574127917
1772212562878416,-1.9588934661299637,-0.03988350048502687,0.5395289338012942
1772212562879416,-1.9588934661299637,-0.03988350048502687,0.49073167730339373
1772212562883996,-1.9604274469178493,-0.03988350048502687,0.5407186620337561
1772212562885766,-1.9619614277057351,-0.03988350048502687,0.5848811518853115
1772212562887765,-1.9619614277057351,-0.03988350048502687,0.5308609940269887
1772212562891487,-1.9634954084936207,-0.04141748127291223,0.4382441104078508
1772212562893487,-1.9634954084936207,-0.04141748127291223,0.39932967077783993
1772212562894487,-1.9650293892815063,-0.04141748127291223,0.45803678803870995
1772212562898957,-1.9650293892815063,-0.04141748127291223,0.41685012495332885
1772212562901125,-1.966563370069392,-0.04141748127291223,0.47355233916534306
1772212562902229,-1.9680973508572777,-0.04141748127291223,0.5236400315006745
1772212562906525,-1.9680973508572777,-0.04141748127291223,0.4748479934809947
1772212562908526,-1.9696313316451632,-0.04141748127291223,0.5248395827509804
1772212562909525,-1.9696313316451632,-0.04141748127291223,0.4759627479089367
1772212562913965,-1.9711653124330488,-0.04141748127291223,0.5258795164532901
1772212562915967,-1.9711653124330488,-0.04141748127291223,0.47693666332394097
1772212562918715,-1.9726992932209346,-0.04141748127291223,0.5267951804383534
1772212562920701,-1.9742332740088202,-0.04141748127291223,0.5708443165110607
1772212562923700,-1.9742332740088202,-0.04141748127291223,0.5167241406126122
1772212562924708,-1.9757672547967058,-0.04141748127291223,0.5620144317542727
1772212562928958,-1.9757672547967058,-0.04141748127291223,0.5089893926813536
1772212562930958,-1.9773012355845914,-0.04141748127291223,0.5552459810219934
1772212562933227,-1.9773012355845914,-0.04141748127291223,0.5030735571246616
1772212562936300,-1.9788352163724772,-0.04141748127291223,0.5500824529732071
1772212562938301,-1.9803691971603627,-0.04295146206079803,0.45362179136804104
1772212562940725,-1.9803691971603627,-0.04295146206079803,0.41131578292686805
1772212562944051,-1.9803691971603627,-0.04295146206079803,0.3739869519493626
1772212562946058,-1.9819031779482483,-0.04295146206079803,0.4340931356683257
1772212562947068,-1.9834371587361341,-0.04295146206079803,0.4871843305097889
1772212562951288,-1.9834371587361341,-0.04295146206079803,0.4410424417602252
1772212562952775,-1.9849711395240197,-0.04295146206079803,0.4933723980332546
1772212562956190,-1.9849711395240197,-0.04295146206079803,0.44655882819389636
1772212562958178,-1.9865051203119053,-0.04295146206079803,0.49829612468179596
1772212562961392,-1.9865051203119053,-0.04295146206079803,0.45095961973792853
1772212562963734,-1.9880391010997909,-0.04295146206079803,0.5022355028983371
1772212562966079,-1.9880391010997909,-0.04295146206079803,0.45449186854784274
1772212562969209,-1.9895730818876767,-0.04295146206079803,0.5054085198788747
1772212562970213,-1.9895730818876767,-0.04295146206079803,0.45734791626716575
1772212562973538,-1.9911070626755623,-0.04295146206079803,0.5079848888383023
1772212562976036,-1.9911070626755623,-0.04295146206079803,0.4596775098502151
1772212562978269,-1.9926410434634478,-0.04448544284868339,0.3721013134695377
1772212562981603,-1.9926410434634478,-0.04448544284868339,0.3376345390499159
1772212562983602,-1.9941750242513334,-0.04448544284868339,0.400266066790524
1772212562985264,-1.9941750242513334,-0.04448544284868339,0.36254211883434073
1772212562988537,-1.9957090050392192,-0.04448544284868339,0.4222996699250758
1772212562990793,-1.9957090050392192,-0.04448544284868339,0.38203986021897013
1772212562993449,-1.9972429858271048,-0.04448544284868339,0.43955988623621006
1772212562995563,-1.9972429858271048,-0.04448544284868339,0.39732578970058435
1772212562998976,-1.9987769666149904,-0.04448544284868339,0.45310379792708827
1772212563001367,-1.9987769666149904,-0.04448544284868339,0.4093326268702078
1772212563004183,-2.000310947402876,-0.04448544284868339,0.46375439287205805
1772212563006244,-2.000310947402876,-0.04448544284868339,0.4187865374993238
1772212563008833,-2.0018449281907618,-0.04448544284868339,0.4721524055754552
1772212563011290,-2.0018449281907618,-0.04448544284868339,0.4262528755623463
1772212563013941,-2.0018449281907618,-0.04448544284868339,0.38575329025666205
1772212563016534,-2.0033789089786476,-0.04448544284868339,0.44306174956840855
1772212563018767,-2.004912889766533,-0.04448544284868339,0.49368436405054544
1772212563021355,-2.004912889766533,-0.04448544284868339,0.4453643161604172
1772212563023789,-2.004912889766533,-0.04448544284868339,0.40272897978677463
1772212563026375,-2.0064468705544187,-0.04448544284868339,0.45815295286208735
1772212563028969,-2.0064468705544187,-0.04448544284868339,0.4140693978482733
1772212563031189,-2.007980851342304,-0.04448544284868339,0.4682155309469469
1772212563033912,-2.007980851342304,-0.04448544284868339,0.42300447007140973
1772212563034663,-2.00951483213019,-0.04448544284868339,0.4761557450568326
1772212563038228,-2.00951483213019,-0.04448544284868339,0.430066868198981
1772212563041276,-2.0110488129180757,-0.04448544284868339,0.48244359967057987
1772212563042400,-2.0110488129180757,-0.04448544284868339,0.4356713020652536
1772212563046621,-2.0110488129180757,-0.04448544284868339,0.3944016277076128
1772212563048693,-2.012582793705961,-0.04448544284868339,0.4510305966793805
1772212563051163,-2.012582793705961,-0.04448544284868339,0.4080102733389263
1772212563053315,-2.014116774493847,-0.04448544284868339,0.46309455203175814
1772212563056314,-2.014116774493847,-0.04448544284868339,0.418711266680461
1772212563057314,-2.0156507552817327,-0.04448544284868339,0.4725929318343137
1772212563061474,-2.0156507552817327,-0.04448544284868339,0.4271485168897998
1772212563063935,-2.017184736069618,-0.04448544284868339,0.48009389122609125
1772212563066593,-2.017184736069618,-0.04448544284868339,0.4338233373249227
1772212563069070,-2.018718716857504,-0.04448544284868339,0.48603976552302375
1772212563071577,-2.018718716857504,-0.04448544284868339,0.43912602385282934
1772212563073262,-2.018718716857504,-0.04448544284868339,0.3977315459085401
1772212563073262,-2.0202526976453896,-0.04448544284868339,0.4542503940685764
1772212563073262,-2.0202526976453896,-0.04448544284868339,0.4111329053059891
1772212563080669,-2.021786678433275,-0.04601942363656919,0.3281360238301071
1772212563084154,-2.021786678433275,-0.04601942363656919,0.29770982138536145
1772212563084809,-2.0233206592211608,-0.04601942363656919,0.3639065596920539
1772212563089272,-2.0233206592211608,-0.04601942363656919,0.3293283857647514
1772212563091779,-2.024854640009046,-0.04601942363656919,0.39186161982211154
1772212563092779,-2.024854640009046,-0.04601942363656919,0.35405094214541544
1772212563096130,-2.026388620796932,-0.04601942363656919,0.41373196701215154
1772212563098735,-2.026388620796932,-0.04601942363656919,0.3734046341672405
1772212563101287,-2.026388620796932,-0.04601942363656919,0.33782169342173074
1772212563103345,-2.0279226015848177,-0.04601942363656919,0.39946836852188383
1772212563106648,-2.0279226015848177,-0.04601942363656919,0.36087543294173524
1772212563107647,-2.029456582372703,-0.04601942363656919,0.4198662302465843
1772212563111755,-2.029456582372703,-0.04601942363656919,0.37892987308237835
1772212563113942,-2.029456582372703,-0.04601942363656919,0.34280955793749074
1772212563116583,-2.030990563160589,-0.04601942363656919,0.4039820791558225
1772212563119070,-2.030990563160589,-0.04601942363656919,0.36497077250349585
1772212563120538,-2.0325245439484747,-0.04601942363656919,0.4235924188623227
1772212563123163,-2.0325245439484747,-0.04601942363656919,0.38233034027513874
1772212563126127,-2.0325245439484747,-0.04601942363656919,0.3459226238746823
1772212563128644,-2.03405852473636,-0.04601942363656919,0.4068415557498479
1772212563130063,-2.03405852473636,-0.04601942363656919,0.3676064937947449
1772212563134241,-2.035592505524246,-0.04601942363656919,0.42603070900408024
1772212563135949,-2.035592505524246,-0.04601942363656919,0.3845944264614455
1772212563137948,-2.035592505524246,-0.04601942363656919,0.3480330006885325
1772212563141118,-2.0371264863121317,-0.04601942363656919,0.4088163066468418
1772212563143396,-2.0371264863121317,-0.04601942363656919,0.3694615747650837
1772212563144745,-2.0371264863121317,-0.04601942363656919,0.334736811340003
1772212563148329,-2.038660467100017,-0.04601942363656919,0.39714070172285304
1772212563151621,-2.038660467100017,-0.04601942363656919,0.3592158972745304
1772212563153984,-2.040194447887903,-0.04601942363656919,0.4187962220486548
1772212563156285,-2.040194447887903,-0.04601942363656919,0.3783800361808511
1772212563158534,-2.041728428675788,-0.04601942363656919,0.4357620832318867
1772212563159976,-2.041728428675788,-0.04601942363656919,0.39340624054961015
1772212563164229,-2.041728428675788,-0.04448544284868339,0.4940288641555922
1772212563166229,-2.043262409463674,-0.04448544284868339,0.5400635188634098
1772212563167971,-2.043262409463674,-0.04448544284868339,0.48769527117239414
1772212563170905,-2.043262409463674,-0.04448544284868339,0.44148799379796855
1772212563173904,-2.04479639025156,-0.04448544284868339,0.4937602542255488
1772212563174905,-2.04479639025156,-0.04448544284868339,0.44689577628724764
1772212563179263,-2.046330371039445,-0.04448544284868339,0.49858815386429794
1772212563180703,-2.046330371039445,-0.04448544284868339,0.45121201458734544
1772212563184322,-2.047864351827331,-0.04448544284868339,0.5024529262774019
1772212563186364,-2.047864351827331,-0.04448544284868339,0.45467843474716807
1772212563188847,-2.047864351827331,-0.04448544284868339,0.412524471632256
1772212563190844,-2.0493983326152168,-0.04448544284868339,0.4683731858182133
1772212563190844,-2.0493983326152168,-0.04601942363656919,0.2866689763999184
1772212563195341,-2.050932313403102,-0.04601942363656919,0.35517852102062586
1772212563199272,-2.050932313403102,-0.04601942363656919,0.32264105854688324
1772212563201111,-2.050932313403102,-0.04601942363656919,0.29393153283475737
1772212563202395,-2.052466294190988,-0.04601942363656919,0.3616429859055259
1772212563206770,-2.052466294190988,-0.04601942363656919,0.3284013250053495
1772212563208768,-2.0540002749788737,-0.04601942363656919,0.3921138352631495
1772212563209768,-2.0540002749788737,-0.04601942363656919,0.35534369541033656
1772212563214163,-2.0540002749788737,-0.04601942363656919,0.32289945436373685
1772212563216163,-2.055534255766759,-0.04601942363656919,0.3873155703746584
1772212563217878,-2.055534255766759,-0.04601942363656919,0.3511662591275753
1772212563220865,-2.057068236554645,-0.04601942363656919,0.41231319554985224
1772212563223864,-2.057068236554645,-0.04601942363656919,0.3732793140774773
1772212563224866,-2.057068236554645,-0.04601942363656919,0.33883765395479337
1772212563229326,-2.0586022173425302,-0.04601942363656919,0.4014913413691701
1772212563231324,-2.0586022173425302,-0.04601942363656919,0.3637869460663121
1772212563234254,-2.060136198130416,-0.04601942363656919,0.4235617494981996
1772212563236907,-2.060136198130416,-0.04601942363656919,0.3833171624460691
1772212563238900,-2.060136198130416,-0.04601942363656919,0.34780723269418923
1772212563239907,-2.060136198130416,-0.04601942363656919,0.31647494173664814
1772212563243411,-2.061670178918302,-0.04601942363656919,0.3818721901791266
1772212563245931,-2.061670178918302,-0.04601942363656919,0.3465885840186768
1772212563247943,-2.061670178918302,-0.04601942363656919,0.3154559903476917
1772212563251228,-2.063204159706187,-0.04601942363656919,0.3810294422782559
1772212563254276,-2.063204159706187,-0.04601942363656919,0.34590130978381595
1772212563256064,-2.063204159706187,-0.04601942363656919,0.3149058987593101
1772212563259351,-2.064738140494073,-0.04601942363656919,0.38060039420152525
1772212563261357,-2.064738140494073,-0.04601942363656919,0.3455790648055493
1772212563264341,-2.064738140494073,-0.04601942363656919,0.31467789180909983
1772212563266762,-2.066272121281959,-0.04601942363656919,0.3804555384525242
1772212563269105,-2.066272121281959,-0.04601942363656919,0.34550757776351454
1772212563270105,-2.066272121281959,-0.04601942363656919,0.3146711418614472
1772212563274369,-2.067806102069844,-0.04601942363656919,0.3805059094704855
1772212563276367,-2.067806102069844,-0.04601942363656919,0.34560834963350545
1772212563277369,-2.067806102069844,-0.04601942363656919,0.31481638507146414
1772212563281746,-2.067806102069844,-0.04601942363656919,0.2876470045755454
1772212563284437,-2.06934008285773,-0.04448544284868339,0.49471283528036986
1772212563285660,-2.06934008285773,-0.04448544284868339,0.448637518648961
1772212563288956,-2.06934008285773,-0.04448544284868339,0.4079828275036003
1772212563291955,-2.0708740636456158,-0.04448544284868339,0.4651544287215319
1772212563292959,-2.0708740636456158,-0.04448544284868339,0.4226128985394232
1772212563296947,-2.0708740636456158,-0.04448544284868339,0.38507625426109193
1772212563298948,-2.072408044433501,-0.04448544284868339,0.4449990733028215
1772212563301337,-2.072408044433501,-0.04448544284868339,0.40488508825940966
1772212563303565,-2.072408044433501,-0.04448544284868339,0.3694903955740462
1772212563306668,-2.072408044433501,-0.04448544284868339,0.3382597843810785
1772212563307668,-2.073942025221387,-0.04448544284868339,0.40374675026288626
1772212563311484,-2.073942025221387,-0.04448544284868339,0.36854230654890363
1772212563313486,-2.073942025221387,-0.04448544284868339,0.33747956209538954
1772212563316582,-2.0754760060092723,-0.04448544284868339,0.4031146456884453
1772212563319448,-2.0754760060092723,-0.04448544284868339,0.36804089407265717
1772212563321814,-2.0754760060092723,-0.04448544284868339,0.33709346617637354
1772212563323506,-2.0754760060092723,-0.04448544284868339,0.3097869121502409
1772212563323506,-2.077009986797158,-0.04448544284868339,0.378736281414533
1772212563323506,-2.077009986797158,-0.04448544284868339,0.346586899508642
1772212563331914,-2.077009986797158,-0.04448544284868339,0.3182197978269735
1772212563333915,-2.078543967585044,-0.04448544284868339,0.38623338974814564
1772212563335465,-2.078543967585044,-0.04448544284868339,0.35325832195126644
1772212563339473,-2.078543967585044,-0.04448544284868339,0.32416267389519654
1772212563341478,-2.078543967585044,-0.04448544284868339,0.2984900432574878
1772212563342476,-2.0800779483729293,-0.04448544284868339,0.3688811096291954
1772212563346359,-2.0800779483729293,-0.04448544284868339,0.33800381340633534
1772212563348431,-2.0800779483729293,-0.04448544284868339,0.3107591402685176
1772212563351333,-2.081611929160815,-0.04448544284868339,0.3797631103166342
1772212563354419,-2.081611929160815,-0.04448544284868339,0.34766190557292403
1772212563356416,-2.081611929160815,-0.04448544284868339,0.31933731315200325
1772212563357419,-2.081611929160815,-0.04448544284868339,0.2943450257217791
1772212563361238,-2.083145909948701,-0.04448544284868339,0.36533639492363745
1772212563364253,-2.083145909948701,-0.04448544284868339,0.33498877766854024
1772212563366582,-2.083145909948701,-0.04448544284868339,0.3082114683258073
1772212563368986,-2.084679890736586,-0.04448544284868339,0.3776278181930819
1772212563371995,-2.084679890736586,-0.04448544284868339,0.34589047799572203
1772212563372994,-2.084679890736586,-0.04448544284868339,0.3178869425274634
1772212563376965,-2.084679890736586,-0.04448544284868339,0.2931779406437058
1772212563378962,-2.084679890736586,-0.04448544284868339,0.2713758801580372
1772212563379962,-2.086213871524472,-0.04448544284868339,0.3451821554874447
1772212563384396,-2.086213871524472,-0.04448544284868339,0.3173182789331261
1772212563386645,-2.086213871524472,-0.04448544284868339,0.29273250550284496
1772212563387634,-2.086213871524472,-0.04448544284868339,0.27103917600553806
1772212563391282,-2.087747852312358,-0.04448544284868339,0.3449413904423407
1772212563394283,-2.087747852312358,-0.04448544284868339,0.3171621660415887
1772212563395283,-2.087747852312358,-0.04448544284868339,0.2926510856879841
1772212563399490,-2.087747852312358,-0.04448544284868339,0.2710236618465682
1772212563401992,-2.087747852312358,-0.04448544284868339,0.25194064081002476
1772212563403100,-2.089281833100243,-0.04448544284868339,0.3281460685945084
1772212563406130,-2.089281833100243,-0.04448544284868339,0.30239909126529113
1772212563409130,-2.089281833100243,-0.04448544284868339,0.27968117009245247
1772212563410129,-2.089281833100243,-0.04448544284868339,0.25963594552818303
1772212563414408,-2.090815813888129,-0.04448544284868339,0.3349923702000185
1772212563416412,-2.090815813888129,-0.04448544284868339,0.3084962724772369
1772212563417845,-2.090815813888129,-0.04448544284868339,0.28511736272184135
1772212563421202,-2.090815813888129,-0.04448544284868339,0.2644889129376688
1772212563424479,-2.090815813888129,-0.04448544284868339,0.24628733959869306
1772212563425477,-2.090815813888129,-0.04448544284868339,0.2302271278290086
1772212563429425,-2.0923497946760143,-0.04448544284868339,0.3090997402607205
1772212563431425,-2.0923497946760143,-0.04448544284868339,0.2857061611496461
1772212563434263,-2.0923497946760143,-0.04448544284868339,0.2650647678163451
1772212563436985,-2.0923497946760143,-0.04448544284868339,0.24685177369872657
1772212563438986,-2.0923497946760143,-0.04448544284868339,0.23078148477141613
1772212563439985,-2.0923497946760143,-0.04448544284868339,0.21660181807084805
1772212563444561,-2.0923497946760143,-0.04448544284868339,0.20409034745269977
1772212563446571,-2.0923497946760143,-0.04448544284868339,0.19305081455433362
1772212563447570,-2.0938837754639,-0.04448544284868339,0.27635343775490745
1772212563451272,-2.0938837754639,-0.04448544284868339,0.25686869167513016
1772212563454314,-2.0938837754639,-0.04295146206079803,0.3776716946362187
1772212563456129,-2.0938837754639,-0.04295146206079803,0.3484691788994662
1772212563456129,-2.0938837754639,-0.04295146206079803,0.3227022532493905
1772212563460266,-2.0938837754639,-0.04295146206079803,0.29996673061697077
1772212563464463,-2.0938837754639,-0.04295146206079803,0.279905975353071
1772212563466474,-2.0938837754639,-0.04295146206079803,0.26220530894374766
1772212563467867,-2.0938837754639,-0.04295146206079803,0.24658707387669765
1772212563471980,-2.0938837754639,-0.04295146206079803,0.23280627822930058
1772212563473980,-2.095417756251786,-0.04295146206079803,0.31369014018071234
1772212563474980,-2.095417756251786,-0.04141748127291223,0.43006661897144705
1772212563479462,-2.095417756251786,-0.04141748127291223,0.39695834661375473
1772212563481470,-2.095417756251786,-0.04141748127291223,0.36774516512167343
1772212563484252,-2.095417756251786,-0.04141748127291223,0.34196882851101335
1772212563486040,-2.095417756251786,-0.04141748127291223,0.3192250020898427
1772212563489535,-2.095417756251786,-0.04141748127291223,0.2991569199535157
1772212563490536,-2.0969517370396713,-0.04141748127291223,0.3744931761793836
1772212563494464,-2.0969517370396713,-0.04141748127291223,0.34797928276901796
1772212563496473,-2.0969517370396713,-0.04141748127291223,0.3245846709363424
1772212563497474,-2.0969517370396713,-0.04141748127291223,0.3039423663780993
1772212563501334,-2.0969517370396713,-0.04141748127291223,0.285728568238473
1772212563504085,-2.0969517370396713,-0.04141748127291223,0.2696575698799792
1772212563506423,-2.0969517370396713,-0.04141748127291223,0.25547727721071994
1772212563509422,-2.0969517370396713,-0.04141748127291223,0.24296525426725596
1772212563510426,-2.0969517370396713,-0.04141748127291223,0.23192523402302298
1772212563513542,-2.098485717827557,-0.04141748127291223,0.31522742721252067
1772212563517052,-2.098485717827557,-0.04141748127291223,0.2957423017112228
1772212563517984,-2.098485717827557,-0.04141748127291223,0.27854954391595993
1772212563521136,-2.098485717827557,-0.04141748127291223,0.26337946350837504
1772212563524122,-2.098485717827557,-0.03988350048502687,0.3879895244155157
1772212563525123,-2.098485717827557,-0.03988350048502687,0.3621461774546916
1772212563529542,-2.098485717827557,-0.03988350048502687,0.3393432242539644
1772212563531544,-2.098485717827557,-0.03988350048502687,0.3192229714297934
1772212563534326,-2.098485717827557,-0.03988350048502687,0.3014698071731719
1772212563537108,-2.100019698615443,-0.03988350048502687,0.3788486379988145
1772212563539109,-2.100019698615443,-0.03988350048502687,0.354137016294098
1772212563540117,-2.100019698615443,-0.03988350048502687,0.33233264420170094
1772212563544581,-2.100019698615443,-0.03988350048502687,0.31309349235546835
1772212563546583,-2.100019698615443,-0.03988350048502687,0.2961177701382043
1772212563547583,-2.100019698615443,-0.03988350048502687,0.28113919171120655
1772212563551333,-2.100019698615443,-0.03988350048502687,0.2679227989815026
1772212563554377,-2.100019698615443,-0.03988350048502687,0.2562612759847051
1772212563556567,-2.1015536794033283,-0.03988350048502687,0.3390150843925108
1772212563558567,-2.1015536794033283,-0.03988350048502687,0.319046089966208
1772212563561095,-2.1015536794033283,-0.03988350048502687,0.30142638900182306
1772212563563986,-2.1015536794033283,-0.03988350048502687,0.28587959403324814
1772212563566991,-2.1015536794033283,-0.03988350048502687,0.2721618337668585
1772212563567871,-2.1015536794033283,-0.038349519697141066,0.39805335362215255
1772212563572157,-2.1015536794033283,-0.038349519697141066,0.37334070573318917
1772212563574155,-2.103087660191214,-0.038349519697141066,0.4445788157067483
1772212563575157,-2.103087660191214,-0.038349519697141066,0.4144489108972693
1772212563579491,-2.103087660191214,-0.038349519697141066,0.3878637007712584
1772212563581491,-2.103087660191214,-0.038349519697141066,0.3644061624247782
1772212563584268,-2.103087660191214,-0.038349519697141066,0.34370833447200155
1772212563587103,-2.103087660191214,-0.038349519697141066,0.32544554510190454
1772212563589109,-2.103087660191214,-0.038349519697141066,0.309331319187113
1772212563590111,-2.103087660191214,-0.038349519697141066,0.2951128845564146
1772212563594595,-2.103087660191214,-0.038349519697141066,0.2825672069410925
1772212563596593,-2.1046216409791,-0.038349519697141066,0.3645408789208057
1772212563597595,-2.1046216409791,-0.038349519697141066,0.34388352882263906
1772212563601405,-2.1046216409791,-0.038349519697141066,0.32565645520660974
1772212563604410,-2.1046216409791,-0.038349519697141066,0.3095737431924662
1772212563606193,-2.1046216409791,-0.038349519697141066,0.2953831149446925
1772212563606193,-2.1046216409791,-0.038349519697141066,0.2828619723731275
1772212563606193,-2.1046216409791,-0.038349519697141066,0.2718139053982171
1772212563613802,-2.1046216409791,-0.038349519697141066,0.2620656110085904
1772212563617320,-2.1061556217669852,-0.038349519697141066,0.3465075623050763
1772212563617826,-2.1061556217669852,-0.038349519697141066,0.32802810572172647
1772212563621357,-2.1061556217669852,-0.038349519697141066,0.31172270285406484
1772212563624357,-2.1061556217669852,-0.038349519697141066,0.29733558267671634
1772212563625352,-2.1061556217669852,-0.038349519697141066,0.2846410648731735
1772212563629725,-2.1061556217669852,-0.038349519697141066,0.27344001975240045
1772212563631738,-2.1061556217669852,-0.038349519697141066,0.26355674464583595
1772212563634276,-2.1061556217669852,-0.038349519697141066,0.2548362077871026
1772212563637149,-2.1061556217669852,-0.038349519697141066,0.24714161644116142
1772212563639152,-2.1061556217669852,-0.038349519697141066,0.24035227113591917
1772212563641168,-2.107689602554871,-0.038349519697141066,0.3274050598598375
1772212563644587,-2.107689602554871,-0.03681553890925526,0.4492247093321786
1772212563646587,-2.107689602554871,-0.03681553890925526,0.42091923463472736
1772212563647590,-2.107689602554871,-0.03681553890925526,0.39594381578403504
1772212563651311,-2.107689602554871,-0.03681553890925526,0.3739066815040124
1772212563654354,-2.107689602554871,-0.03681553890925526,0.3544621512569336
1772212563656238,-2.107689602554871,-0.03681553890925526,0.3373052128036288
1772212563656238,-2.107689602554871,-0.03681553890925526,0.32216673769777165
1772212563660425,-2.107689602554871,-0.03681553890925526,0.3088092596631918
1772212563664546,-2.1092235833427564,-0.03681553890925526,0.3900666371552902
1772212563666538,-2.1092235833427564,-0.03681553890925526,0.36877726250926257
1772212563667905,-2.1092235833427564,-0.03681553890925526,0.3499925201745323
1772212563672284,-2.1092235833427564,-0.03681553890925526,0.333417747526241
1772212563674297,-2.1092235833427564,-0.03681553890925526,0.3187929481306897
1772212563675283,-2.1092235833427564,-0.03681553890925526,0.3058887133699092
1772212563679625,-2.1092235833427564,-0.03681553890925526,0.2945026238751029
1772212563681617,-2.1092235833427564,-0.03681553890925526,0.28445607432086206
1772212563684265,-2.1092235833427564,-0.03681553890925526,0.27559147177300247
1772212563687234,-2.1092235833427564,-0.03681553890925526,0.26776976364253813
1772212563689628,-2.1092235833427564,-0.03681553890925526,0.260868256468599
1772212563690636,-2.1092235833427564,-0.03681553890925526,0.2547786913151233
1772212563694668,-2.1092235833427564,-0.03681553890925526,0.24940554559146827
1772212563696664,-2.110757564130642,-0.035281558121369905,0.4757033481541497
1772212563697657,-2.110757564130642,-0.035281558121369905,0.4465974184561663
1772212563701563,-2.110757564130642,-0.035281558121369905,0.420915715781475
1772212563704652,-2.110757564130642,-0.035281558121369905,0.39825538989204157
1772212563706308,-2.110757564130642,-0.035281558121369905,0.3782609846954826
1772212563707307,-2.110757564130642,-0.035281558121369905,0.3606188624632247
1772212563707307,-2.110757564130642,-0.035281558121369905,0.34505228402299715
1772212563714652,-2.110757564130642,-0.035281558121369905,0.33131706775220815
1772212563716724,-2.110757564130642,-0.035281558121369905,0.31919775927798255
1772212563717670,-2.110757564130642,-0.035281558121369905,0.30850425180072466
1772212563722201,-2.110757564130642,-0.035281558121369905,0.2990688040266736
1772212563724199,-2.112291544918528,-0.035281558121369905,0.3837867964545671
1772212563725194,-2.112291544918528,-0.035281558121369905,0.3655509055753831
1772212563729714,-2.112291544918528,-0.035281558121369905,0.349460413623162
1772212563731709,-2.112291544918528,-0.035281558121369905,0.3352629207241433
1772212563734264,-2.112291544918528,-0.035281558121369905,0.3227357211073622
1772212563737231,-2.112291544918528,-0.035281558121369905,0.3116823096807906
1772212563739638,-2.112291544918528,-0.035281558121369905,0.3019292995985215
1772212563740637,-2.112291544918528,-0.035281558121369905,0.2933237024671076
1772212563744761,-2.112291544918528,-0.035281558121369905,0.28573052852762476
1772212563746750,-2.112291544918528,-0.035281558121369905,0.2790306691692575
1772212563747750,-2.1138255257064134,-0.035281558121369905,0.3661624160815606
1772212563751279,-2.1138255257064134,-0.035281558121369905,0.3500563085709907
1772212563754573,-2.1138255257064134,-0.035281558121369905,0.33584503723813486
1772212563756306,-2.1138255257064134,-0.035281558121369905,0.32330568017973266
1772212563756306,-2.1138255257064134,-0.035281558121369905,0.31224154159878953
1772212563761566,-2.1138255257064134,-0.035281558121369905,0.3024790663803103
1772212563764793,-2.1138255257064134,-0.035281558121369905,0.29386511765812273
1772212563766791,-2.1138255257064134,-0.035281558121369905,0.28626457466795724
1772212563767791,-2.1138255257064134,-0.035281558121369905,0.2795582132060465
1772212563771376,-2.1138255257064134,-0.035281558121369905,0.2736408354455371
1772212563774820,-2.1138255257064134,-0.035281558121369905,0.26841961977449935
1772212563775810,-2.115359506494299,-0.035281558121369905,0.35685605229328693
1772212563779693,-2.115359506494299,-0.035281558121369905,0.34190113796489185
1772212563781701,-2.115359506494299,-0.035281558121369905,0.32870562532219033
1772212563784236,-2.115359506494299,-0.035281558121369905,0.31706252593157136
1772212563787340,-2.115359506494299,-0.035281558121369905,0.30678920293984874
1772212563789339,-2.115359506494299,-0.035281558121369905,0.29772450618244645
1772212563790333,-2.115359506494299,-0.035281558121369905,0.2897262443376797
1772212563794797,-2.115359506494299,-0.0337475773334841,0.42066438044734683
1772212563796790,-2.115359506494299,-0.0337475773334841,0.4004046292534186
1772212563799895,-2.115359506494299,-0.0337475773334841,0.38252837819995245
1772212563802326,-2.115359506494299,-0.0337475773334841,0.3667552155057176
1772212563804324,-2.115359506494299,-0.0337475773334841,0.3528377190108046
1772212563806656,-2.115359506494299,-0.0337475773334841,0.34055757504470474
1772212563806656,-2.115359506494299,-0.0337475773334841,0.32972215389814613
1772212563806656,-2.115359506494299,-0.0337475773334841,0.3201614881805944
1772212563813812,-2.115359506494299,-0.0337475773334841,0.3117256066651077
1772212563817328,-2.116893487282185,-0.0337475773334841,0.3973255693211632
1772212563817969,-2.116893487282185,-0.0337475773334841,0.379867887466811
1772212563822353,-2.116893487282185,-0.0337475773334841,0.3644640505365003
1772212563824352,-2.116893487282185,-0.0337475773334841,0.35087242971563776
1772212563825353,-2.116893487282185,-0.0337475773334841,0.33887982310899445
1772212563829800,-2.116893487282185,-0.0337475773334841,0.32829811139725035
1772212563831801,-2.116893487282185,-0.0337475773334841,0.31896130694571145
1772212563834688,-2.116893487282185,-0.0337475773334841,0.3107229500767065
1772212563837425,-2.116893487282185,-0.0337475773334841,0.3034538116628786
1772212563839420,-2.116893487282185,-0.0337475773334841,0.2970398660036187
1772212563840426,-2.1184274680700703,-0.0337475773334841,0.3844238897092346
1772212563844736,-2.1184274680700703,-0.0337475773334841,0.3685403793692519
1772212563846735,-2.1184274680700703,-0.0337475773334841,0.35452551730456133
1772212563847735,-2.1184274680700703,-0.0337475773334841,0.3421594625415991
1772212563851521,-2.1184274680700703,-0.0337475773334841,0.3312482377507501
1772212563853534,-2.1184274680700703,-0.0337475773334841,0.32162068646470676
1772212563856371,-2.1184274680700703,-0.0337475773334841,0.3131257882711392
1772212563859206,-2.1184274680700703,-0.0337475773334841,0.30563028986505014
1772212563859206,-2.1184274680700703,-0.0337475773334841,0.29901661480085384
1772212563864797,-2.1184274680700703,-0.0337475773334841,0.29318101915597483
1772212563866797,-2.1184274680700703,-0.0337475773334841,0.2880319641751992
1772212563868012,-2.119961448857956,-0.0337475773334841,0.3765320678912941
1772212563872349,-2.119961448857956,-0.0337475773334841,0.36163333403109427
1772212563874348,-2.119961448857956,-0.0337475773334841,0.3484873923897414
1772212563877369,-2.119961448857956,-0.0337475773334841,0.3368880321179595
1772212563879855,-2.119961448857956,-0.0337475773334841,0.32665330246638724
1772212563881856,-2.119961448857956,-0.0337475773334841,0.31762265865617634
1772212563884247,-2.119961448857956,-0.0337475773334841,0.3096544435295197
1772212563887339,-2.119961448857956,-0.0337475773334841,0.3026236654765874
1772212563889312,-2.119961448857956,-0.0337475773334841,0.2964200377828236
1772212563891317,-2.121495429645842,-0.0337475773334841,0.38398963616391174
1772212563894881,-2.121495429645842,-0.0337475773334841,0.36826986818460544
1772212563896881,-2.121495429645842,-0.0337475773334841,0.3543994846734528
1772212563899924,-2.121495429645842,-0.0337475773334841,0.34216091098714163
1772212563902481,-2.121495429645842,-0.0337475773334841,0.33136216949922004
1772212563904475,-2.121495429645842,-0.0337475773334841,0.321833868186348
1772212563906484,-2.121495429645842,-0.0337475773334841,0.3134265434985198
1772212563906484,-2.121495429645842,-0.0337475773334841,0.306008315832789
1772212563911850,-2.121495429645842,-0.0337475773334841,0.29946282083361475
1772212563914849,-2.121495429645842,-0.0337475773334841,0.2936873840696375
1772212563916642,-2.121495429645842,-0.0337475773334841,0.28859141045436343
1772212563918462,-2.121495429645842,-0.0337475773334841,0.2840949631467687
1772212563921497,-2.121495429645842,-0.0337475773334841,0.2801275096400674
1772212563924712,-2.121495429645842,-0.0337475773334841,0.27662681536944866
1772212563925708,-2.121495429645842,-0.0337475773334841,0.2735379674836086
1772212563929826,-2.121495429645842,-0.0337475773334841,0.2708125134666909
1772212563931827,-2.121495429645842,-0.0337475773334841,0.2684077010988223
1772212563934254,-2.1230294104337273,-0.0337475773334841,0.359329195355683
1772212563936810,-2.1230294104337273,-0.0337475773334841,0.3465669825608992
1772212563939808,-2.1230294104337273,-0.0337475773334841,0.3353062065655017
1772212563940809,-2.1230294104337273,-0.0337475773334841,0.3253702277460333
1772212563944916,-2.1230294104337273,-0.0337475773334841,0.31660318761120826
1772212563946915,-2.1230294104337273,-0.0337475773334841,0.30886756396283327
1772212563949949,-2.1230294104337273,-0.0337475773334841,0.30204201368485534
1772212563951593,-2.1230294104337273,-0.0322135965455983,0.4340148952946303
1772212563954623,-2.1230294104337273,-0.0322135965455983,0.4146681548360912
1772212563956629,-2.1230294104337273,-0.0322135965455983,0.39759750149032136
1772212563959880,-2.1230294104337273,-0.0322135965455983,0.3825351603028775
1772212563961874,-2.1230294104337273,-0.0322135965455983,0.3692448592551329
1772212563962874,-2.1230294104337273,-0.0322135965455983,0.3575181230365347
1772212563967452,-2.1230294104337273,-0.0322135965455983,0.34717100284365393
1772212563969202,-2.1230294104337273,-0.0322135965455983,0.33804119090875917
1772212563971201,-2.1230294104337273,-0.0322135965455983,0.32998547449561666
1772212563974036,-2.1230294104337273,-0.0322135965455983,0.32287748942519684
1772212563977037,-2.1230294104337273,-0.0322135965455983,0.3166057378924734
1772212563978540,-2.1230294104337273,-0.0322135965455983,0.31107183948124695
1772212563982357,-2.1230294104337273,-0.0322135965455983,0.30618898794192945
1772212563984670,-2.1230294104337273,-0.0322135965455983,0.3018805895248846
1772212563985682,-2.1230294104337273,-0.0322135965455983,0.29807906150984503
1772212563990005,-2.1230294104337273,-0.0322135965455983,0.2947247720848101
1772212563992006,-2.124563391221613,-0.0322135965455983,0.38480849246771787
1772212563993015,-2.124563391221613,-0.0322135965455983,0.37130706743119357
1772212563996510,-2.124563391221613,-0.0322135965455983,0.3593940453401427
1772212563999621,-2.124563391221613,-0.0322135965455983,0.34888255525980366
1772212564001380,-2.124563391221613,-0.0322135965455983,0.33960771107126925
1772212564005027,-2.124563391221613,-0.0322135965455983,0.33142402502256235
1772212564007030,-2.124563391221613,-0.0322135965455983,0.32420312556782105
1772212564008016,-2.124563391221613,-0.0322135965455983,0.31783174369599043
1772212564012400,-2.124563391221613,-0.0322135965455983,0.3122099361620223
1772212564014406,-2.124563391221613,-0.03067961575771294,0.4452449437223542
1772212564016571,-2.124563391221613,-0.03067961575771294,0.4268353732202282
1772212564020264,-2.124563391221613,-0.03067961575771294,0.41059163454188163
1772212564022268,-2.124563391221613,-0.03067961575771294,0.39625892394334067
1772212564026783,-2.124563391221613,-0.03067961575771294,0.3836124145916868
1772212564028788,-2.124563391221613,-0.03067961575771294,0.3724537298696393
1772212564033309,-2.124563391221613,-0.03067961575771294,0.36260783158547977
1772212564033309,-2.124563391221613,-0.03067961575771294,0.35392027427592726
1772212564034315,-2.124563391221613,-0.03067961575771294,0.34625478253220443
1772212564035131,-2.124563391221613,-0.03067961575771294,0.33949111334656656
1772212564040212,-2.1260973720094984,-0.03067961575771294,0.42656655747010164
1772212564041840,-2.1260973720094984,-0.03067961575771294,0.4104107710282657
1772212564044204,-2.1260973720094984,-0.03067961575771294,0.39615566534429275
1772212564046657,-2.1260973720094984,-0.03067961575771294,0.3835776309172578
1772212564049276,-2.1260973720094984,-0.03067961575771294,0.3724793652463446
1772212564052438,-2.1260973720094984,-0.03067961575771294,0.3626867778896566
1772212564054477,-2.1260973720094984,-0.03067961575771294,0.3540462596337553
1772212564057538,-2.1260973720094984,-0.03067961575771294,0.3464222729373718
1772212564059659,-2.1260973720094984,-0.03067961575771294,0.33969522585232764
1772212564060686,-2.1260973720094984,-0.03067961575771294,0.33375959607140626
1772212564064979,-2.1260973720094984,-0.03067961575771294,0.32852227567647563
1772212564066979,-2.1260973720094984,-0.03067961575771294,0.32390111062212507
1772212564067761,-2.1260973720094984,-0.03067961575771294,0.3198236120447569
1772212564072526,-2.1260973720094984,-0.03067961575771294,0.3162258191823733
1772212564074526,-2.1260973720094984,-0.03067961575771294,0.31305129606850535
1772212564075526,-2.1260973720094984,-0.03067961575771294,0.3102502462621513
1772212564080014,-2.1260973720094984,-0.02914563496982714,0.4457741576998297
1772212564082014,-2.1260973720094984,-0.02914563496982714,0.42956067885414656
1772212564084266,-2.1260973720094984,-0.02914563496982714,0.4152546681079556
1772212564087464,-2.1260973720094984,-0.02914563496982714,0.40263171744955184
1772212564089464,-2.1260973720094984,-0.02914563496982714,0.3914938198097838
1772212564090464,-2.1260973720094984,-0.02914563496982714,0.38166626306881196
1772212564094521,-2.1276313527973842,-0.02914563496982714,0.46603827699649847
1772212564096903,-2.1276313527973842,-0.02914563496982714,0.44749711097005584
1772212564099930,-2.1276313527973842,-0.02914563496982714,0.43113725859378293
1772212564102503,-2.1276313527973842,-0.02914563496982714,0.41670209473236575
1772212564104504,-2.1276313527973842,-0.02914563496982714,0.4039651854428799
1772212564106503,-2.1276313527973842,-0.02914563496982714,0.3927267360698042
1772212564109105,-2.1276313527973842,-0.02914563496982714,0.382810457211208
1772212564112097,-2.1276313527973842,-0.02914563496982714,0.3740607993947996
1772212564113096,-2.1276313527973842,-0.02914563496982714,0.3663405130862039
1772212564117513,-2.1276313527973842,-0.02914563496982714,0.35952849575509005
1772212564119330,-2.1276313527973842,-0.02914563496982714,0.3535178922276367
1772212564121336,-2.1276313527973842,-0.02914563496982714,0.3482144185269425
1772212564125101,-2.1276313527973842,-0.02914563496982714,0.34353488290868295
1772212564127092,-2.1276313527973842,-0.02914563496982714,0.33940588089257157
1772212564128102,-2.1276313527973842,-0.02914563496982714,0.33576264381953214
1772212564132528,-2.1276313527973842,-0.02914563496982714,0.3325480228727326
1772212564134879,-2.1276313527973842,-0.02914563496982714,0.3297115926255566
1772212564135953,-2.1276313527973842,-0.02914563496982714,0.32720886005451894
1772212564140044,-2.1276313527973842,-0.02914563496982714,0.3250005666094857
1772212564142044,-2.1276313527973842,-0.02914563496982714,0.3230520723932799
1772212564143046,-2.1276313527973842,-0.02914563496982714,0.3213328127907454
1772212564147474,-2.1276313527973842,-0.02914563496982714,0.31981581902380307
1772212564149467,-2.1276313527973842,-0.02914563496982714,0.31847729511179523
1772212564151128,-2.1276313527973842,-0.02914563496982714,0.31729624460120004
1772212564155048,-2.1276313527973842,-0.02914563496982714,0.31625414120949846
1772212564157065,-2.1276313527973842,-0.02914563496982714,0.31533463821682056
1772212564158056,-2.1276313527973842,-0.02914563496982714,0.31452331204681067
1772212564162557,-2.1276313527973842,-0.02914563496982714,0.313807436014449
1772212564164563,-2.1276313527973842,-0.02914563496982714,0.3131757806917769
1772212564167614,-2.1276313527973842,-0.02914563496982714,0.3126184377600074
1772212564169607,-2.1276313527973842,-0.02914563496982714,0.3121266645849167
1772212564172612,-2.1276313527973842,-0.02914563496982714,0.3116927470774837
1772212564173613,-2.1276313527973842,-0.027611654181941336,0.4493053046612689
1772212564177561,-2.1276313527973842,-0.027611654181941336,0.43493474888567996
1772212564179554,-2.1276313527973842,-0.027611654181941336,0.4222548467307487
1772212564180561,-2.1276313527973842,-0.027611654181941336,0.41106669777051513
1772212564184644,-2.1276313527973842,-0.027611654181941336,0.4011948016291326
1772212564187687,-2.1276313527973842,-0.027611654181941336,0.3924843050337951
1772212564188680,-2.1276313527973842,-0.027611654181941336,0.3847985727437914
1772212564192586,-2.1276313527973842,-0.027611654181941336,0.37801704425261173
1772212564195107,-2.1276313527973842,-0.027611654181941336,0.37203334264274723
1772212564196107,-2.1276313527973842,-0.027611654181941336,0.3667536059281609
1772212564200109,-2.1276313527973842,-0.027611654181941336,0.36209501470940836
1772212564202416,-2.1276313527973842,-0.027611654181941336,0.3579844930458031
1772212564203476,-2.1276313527973842,-0.027611654181941336,0.35435756216615144
1772212564207659,-2.1276313527973842,-0.027611654181941336,0.351157329037047
1772212564209829,-2.12916533358527,-0.027611654181941336,0.44137698144577564
1772212564212459,-2.12916533358527,-0.027611654181941336,0.4279954964320346
1772212564215174,-2.12916533358527,-0.027611654181941336,0.41618830377285126
1772212564217318,-2.12916533358527,-0.027611654181941336,0.40577019260298364
1772212564219075,-2.12916533358527,-0.027611654181941336,0.3965777415707475
1772212564221698,-2.12916533358527,-0.027611654181941336,0.3884667553658333
1772212564224696,-2.12916533358527,-0.027611654181941336,0.38131000283208544
1772212564225698,-2.12916533358527,-0.027611654181941336,0.3749952211846609
1772212564229305,-2.12916533358527,-0.027611654181941336,0.3694233550251686
1772212564232310,-2.12916533358527,-0.027611654181941336,0.364507002531499
1772212564235031,-2.12916533358527,-0.027611654181941336,0.3601690444488493
1772212564237062,-2.12916533358527,-0.027611654181941336,0.3563414343759231
1772212564239583,-2.12916533358527,-0.027611654181941336,0.35296413137039995
1772212564242637,-2.12916533358527,-0.027611654181941336,0.3499841581302325
1772212564244644,-2.12916533358527,-0.027611654181941336,0.3473547699771436
1772212564245644,-2.12916533358527,-0.027611654181941336,0.34503472160677096
1772212564249785,-2.12916533358527,-0.027611654181941336,0.34298762010350103
1772212564252411,-2.12916533358527,-0.027611654181941336,0.3411813540712041
1772212564254506,-2.12916533358527,-0.027611654181941336,0.3395875899250596
1772212564257512,-2.12916533358527,-0.027611654181941336,0.33818132744316753
1772212564258513,-2.12916533358527,-0.027611654181941336,0.33694050760620387
1772212564262554,-2.12916533358527,-0.027611654181941336,0.3358456665735889
1772212564264560,-2.12916533358527,-0.027611654181941336,0.3348796303683404
1772212564267613,-2.1306993143731554,-0.027611654181941336,0.4270706330039836
1772212564269496,-2.1306993143731554,-0.027611654181941336,0.41542857466106664
1772212564272504,-2.1306993143731554,-0.027611654181941336,0.40515617024084577
1772212564274236,-2.1306993143731554,-0.027611654181941336,0.3960922839877097
1772212564274236,-2.1306993143731554,-0.027611654181941336,0.3880947372937662
1772212564274236,-2.1306993143731554,-0.027611654181941336,0.3810380784461689
1772212564282606,-2.1306993143731554,-0.027611654181941336,0.37481161475711244
1772212564284488,-2.1306993143731554,-0.02914563496982714,0.2313222502352484
1772212564285787,-2.1306993143731554,-0.02914563496982714,0.2405073881242971
1772212564290164,-2.1306993143731554,-0.02914563496982714,0.2486119215558106
1772212564292170,-2.1306993143731554,-0.02914563496982714,0.25576298046596957
1772212564294724,-2.1306993143731554,-0.02914563496982714,0.26207273832787453
1772212564297638,-2.1306993143731554,-0.02914563496982714,0.26764017173543775
1772212564299639,-2.1306993143731554,-0.02914563496982714,0.2725526129774053
1772212564301065,-2.1306993143731554,-0.02914563496982714,0.276887119955612
1772212564305218,-2.1306993143731554,-0.02914563496982714,0.28071168493638254
1772212564307213,-2.1306993143731554,-0.02914563496982714,0.284086301095886
1772212564308218,-2.1306993143731554,-0.02914563496982714,0.2870639035895655
1772212564312632,-2.1306993143731554,-0.02914563496982714,0.28969119990751807
1772212564314634,-2.1306993143731554,-0.027611654181941336,0.4300048285137022
1772212564317583,-2.1306993143731554,-0.027611654181941336,0.4180175706990536
1772212564319482,-2.1306993143731554,-0.027611654181941336,0.4074405785096578
1772212564322488,-2.1306993143731554,-0.027611654181941336,0.3981079383425439
1772212564323488,-2.1306993143731554,-0.027611654181941336,0.38987325584214927
1772212564327691,-2.1306993143731554,-0.027611654181941336,0.38260735951827163
1772212564329697,-2.1306993143731554,-0.027611654181941336,0.37619627452661486
1772212564330699,-2.1306993143731554,-0.027611654181941336,0.3705394348280942
1772212564334932,-2.1306993143731554,-0.027611654181941336,0.3655481056823407
1772212564336984,-2.1306993143731554,-0.027611654181941336,0.3611439917302053
1772212564339547,-2.1306993143731554,-0.027611654181941336,0.3572580088312622
1772212564342049,-2.1306993143731554,-0.027611654181941336,0.3538292003910184
1772212564343552,-2.1306993143731554,-0.027611654181941336,0.35080378117903843
1772212564346771,-2.1306993143731554,-0.027611654181941336,0.34813429363905624
1772212564349241,-2.1306993143731554,-0.027611654181941336,0.34577886345671893
1772212564351352,-2.1306993143731554,-0.027611654181941336,0.3437005427075978
1772212564354358,-2.1306993143731554,-0.027611654181941336,0.34186673028190273
1772212564357744,-2.1306993143731554,-0.027611654181941336,0.3402486604945247
1772212564359411,-2.1306993143731554,-0.027611654181941336,0.33882095185860284
1772212564362687,-2.1306993143731554,-0.027611654181941336,0.3375612089445542
1772212564364694,-2.1306993143731554,-0.027611654181941336,0.3364496710792172
1772212564367606,-2.1306993143731554,-0.027611654181941336,0.33546890237450805
1772212564370198,-2.1306993143731554,-0.027611654181941336,0.33460351822329404
1772212564372204,-2.1306993143731554,-0.027611654181941336,0.33383994397222294
1772212564374525,-2.1306993143731554,-0.027611654181941336,0.3331662019859837
1772212564377525,-2.1306993143731554,-0.027611654181941336,0.33257172376283145
1772212564378529,-2.1306993143731554,-0.027611654181941336,0.3320471841541676
1772212564382735,-2.1306993143731554,-0.027611654181941336,0.3315843550876996
1772212564385008,-2.1306993143731554,-0.027611654181941336,0.3311759764996396
1772212564386041,-2.1306993143731554,-0.027611654181941336,0.3308156424513513
1772212564390203,-2.1306993143731554,-0.027611654181941336,0.33049770064403816
1772212564392203,-2.1306993143731554,-0.027611654181941336,0.3302171637552324
1772212564394746,-2.1306993143731554,-0.027611654181941336,0.3299696312062862
1772212564397789,-2.1306993143731554,-0.027611654181941336,0.3297512201336866
1772212564399788,-2.1306993143731554,-0.027611654181941336,0.3295585044813928
1772212564401272,-2.1306993143731554,-0.027611654181941336,0.3293884612587806
1772212564404356,-2.1306993143731554,-0.027611654181941336,0.3292384231211816
1772212564406825,-2.1306993143731554,-0.027611654181941336,0.3291060365291826
1772212564409492,-2.1306993143731554,-0.027611654181941336,0.32898922483035986
1772212564412115,-2.1306993143731554,-0.027611654181941336,0.32888615568433976
1772212564415120,-2.1306993143731554,-0.027611654181941336,0.3287952123202045
1772212564417594,-2.1306993143731554,-0.027611654181941336,0.3287149681753791
1772212564419894,-2.1306993143731554,-0.027611654181941336,0.32864416451818035
1772212564421910,-2.1306993143731554,-0.027611654181941336,0.3285816907030049
1772212564423910,-2.1306993143731554,-0.027611654181941336,0.3285265667484384
1772212564427842,-2.1306993143731554,-0.027611654181941336,0.32847792796499736
1772212564429842,-2.1306993143731554,-0.027611654181941336,0.3284350113913728
1772212564430849,-2.1306993143731554,-0.027611654181941336,0.3283971438264101
1772212564434628,-2.1306993143731554,-0.027611654181941336,0.32836373126909
1772212564437794,-2.1306993143731554,-0.027611654181941336,0.3283342496008664
1772212564440344,-2.1306993143731554,-0.027611654181941336,0.32830823636419854
1772212564440344,-2.1306993143731554,-0.027611654181941336,0.3282852835083151
1772212564443607,-2.1306993143731554,-0.027611654181941336,0.3282650309884179
1772212564447771,-2.1306993143731554,-0.027611654181941336,0.32824716111792046
1772212564449773,-2.1306993143731554,-0.027611654181941336,0.3282313935851286
1772212564451228,-2.1306993143731554,-0.027611654181941336,0.3282174810561945
1772212564454450,-2.1306993143731554,-0.027611654181941336,0.32820520529537045
1772212564457450,-2.1306993143731554,-0.027611654181941336,0.3281943737417021
1772212564459334,-2.1306993143731554,-0.027611654181941336,0.32818481648846526
1772212564459334,-2.1306993143731554,-0.027611654181941336,0.3281763836179622
1772212564459334,-2.1306993143731554,-0.027611654181941336,0.3281689428498713
1772212564467717,-2.1306993143731554,-0.027611654181941336,0.32816237746626165
1772212564470299,-2.1306993143731554,-0.027611654181941336,0.32815658448072377
1772212564471701,-2.1306993143731554,-0.027611654181941336,0.32815147302289616
1772212564475276,-2.1306993143731554,-0.026077673394055978,0.46614238888570503
1772212564477769,-2.1306993143731554,-0.026077673394055978,0.45210567865047047
1772212564478780,-2.1306993143731554,-0.026077673394055978,0.4397203460899694
1772212564482820,-2.1306993143731554,-0.026077673394055978,0.4287921114777626
1772212564484772,-2.1306993143731554,-0.026077673394055978,0.41914955152581534
1772212564485808,-2.1306993143731554,-0.026077673394055978,0.41064141039174434
1772212564490352,-2.1306993143731554,-0.026077673394055978,0.40313422703815227
1772212564492355,-2.1306993143731554,-0.026077673394055978,0.39651024172615923
1772212564493352,-2.1306993143731554,-0.026077673394055978,0.39066554880381243
1772212564497872,-2.1306993143731554,-0.026077673394055978,0.3855084668135064
1772212564499872,-2.1306993143731554,-0.026077673394055978,0.38095810035147165
1772212564501244,-2.1306993143731554,-0.026077673394055978,0.3769430711202646
1772212564504407,-2.1306993143731554,-0.026077673394055978,0.3734003982691995
1772212564507648,-2.1306993143731554,-0.026077673394055978,0.3702745104594362
1772212564509155,-2.1306993143731554,-0.026077673394055978,0.36751637415670385
1772212564512893,-2.1306993143731554,-0.026077673394055978,0.3650827244778224
1772212564514891,-2.1306993143731554,-0.026077673394055978,0.36293538652586815
1772212564517613,-2.1306993143731554,-0.026077673394055978,0.3610406765682615
1772212564520112,-2.1306993143731554,-0.026077673394055978,0.3593688736644909
1772212564522111,-2.1306993143731554,-0.026077673394055978,0.3578937534552815
1772212564525453,-2.1306993143731554,-0.026077673394055978,0.35659217680009686
1772212564527451,-2.1306993143731554,-0.026077673394055978,0.35544372681022796
1772212564528453,-2.1306993143731554,-0.026077673394055978,0.35443038858387305
1772212564532797,-2.1306993143731554,-0.026077673394055978,0.35353626661944226
1772212564534842,-2.1306993143731554,-0.026077673394055978,0.35274733547435627
1772212564535843,-2.132233295161041,-0.026077673394055978,0.44509460728074846
1772212564540346,-2.132233295161041,-0.026077673394055978,0.4335904335002397
1772212564542477,-2.132233295161041,-0.026077673394055978,0.4234396919292026
1772212564545020,-2.132233295161041,-0.026077673394055978,0.41448315524887575
1772212564547899,-2.132233295161041,-0.026077673394055978,0.4065803287662344
1772212564549887,-2.132233295161041,-0.026077673394055978,0.3996072465756685
1772212564551239,-2.132233295161041,-0.026077673394055978,0.3934545269957574
1772212564555419,-2.132233295161041,-0.026077673394055978,0.38802565677818884
1772212564557894,-2.132233295161041,-0.026077673394055978,0.38323547717445183
1772212564558897,-2.132233295161041,-0.026077673394055978,0.37900884811233093
1772212564562905,-2.132233295161041,-0.026077673394055978,0.37527946952810665
1772212564564901,-2.132233295161041,-0.026077673394055978,0.37198884136555577
1772212564567602,-2.132233295161041,-0.026077673394055978,0.3690853459280109
1772212564570026,-2.132233295161041,-0.026077673394055978,0.36652343818900074
1772212564572029,-2.132233295161041,-0.027611654181941336,0.22626750538780563
1772212564574024,-2.132233295161041,-0.027611654181941336,0.23830567126564056
1772212564577965,-2.132233295161041,-0.027611654181941336,0.2489275823343184
1772212564579957,-2.132233295161041,-0.027611654181941336,0.2582998568066812
1772212564580965,-2.132233295161041,-0.027611654181941336,0.2665695107528837
1772212564584717,-2.132233295161041,-0.027611654181941336,0.2738662642348271
1772212564587745,-2.132233295161041,-0.027611654181941336,0.28030457613065946
1772212564589747,-2.132233295161041,-0.027611654181941336,0.2859854395681586
1772212564592924,-2.132233295161041,-0.027611654181941336,0.29099796613065787
1772212564594924,-2.132233295161041,-0.027611654181941336,0.29542078368580427
1772212564595923,-2.132233295161041,-0.027611654181941336,0.29932326976387463
1772212564600363,-2.132233295161041,-0.027611654181941336,0.30276663983276025
1772212564602620,-2.132233295161041,-0.027611654181941336,0.30580490754060047
1772212564603624,-2.132233295161041,-0.027611654181941336,0.30848573198869483
1772212564607905,-2.132233295161041,-0.027611654181941336,0.3108511653252486
1772212564610428,-2.132233295161041,-0.027611654181941336,0.3129383123869137
1772212564611425,-2.132233295161041,-0.027611654181941336,0.31477991273544187
1772212564615450,-2.132233295161041,-0.027611654181941336,0.3164048542194372
1772212564617883,-2.132233295161041,-0.027611654181941336,0.31783862611708014
1772212564619176,-2.132233295161041,-0.027611654181941336,0.3191037189679416
1772212564622930,-2.132233295161041,-0.027611654181941336,0.32021997736576047
1772212564624930,-2.132233295161041,-0.027611654181941336,0.32120491124618894
1772212564625935,-2.132233295161041,-0.027611654181941336,0.3220739705524493
1772212564630578,-2.132233295161041,-0.027611654181941336,0.32284078758738494
1772212564632572,-2.132233295161041,-0.027611654181941336,0.32351739085350467
1772212564634568,-2.132233295161041,-0.027611654181941336,0.324114393735375
1772212564637959,-2.132233295161041,-0.027611654181941336,0.3246411609840841
1772212564639959,-2.132233295161041,-0.027611654181941336,0.325105955615298
1772212564640959,-2.132233295161041,-0.027611654181941336,0.3255160685251926
1772212564645188,-2.132233295161041,-0.027611654181941336,0.32587793285745253
1772212564647327,-2.132233295161041,-0.027611654181941336,0.326197224915329
1772212564649941,-2.132233295161041,-0.027611654181941336,0.32647895320169057
1772212564652574,-2.132233295161041,-0.027611654181941336,0.32672753698377427
1772212564654577,-2.132233295161041,-0.027611654181941336,0.32694687561502467
1772212564656574,-2.132233295161041,-0.027611654181941336,0.327140409701422
1772212564660520,-2.132233295161041,-0.027611654181941336,0.32731117507177265
1772212564662523,-2.132233295161041,-0.027611654181941336,0.3274618503985526
1772212564663532,-2.132233295161041,-0.027611654181941336,0.32759479921629964
1772212564667920,-2.132233295161041,-0.027611654181941336,0.32771210699666464
1772212564670146,-2.132233295161041,-0.027611654181941336,0.3278156138616926
1772212564671146,-2.132233295161041,-0.027611654181941336,0.327906943448482
1772212564675522,-2.132233295161041,-0.027611654181941336,0.32798752837800205
1772212564677531,-2.132233295161041,-0.027611654181941336,0.3280586327275785
1772212564678528,-2.132233295161041,-0.027611654181941336,0.32812137185955775
1772212564683035,-2.132233295161041,-0.027611654181941336,0.32817672991718655
1772212564684935,-2.132233295161041,-0.027611654181941336,0.32822557526215307
1772212564686936,-2.132233295161041,-0.027611654181941336,0.3282686740959471
1772212564690557,-2.132233295161041,-0.027611654181941336,0.3283067024787066
1772212564692557,-2.132233295161041,-0.027611654181941336,0.32834025693408253
1772212564693570,-2.132233295161041,-0.027611654181941336,0.3283698638064731
1772212564697987,-2.132233295161041,-0.027611654181941336,0.3283959875174059
1772212564700300,-2.132233295161041,-0.027611654181941336,0.32841903785058196
1772212564701305,-2.132233295161041,-0.027611654181941336,0.32843937637985493
1772212564705554,-2.132233295161041,-0.027611654181941336,0.32845732214097817
1772212564707566,-2.132233295161041,-0.027611654181941336,0.3284731566360869
1772212564710576,-2.132233295161041,-0.027611654181941336,0.3284871282494181
1772212564713027,-2.132233295161041,-0.027611654181941336,0.32849945614353393
1772212564715026,-2.132233295161041,-0.027611654181941336,0.3285103336971655
1772212564717932,-2.132233295161041,-0.027611654181941336,0.32851993153860515
1772212564719754,-2.132233295161041,-0.027611654181941336,0.3285284002222283
1772212564722752,-2.132233295161041,-0.027611654181941336,0.3285358725901312
1772212564723752,-2.132233295161041,-0.027611654181941336,0.3285424658559277
1772212564728090,-2.132233295161041,-0.027611654181941336,0.3285482834433953
1772212564730083,-2.132233295161041,-0.027611654181941336,0.32855341660880794
1772212564731090,-2.132233295161041,-0.027611654181941336,0.3285579458724073
1772212564735611,-2.132233295161041,-0.027611654181941336,0.3285619422814655
1772212564737943,-2.132233295161041,-0.027611654181941336,0.32856546852475216
1772212564740648,-2.132233295161041,-0.027611654181941336,0.3285685799158875
1772212564740648,-2.132233295161041,-0.027611654181941336,0.32857132526100685
1772212564740648,-2.132233295161041,-0.027611654181941336,0.3285737476243475
1772212564747472,-2.132233295161041,-0.027611654181941336,0.3285758850037657
1772212564750463,-2.132233295161041,-0.027611654181941336,0.32857777092678175
1772212564751109,-2.132233295161041,-0.027611654181941336,0.3285794349765018
1772212564755547,-2.132233295161041,-0.027611654181941336,0.32858090325566663
1772212564757980,-2.132233295161041,-0.027611654181941336,0.32858219879610606
1772212564758991,-2.132233295161041,-0.027611654181941336,0.3285833419200233
1772212564763014,-2.132233295161041,-0.027611654181941336,0.3285843505587738
1772212564765006,-2.132233295161041,-0.027611654181941336,0.32858524053414184
1772212564767588,-2.132233295161041,-0.027611654181941336,0.3285860258065254
1772212564770609,-2.132233295161041,-0.027611654181941336,0.3285867186939227
1772212564772609,-2.132233295161041,-0.027611654181941336,0.3285873300651556
1772212564773609,-2.132233295161041,-0.027611654181941336,0.3285878695103611
1772212564778047,-2.132233295161041,-0.027611654181941336,0.32858834549142474
1772212564780041,-2.132233295161041,-0.027611654181941336,0.3285887654747162
1772212564781045,-2.132233295161041,-0.027611654181941336,0.3285891360482087
1772212564784821,-2.132233295161041,-0.027611654181941336,0.32858946302481973
1772212564787832,-2.132233295161041,-0.027611654181941336,0.32858975153359415
1772212564789539,-2.132233295161041,-0.027611654181941336,0.3285900061001598
1772212564789539,-2.132233295161041,-0.027611654181941336,0.32859023071771776
1772212564789539,-2.132233295161041,-0.027611654181941336,0.32859042890968065
1772212564798070,-2.132233295161041,-0.027611654181941336,0.328590603784942
1772212564800352,-2.132233295161041,-0.027611654181941336,0.32859075808664323
1772212564801263,-2.132233295161041,-0.027611654181941336,0.3285908942352031
1772212564805635,-2.132233295161041,-0.027611654181941336,0.32859101436628535
1772212564807635,-2.132233295161041,-0.027611654181941336,0.32859112036429916
1772212564808639,-2.132233295161041,-0.027611654181941336,0.32859121389195833
1772212564812554,-2.132233295161041,-0.027611654181941336,0.3285912964163635
1772212564814808,-2.132233295161041,-0.027611654181941336,0.3285913692320151
1772212564817754,-2.132233295161041,-0.027611654181941336,0.32859143348111947
1772212564820576,-2.132233295161041,-0.027611654181941336,0.3285914901715057
1772212564822580,-2.132233295161041,-0.027611654181941336,0.3285915401924347
1772212564823575,-2.132233295161041,-0.027611654181941336,0.32859158432854857
1772212564826998,-2.132233295161041,-0.027611654181941336,0.3285916232721784
1772212564830432,-2.132233295161041,-0.027611654181941336,0.3285916576342047
1772212564831423,-2.132233295161041,-0.027611654181941336,0.32859168795363974
1772212564834577,-2.132233295161041,-0.027611654181941336,0.3285917147060824
1772212564837870,-2.132233295161041,-0.027611654181941336,0.3285917383111788
1772212564839992,-2.132233295161041,-0.027611654181941336,0.3285917591392052
1772212564839992,-2.132233295161041,-0.027611654181941336,0.32859177751687535
1772212564839992,-2.132233295161041,-0.027611654181941336,0.3285917937324668
1772212564848038,-2.132233295161041,-0.027611654181941336,0.32859180804034155
1772212564850070,-2.132233295161041,-0.027611654181941336,0.328591820664937
1772212564851070,-2.132233295161041,-0.027611654181941336,0.3285918318042858
1772212564854854,-2.132233295161041,-0.027611654181941336,0.32859184163312305
1772212564857859,-2.132233295161041,-0.027611654181941336,0.3285918503056265
1772212564858849,-2.132233295161041,-0.027611654181941336,0.3285918579578354
1772212564863130,-2.132233295161041,-0.027611654181941336,0.32859186470978446
1772212564865120,-2.132233295161041,-0.027611654181941336,0.32859187066738654
1772212564867601,-2.132233295161041,-0.027611654181941336,0.32859187592409433
1772212564870298,-2.132233295161041,-0.027611654181941336,0.3285918805623658
1772212564872298,-2.132233295161041,-0.027611654181941336,0.32859188465495837
1772212564875684,-2.132233295161041,-0.027611654181941336,0.3285918882660694
1772212564877689,-2.132233295161041,-0.027611654181941336,0.32859189145234385
1772212564878685,-2.132233295161041,-0.027611654181941336,0.3285918942637625
1772212564883136,-2.132233295161041,-0.027611654181941336,0.328591896744426
1772212564884733,-2.132233295161041,-0.027611654181941336,0.32859189893324675
1772212564886805,-2.132233295161041,-0.027611654181941336,0.3285919008645592
1772212564890213,-2.132233295161041,-0.027611654181941336,0.32859190256865833
1772212564893216,-2.132233295161041,-0.027611654181941336,0.3285919040722753
1772212564894215,-2.132233295161041,-0.027611654181941336,0.32859190539899613
1772212564897415,-2.132233295161041,-0.027611654181941336,0.3285919065696321
1772212564900418,-2.132233295161041,-0.027611654181941336,0.32859190760254625
1772212564901147,-2.132233295161041,-0.027611654181941336,0.3285919085139411
1772212564905785,-2.132233295161041,-0.027611654181941336,0.328591909318113
1772212564907789,-2.132233295161041,-0.027611654181941336,0.32859191002767646
1772212564908786,-2.132233295161041,-0.027611654181941336,0.32859191065376187
1772212564913203,-2.132233295161041,-0.027611654181941336,0.32859191120619013
1772212564915203,-2.132233295161041,-0.027611654181941336,0.3285919116936269
1772212564917616,-2.132233295161041,-0.027611654181941336,0.3285919121237181
1772212564919798,-2.132233295161041,-0.027611654181941336,0.32859191250321035
1772212564922799,-2.132233295161041,-0.027611654181941336,0.32859191283805644
1772212564923788,-2.132233295161041,-0.027611654181941336,0.3285919131335089
1772212564927671,-2.132233295161041,-0.027611654181941336,0.32859191339420224
1772212564930681,-2.132233295161041,-0.027611654181941336,0.32859191362422574
1772212564933269,-2.132233295161041,-0.027611654181941336,0.3285919138271877
1772212564935469,-2.132233295161041,-0.027611654181941336,0.3285919140062718
1772212564937468,-2.132233295161041,-0.027611654181941336,0.3285919141642872
1772212564939689,-2.132233295161041,-0.027611654181941336,0.3285919143037125
1772212564939689,-2.132233295161041,-0.027611654181941336,0.3285919144267348
1772212564939689,-2.132233295161041,-0.027611654181941336,0.3285919145352839
1772212564948256,-2.132233295161041,-0.027611654181941336,0.3285919146310625
1772212564950246,-2.132233295161041,-0.027611654181941336,0.3285919147155731
1772212564951376,-2.132233295161041,-0.027611654181941336,0.3285919147901412
1772212564955808,-2.132233295161041,-0.027611654181941336,0.32859191485593664
1772212564957814,-2.132233295161041,-0.027611654181941336,0.3285919149139915
1772212564958819,-2.132233295161041,-0.027611654181941336,0.3285919149652162
1772212564962338,-2.132233295161041,-0.027611654181941336,0.32859191501041457
1772212564965359,-2.132233295161041,-0.027611654181941336,0.3285919150502955
1772212564967964,-2.132233295161041,-0.027611654181941336,0.3285919150854845
1772212564969977,-2.132233295161041,-0.027611654181941336,0.3285919151165337
1772212564972972,-2.132233295161041,-0.027611654181941336,0.32859191514393
1772212564975729,-2.132233295161041,-0.027611654181941336,0.3285919151681032
1772212564977724,-2.132233295161041,-0.027611654181941336,0.3285919151894325
1772212564978728,-2.132233295161041,-0.027611654181941336,0.3285919152082525
1772212564983175,-2.132233295161041,-0.027611654181941336,0.32859191522485837
1772212564985520,-2.132233295161041,-0.027611654181941336,0.3285919152395106
1772212564986520,-2.132233295161041,-0.027611654181941336,0.32859191525243897
1772212564990659,-2.132233295161041,-0.027611654181941336,0.32859191526384646
1772212564992659,-2.132233295161041,-0.027611654181941336,0.32859191527391185
1772212564993648,-2.132233295161041,-0.027611654181941336,0.3285919152827931
1772212564998200,-2.132233295161041,-0.027611654181941336,0.3285919152906294
1772212565000192,-2.132233295161041,-0.027611654181941336,0.3285919152975439
1772212565002143,-2.132233295161041,-0.027611654181941336,0.3285919153036449
1772212565005706,-2.132233295161041,-0.027611654181941336,0.32859191530902815
1772212565007706,-2.132233295161041,-0.027611654181941336,0.32859191531377807
1772212565008706,-2.132233295161041,-0.027611654181941336,0.3285919153179691
1772212565013157,-2.132233295161041,-0.027611654181941336,0.32859191532166715
1772212565015157,-2.132233295161041,-0.027611654181941336,0.3285919153249301
1772212565017584,-2.132233295161041,-0.027611654181941336,0.3285919153278092
1772212565019715,-2.132233295161041,-0.027611654181941336,0.3285919153303496
1772212565023156,-2.132233295161041,-0.027611654181941336,0.328591915332591
1772212565024148,-2.132233295161041,-0.027611654181941336,0.32859191533456883
1772212565027685,-2.132233295161041,-0.027611654181941336,0.328591915336314
1772212565030331,-2.132233295161041,-0.027611654181941336,0.32859191533785376
1772212565033267,-2.132233295161041,-0.027611654181941336,0.3285919153392124
1772212565035404,-2.132233295161041,-0.027611654181941336,0.3285919153404112
1772212565037849,-2.132233295161041,-0.027611654181941336,0.32859191534146903
1772212565039837,-2.132233295161041,-0.027611654181941336,0.32859191534240234
1772212565039837,-2.132233295161041,-0.027611654181941336,0.32859191534322585
1772212565039837,-2.132233295161041,-0.027611654181941336,0.3285919153439525
1772212565048241,-2.132233295161041,-0.027611654181941336,0.32859191534459364
1772212565050248,-2.132233295161041,-0.027611654181941336,0.32859191534515936
1772212565051089,-2.132233295161041,-0.027611654181941336,0.32859191534565857
1772212565055848,-2.132233295161041,-0.027611654181941336,0.328591915346099
1772212565057847,-2.132233295161041,-0.027611654181941336,0.3285919153464876
1772212565058850,-2.132233295161041,-0.027611654181941336,0.32859191534683047
1772212565062576,-2.132233295161041,-0.027611654181941336,0.32859191534713306
1772212565065574,-2.132233295161041,-0.027611654181941336,0.3285919153474
1772212565067647,-2.132233295161041,-0.027611654181941336,0.3285919153476356
1772212565070853,-2.132233295161041,-0.027611654181941336,0.32859191534784343
1772212565073338,-2.132233295161041,-0.027611654181941336,0.32859191534802684
1772212565074354,-2.132233295161041,-0.027611654181941336,0.32859191534818866
1772212565078384,-2.132233295161041,-0.027611654181941336,0.3285919153483315
1772212565080380,-2.132233295161041,-0.027611654181941336,0.32859191534845744
1772212565083298,-2.132233295161041,-0.027611654181941336,0.32859191534856863
1772212565085587,-2.132233295161041,-0.027611654181941336,0.32859191534866666
1772212565087586,-2.132233295161041,-0.027611654181941336,0.3285919153487532
1772212565089863,-2.132233295161041,-0.027611654181941336,0.3285919153488296
1772212565089863,-2.132233295161041,-0.027611654181941336,0.328591915348897
1772212565093594,-2.132233295161041,-0.027611654181941336,0.32859191534895643
1772212565098365,-2.132233295161041,-0.027611654181941336,0.3285919153490089
1772212565100357,-2.132233295161041,-0.027611654181941336,0.3285919153490552
1772212565101332,-2.132233295161041,-0.027611654181941336,0.328591915349096
1772212565105838,-2.132233295161041,-0.027611654181941336,0.32859191534913207
1772212565107825,-2.132233295161041,-0.027611654181941336,0.3285919153491638
1772212565108826,-2.132233295161041,-0.027611654181941336,0.3285919153491919
1772212565113327,-2.132233295161041,-0.027611654181941336,0.32859191534921667
1772212565115315,-2.132233295161041,-0.027611654181941336,0.3285919153492385
1772212565118119,-2.132233295161041,-0.027611654181941336,0.32859191534925775
1772212565120132,-2.132233295161041,-0.027611654181941336,0.32859191534927473
1772212565123119,-2.132233295161041,-0.027611654181941336,0.3285919153492898
1772212565125163,-2.132233295161041,-0.027611654181941336,0.32859191534930304
1772212565128163,-2.132233295161041,-0.027611654181941336,0.3285919153493147
1772212565129226,-2.132233295161041,-0.027611654181941336,0.32859191534932497
1772212565133334,-2.132233295161041,-0.027611654181941336,0.3285919153493341
1772212565135831,-2.132233295161041,-0.027611654181941336,0.3285919153493421
1772212565137722,-2.132233295161041,-0.027611654181941336,0.3285919153493492
1772212565140716,-2.132233295161041,-0.027611654181941336,0.3285919153493554
1772212565141710,-2.132233295161041,-0.027611654181941336,0.32859191534936094
1772212565145043,-2.132233295161041,-0.027611654181941336,0.3285919153493658
1772212565148043,-2.132233295161041,-0.027611654181941336,0.3285919153493701
1772212565150940,-2.132233295161041,-0.027611654181941336,0.3285919153493739
1772212565153368,-2.132233295161041,-0.027611654181941336,0.32859191534937726
1772212565155368,-2.132233295161041,-0.027611654181941336,0.32859191534938015
1772212565157767,-2.132233295161041,-0.027611654181941336,0.32859191534938276
1772212565160753,-2.132233295161041,-0.027611654181941336,0.3285919153493851
1772212565161755,-2.132233295161041,-0.027611654181941336,0.3285919153493871
1772212565164899,-2.132233295161041,-0.027611654181941336,0.3285919153493889
1772212565167960,-2.132233295161041,-0.027611654181941336,0.3285919153493905
1772212565168998,-2.132233295161041,-0.027611654181941336,0.32859191534939186
1772212565173380,-2.132233295161041,-0.027611654181941336,0.3285919153493931
1772212565175383,-2.132233295161041,-0.027611654181941336,0.3285919153493942
1772212565176380,-2.132233295161041,-0.027611654181941336,0.32859191534939514
1772212565180935,-2.132233295161041,-0.027611654181941336,0.32859191534939597
1772212565182935,-2.132233295161041,-0.027611654181941336,0.32859191534939675
1772212565184294,-2.132233295161041,-0.027611654181941336,0.32859191534939736
1772212565188472,-2.132233295161041,-0.027611654181941336,0.3285919153493979
1772212565190916,-2.132233295161041,-0.027611654181941336,0.32859191534939847
1772212565191925,-2.132233295161041,-0.027611654181941336,0.32859191534939897
1772212565195892,-2.132233295161041,-0.027611654181941336,0.3285919153493993
1772212565197885,-2.132233295161041,-0.027611654181941336,0.32859191534939963
1772212565200288,-2.132233295161041,-0.027611654181941336,0.3285919153494
1772212565203334,-2.132233295161041,-0.027611654181941336,0.32859191534940024
1772212565203868,-2.132233295161041,-0.027611654181941336,0.32859191534940047
1772212565203868,-2.132233295161041,-0.027611654181941336,0.32859191534940074
1772212565203868,-2.132233295161041,-0.027611654181941336,0.3285919153494009
1772212565213538,-2.132233295161041,-0.027611654181941336,0.3285919153494011
1772212565215541,-2.132233295161041,-0.027611654181941336,0.3285919153494012
1772212565218314,-2.132233295161041,-0.027611654181941336,0.32859191534940135
1772212565220331,-2.132233295161041,-0.027611654181941336,0.3285919153494014
1772212565223319,-2.132233295161041,-0.027611654181941336,0.3285919153494015
1772212565226011,-2.132233295161041,-0.027611654181941336,0.32859191534940163
1772212565228007,-2.132233295161041,-0.027611654181941336,0.32859191534940174
1772212565229007,-2.132233295161041,-0.027611654181941336,0.32859191534940174
1772212565233523,-2.132233295161041,-0.027611654181941336,0.3285919153494018
1772212565235534,-2.132233295161041,-0.027611654181941336,0.3285919153494019
1772212565236542,-2.132233295161041,-0.027611654181941336,0.32859191534940196
1772212565240984,-2.132233295161041,-0.027611654181941336,0.32859191534940196
1772212565242984,-2.132233295161041,-0.027611654181941336,0.328591915349402
1772212565244058,-2.132233295161041,-0.027611654181941336,0.3285919153494021
1772212565248360,-2.132233295161041,-0.027611654181941336,0.32859191534940213
1772212565251036,-2.132233295161041,-0.027611654181941336,0.32859191534940213
1772212565253401,-2.132233295161041,-0.027611654181941336,0.32859191534940213
1772212565255830,-2.132233295161041,-0.027611654181941336,0.32859191534940213
1772212565257829,-2.132233295161041,-0.027611654181941336,0.32859191534940213
1772212565260236,-2.132233295161041,-0.027611654181941336,0.3285919153494022
1772212565263236,-2.132233295161041,-0.027611654181941336,0.3285919153494022
1772212565265019,-2.132233295161041,-0.027611654181941336,0.3285919153494022
1772212565267615,-2.132233295161041,-0.027611654181941336,0.3285919153494022
1772212565269136,-2.132233295161041,-0.027611654181941336,0.32859191534940224
1772212565272826,-2.132233295161041,-0.027611654181941336,0.32859191534940224
1772212565275829,-2.132233295161041,-0.027611654181941336,0.32859191534940224
1772212565276818,-2.132233295161041,-0.027611654181941336,0.32859191534940224
1772212565280930,-2.132233295161041,-0.027611654181941336,0.32859191534940224
1772212565283030,-2.132233295161041,-0.027611654181941336,0.32859191534940224
1772212565289896,-2.132233295161041,-0.027611654181941336,0.32859191534940224
1772212565291903,-2.132233295161041,-0.027611654181941336,0.32859191534940224
1772212565295916,-2.132233295161041,-0.027611654181941336,0.32859191534940224
1772212565297921,-2.132233295161041,-0.027611654181941336,0.3285919153494023
1772212565297921,-2.132233295161041,-0.027611654181941336,0.3285919153494023
1772212565297921,-2.132233295161041,-0.027611654181941336,0.3285919153494023
1772212565300991,-2.132233295161041,-0.027611654181941336,0.3285919153494023
1772212565302990,-2.132233295161041,-0.027611654181941336,0.3285919153494023
1772212565308342,-2.132233295161041,-0.027611654181941336,0.3285919153494023
1772212565308342,-2.132233295161041,-0.027611654181941336,0.3285919153494023
1772212565310885,-2.132233295161041,-0.027611654181941336,0.3285919153494023
1772212565311890,-2.132233295161041,-0.027611654181941336,0.3285919153494023
1772212565316069,-2.132233295161041,-0.027611654181941336,0.3285919153494023
1772212565317641,-2.132233295161041,-0.027611654181941336,0.3285919153494023
1772212565319932,-2.132233295161041,-0.027611654181941336,0.3285919153494023
1772212565323575,-2.132233295161041,-0.027611654181941336,0.3285919153494023
1772212565325575,-2.132233295161041,-0.027611654181941336,0.3285919153494023
1772212565326575,-2.132233295161041,-0.027611654181941336,0.3285919153494023
1772212565330993,-2.132233295161041,-0.027611654181941336,0.3285919153494023
1772212565332993,-2.132233295161041,-0.027611654181941336,0.3285919153494023
1772212565334506,-2.132233295161041,-0.027611654181941336,0.3285919153494023
1772212565338636,-2.132233295161041,-0.027611654181941336,0.3285919153494023
1772212565341028,-2.132233295161041,-0.027611654181941336,0.3285919153494023
1772212565343028,-2.132233295161041,-0.027611654181941336,0.3285919153494023
1772212565346109,-2.132233295161041,-0.027611654181941336,0.3285919153494023
1772212565348108,-2.132233295161041,-0.027611654181941336,0.3285919153494023
1772212565350946,-2.132233295161041,-0.027611654181941336,0.3285919153494023
1772212565353523,-2.132233295161041,-0.027611654181941336,0.3285919153494023
1772212565355523,-2.132233295161041,-0.027611654181941336,0.3285919153494023
1772212565357863,-2.132233295161041,-0.027611654181941336,0.3285919153494023
1772212565360863,-2.132233295161041,-0.027611654181941336,0.3285919153494023
1772212565361863,-2.132233295161041,-0.027611654181941336,0.3285919153494023
1772212565366097,-2.132233295161041,-0.027611654181941336,0.3285919153494023
1772212565367780,-2.132233295161041,-0.027611654181941336,0.3285919153494023
1772212565369915,-2.132233295161041,-0.027611654181941336,0.3285919153494023
1772212565372719,-2.132233295161041,-0.027611654181941336,0.3285919153494023
1772212565375719,-2.132233295161041,-0.027611654181941336,0.3285919153494023
1772212565378239,-2.132233295161041,-0.027611654181941336,0.3285919153494023
1772212565381180,-2.132233295161041,-0.027611654181941336,0.3285919153494023
1772212565383180,-2.132233295161041,-0.027611654181941336,0.3285919153494023
1772212565386354,-2.132233295161041,-0.027611654181941336,0.3285919153494023
1772212565387710,-2.132233295161041,-0.027611654181941336,0.3285919153494023
1772212565390710,-2.132233295161041,-0.027611654181941336,0.3285919153494023
1772212565392623,-2.132233295161041,-0.027611654181941336,0.3285919153494023
1772212565392623,-2.132233295161041,-0.027611654181941336,0.3285919153494023
1772212565398545,-2.132233295161041,-0.027611654181941336,0.3285919153494023
1772212565401090,-2.132233295161041,-0.027611654181941336,0.3285919153494023
1772212565402460,-2.132233295161041,-0.027611654181941336,0.3285919153494023
1772212565406114,-2.132233295161041,-0.027611654181941336,0.3285919153494023
1772212565408114,-2.132233295161041,-0.027611654181941336,0.3285919153494023
1772212565409113,-2.132233295161041,-0.027611654181941336,0.3285919153494023
1772212565413690,-2.132233295161041,-0.027611654181941336,0.3285919153494023
1772212565415689,-2.132233295161041,-0.027611654181941336,0.3285919153494023
1772212565417690,-2.132233295161041,-0.027611654181941336,0.3285919153494023
1772212565420252,-2.132233295161041,-0.027611654181941336,0.3285919153494023
1772212565423251,-2.132233295161041,-0.027611654181941336,0.3285919153494023
1772212565425557,-2.132233295161041,-0.027611654181941336,0.3285919153494023
1772212565428656,-2.132233295161041,-0.027611654181941336,0.3285919153494023
1772212565430656,-2.132233295161041,-0.027611654181941336,0.3285919153494023
1772212565434311,-2.132233295161041,-0.027611654181941336,0.3285919153494023
1772212565435886,-2.132233295161041,-0.027611654181941336,0.3285919153494023
1772212565437890,-2.132233295161041,-0.027611654181941336,0.3285919153494023
1772212565439885,-2.132233295161041,-0.027611654181941336,0.3285919153494023
1772212565443711,-2.132233295161041,-0.027611654181941336,0.3285919153494023
1772212565445215,-2.132233295161041,-0.027611654181941336,0.3285919153494023
1772212565447776,-2.132233295161041,-0.027611654181941336,0.3285919153494023
1772212565450995,-2.132233295161041,-0.027611654181941336,0.3285919153494023
1772212565453162,-2.132233295161041,-0.027611654181941336,0.3285919153494023
1772212565454085,-2.132233295161041,-0.027611654181941336,0.3285919153494023
1772212565454085,-2.132233295161041,-0.027611654181941336,0.3285919153494023
1772212565454085,-2.132233295161041,-0.027611654181941336,0.3285919153494023
1772212565463452,-2.132233295161041,-0.027611654181941336,0.3285919153494023
1772212565465456,-2.132233295161041,-0.027611654181941336,0.3285919153494023
1772212565467457,-2.132233295161041,-0.027611654181941336,0.3285919153494023
1772212565471212,-2.132233295161041,-0.027611654181941336,0.3285919153494023
1772212565473213,-2.132233295161041,-0.027611654181941336,0.3285919153494023
1772212565474212,-2.132233295161041,-0.027611654181941336,0.3285919153494023
1772212565478022,-2.132233295161041,-0.027611654181941336,0.3285919153494023
1772212565480779,-2.132233295161041,-0.027611654181941336,0.3285919153494023
1772212565483259,-2.132233295161041,-0.027611654181941336,0.3285919153494023
1772212565485805,-2.132233295161041,-0.027611654181941336,0.3285919153494023
1772212565488210,-2.132233295161041,-0.027611654181941336,0.3285919153494023
1772212565490209,-2.132233295161041,-0.027611654181941336,0.3285919153494023
1772212565493732,-2.132233295161041,-0.027611654181941336,0.3285919153494023
1772212565495727,-2.132233295161041,-0.027611654181941336,0.3285919153494023
1772212565496729,-2.132233295161041,-0.027611654181941336,0.3285919153494023
1772212565501054,-2.132233295161041,-0.027611654181941336,0.3285919153494023
1772212565503348,-2.132233295161041,-0.027611654181941336,0.3285919153494023
1772212565504350,-2.132233295161041,-0.027611654181941336,0.3285919153494023
1772212565508683,-2.132233295161041,-0.027611654181941336,0.3285919153494023
1772212565510684,-2.132233295161041,-0.027611654181941336,0.3285919153494023
1772212565511683,-2.132233295161041,-0.027611654181941336,0.3285919153494023
1772212565515705,-2.132233295161041,-0.027611654181941336,0.3285919153494023
1772212565517710,-2.132233295161041,-0.027611654181941336,0.3285919153494023
1772212565519890,-2.132233295161041,-0.027611654181941336,0.3285919153494023
1772212565523795,-2.132233295161041,-0.027611654181941336,0.3285919153494023
1772212565525796,-2.132233295161041,-0.027611654181941336,0.3285919153494023
1772212565526872,-2.132233295161041,-0.027611654181941336,0.3285919153494023
1772212565531263,-2.132233295161041,-0.027611654181941336,0.3285919153494023
1772212565533785,-2.132233295161041,-0.027611654181941336,0.3285919153494023
1772212565534405,-2.132233295161041,-0.027611654181941336,0.3285919153494023
1772212565538794,-2.132233295161041,-0.027611654181941336,0.3285919153494023
1772212565540795,-2.132233295161041,-0.027611654181941336,0.3285919153494023
1772212565541795,-2.132233295161041,-0.027611654181941336,0.3285919153494023
1772212565546211,-2.132233295161041,-0.027611654181941336,0.3285919153494023
1772212565548208,-2.132233295161041,-0.027611654181941336,0.3285919153494023
1772212565550889,-2.132233295161041,-0.027611654181941336,0.3285919153494023
1772212565553732,-2.132233295161041,-0.027611654181941336,0.3285919153494023
1772212565555739,-2.132233295161041,-0.027611654181941336,0.3285919153494023
1772212565556740,-2.132233295161041,-0.027611654181941336,0.3285919153494023
1772212565560618,-2.132233295161041,-0.027611654181941336,0.3285919153494023
1772212565563618,-2.132233295161041,-0.027611654181941336,0.3285919153494023
1772212565564626,-2.132233295161041,-0.027611654181941336,0.3285919153494023
1772212565568778,-2.132233295161041,-0.027611654181941336,0.3285919153494023
1772212565570795,-2.132233295161041,-0.027611654181941336,0.3285919153494023
1772212565571785,-2.132233295161041,-0.027611654181941336,0.3285919153494023
1772212565576172,-2.132233295161041,-0.027611654181941336,0.3285919153494023
1772212565578172,-2.132233295161041,-0.027611654181941336,0.3285919153494023
1772212565579172,-2.132233295161041,-0.027611654181941336,0.3285919153494023
1772212565583600,-2.132233295161041,-0.027611654181941336,0.3285919153494023
1772212565586323,-2.132233295161041,-0.027611654181941336,0.3285919153494023
1772212565587323,-2.132233295161041,-0.027611654181941336,0.3285919153494023
1772212565591172,-2.132233295161041,-0.027611654181941336,0.3285919153494023
1772212565593172,-2.132233295161041,-0.027611654181941336,0.3285919153494023
1772212565594333,-2.132233295161041,-0.027611654181941336,0.3285919153494023
1772212565598615,-2.132233295161041,-0.027611654181941336,0.3285919153494023
1772212565601084,-2.132233295161041,-0.027611654181941336,0.3285919153494023
1772212565602109,-2.132233295161041,-0.027611654181941336,0.3285919153494023
1772212565606325,-2.132233295161041,-0.027611654181941336,0.3285919153494023
1772212565608325,-2.132233295161041,-0.027611654181941336,0.3285919153494023
1772212565609325,-2.132233295161041,-0.027611654181941336,0.3285919153494023
1772212565613814,-2.132233295161041,-0.027611654181941336,0.3285919153494023
1772212565616642,-2.132233295161041,-0.027611654181941336,0.3285919153494023
1772212565617648,-2.132233295161041,-0.027611654181941336,0.3285919153494023
1772212565620686,-2.132233295161041,-0.027611654181941336,0.3285919153494023
1772212565623689,-2.132233295161041,-0.027611654181941336,0.3285919153494023
1772212565624855,-2.132233295161041,-0.027611654181941336,0.3285919153494023
1772212565628368,-2.132233295161041,-0.027611654181941336,0.3285919153494023
1772212565630366,-2.132233295161041,-0.027611654181941336,0.3285919153494023
1772212565633277,-2.132233295161041,-0.027611654181941336,0.3285919153494023
1772212565635624,-2.132233295161041,-0.027611654181941336,0.3285919153494023
1772212565638624,-2.132233295161041,-0.027611654181941336,0.3285919153494023
1772212565639624,-2.132233295161041,-0.027611654181941336,0.3285919153494023
1772212565643722,-2.132233295161041,-0.027611654181941336,0.3285919153494023
1772212565645722,-2.132233295161041,-0.027611654181941336,0.3285919153494023
1772212565647979,-2.132233295161041,-0.027611654181941336,0.3285919153494023
1772212565651219,-2.132233295161041,-0.027611654181941336,0.3285919153494023
1772212565653302,-2.132233295161041,-0.027611654181941336,0.3285919153494023
1772212565655535,-2.132233295161041,-0.027611654181941336,0.3285919153494023
1772212565658008,-2.132233295161041,-0.027611654181941336,0.3285919153494023
1772212565660514,-2.132233295161041,-0.027611654181941336,0.3285919153494023
1772212565663805,-2.132233295161041,-0.027611654181941336,0.3285919153494023
1772212565665805,-2.132233295161041,-0.027611654181941336,0.3285919153494023
1772212565668692,-2.132233295161041,-0.027611654181941336,0.3285919153494023
1772212565671293,-2.132233295161041,-0.027611654181941336,0.3285919153494023
1772212565673293,-2.132233295161041,-0.027611654181941336,0.3285919153494023
1772212565674293,-2.132233295161041,-0.027611654181941336,0.3285919153494023
1772212565677975,-2.132233295161041,-0.027611654181941336,0.3285919153494023
1772212565680974,-2.132233295161041,-0.027611654181941336,0.3285919153494023
1772212565683292,-2.132233295161041,-0.027611654181941336,0.3285919153494023
1772212565685641,-2.132233295161041,-0.027611654181941336,0.3285919153494023
1772212565688640,-2.132233295161041,-0.027611654181941336,0.3285919153494023
1772212565689640,-2.132233295161041,-0.027611654181941336,0.3285919153494023
1772212565693894,-2.132233295161041,-0.027611654181941336,0.3285919153494023
1772212565696126,-2.132233295161041,-0.027611654181941336,0.3285919153494023
1772212565697126,-2.132233295161041,-0.027611654181941336,0.3285919153494023
1772212565700967,-2.132233295161041,-0.027611654181941336,0.3285919153494023
1772212565703247,-2.132233295161041,-0.027611654181941336,0.3285919153494023
1772212565705615,-2.132233295161041,-0.027611654181941336,0.3285919153494023
1772212565708615,-2.132233295161041,-0.027611654181941336,0.3285919153494023
1772212565709615,-2.132233295161041,-0.027611654181941336,0.3285919153494023
1772212565713196,-2.132233295161041,-0.027611654181941336,0.3285919153494023
1772212565716184,-2.132233295161041,-0.027611654181941336,0.3285919153494023
1772212565717749,-2.132233295161041,-0.027611654181941336,0.3285919153494023
1772212565720521,-2.132233295161041,-0.027611654181941336,0.3285919153494023
1772212565723518,-2.132233295161041,-0.027611654181941336,0.3285919153494023
1772212565724520,-2.132233295161041,-0.027611654181941336,0.3285919153494023
1772212565728061,-2.132233295161041,-0.027611654181941336,0.3285919153494023
1772212565731078,-2.132233295161041,-0.027611654181941336,0.3285919153494023
1772212565733281,-2.132233295161041,-0.027611654181941336,0.3285919153494023
1772212565736470,-2.132233295161041,-0.027611654181941336,0.3285919153494023
1772212565738472,-2.132233295161041,-0.027611654181941336,0.3285919153494023
1772212565739480,-2.132233295161041,-0.027611654181941336,0.3285919153494023
1772212565743114,-2.132233295161041,-0.027611654181941336,0.3285919153494023
1772212565746418,-2.132233295161041,-0.027611654181941336,0.3285919153494023
1772212565747419,-2.132233295161041,-0.027611654181941336,0.3285919153494023
1772212565750797,-2.132233295161041,-0.027611654181941336,0.3285919153494023
1772212565753042,-2.132233295161041,-0.027611654181941336,0.3285919153494023
1772212565755705,-2.132233295161041,-0.027611654181941336,0.3285919153494023
1772212565758704,-2.132233295161041,-0.027611654181941336,0.3285919153494023
1772212565759699,-2.132233295161041,-0.027611654181941336,0.3285919153494023
1772212565759699,-2.132233295161041,-0.027611654181941336,0.3285919153494023
1772212565765613,-2.132233295161041,-0.027611654181941336,0.3285919153494023
1772212565768213,-2.132233295161041,-0.027611654181941336,0.3285919153494023
1772212565769472,-2.132233295161041,-0.027611654181941336,0.3285919153494023
1772212565773869,-2.132233295161041,-0.027611654181941336,0.3285919153494023
1772212565775878,-2.132233295161041,-0.027611654181941336,0.3285919153494023
1772212565776868,-2.132233295161041,-0.027611654181941336,0.3285919153494023
1772212565780723,-2.132233295161041,-0.027611654181941336,0.3285919153494023
1772212565783727,-2.132233295161041,-0.027611654181941336,0.3285919153494023
1772212565784579,-2.132233295161041,-0.027611654181941336,0.3285919153494023
1772212565789020,-2.132233295161041,-0.027611654181941336,0.3285919153494023
1772212565791023,-2.132233295161041,-0.027611654181941336,0.3285919153494023
1772212565792026,-2.132233295161041,-0.027611654181941336,0.3285919153494023
1772212565796467,-2.132233295161041,-0.027611654181941336,0.3285919153494023
1772212565798872,-2.132233295161041,-0.027611654181941336,0.3285919153494023
1772212565800770,-2.132233295161041,-0.027611654181941336,0.3285919153494023
1772212565803052,-2.132233295161041,-0.027611654181941336,0.3285919153494023
1772212565806056,-2.132233295161041,-0.027611654181941336,0.3285919153494023
1772212565807054,-2.132233295161041,-0.027611654181941336,0.3285919153494023
1772212565810550,-2.132233295161041,-0.027611654181941336,0.3285919153494023
1772212565813743,-2.132233295161041,-0.027611654181941336,0.3285919153494023
1772212565815853,-2.132233295161041,-0.027611654181941336,0.3285919153494023
1772212565818608,-2.132233295161041,-0.027611654181941336,0.3285919153494023
1772212565820659,-2.132233295161041,-0.027611654181941336,0.3285919153494023
1772212565823661,-2.132233295161041,-0.027611654181941336,0.3285919153494023
1772212565826399,-2.132233295161041,-0.027611654181941336,0.3285919153494023
1772212565828406,-2.132233295161041,-0.027611654181941336,0.3285919153494023
1772212565829399,-2.132233295161041,-0.027611654181941336,0.3285919153494023
1772212565833464,-2.132233295161041,-0.027611654181941336,0.3285919153494023
1772212565836499,-2.132233295161041,-0.027611654181941336,0.3285919153494023
1772212565837499,-2.132233295161041,-0.027611654181941336,0.3285919153494023
1772212565841071,-2.132233295161041,-0.027611654181941336,0.3285919153494023
1772212565843072,-2.132233295161041,-0.027611654181941336,0.3285919153494023
1772212565845073,-2.132233295161041,-0.027611654181941336,0.3285919153494023
1772212565845073,-2.132233295161041,-0.027611654181941336,0.3285919153494023
1772212565851174,-2.132233295161041,-0.027611654181941336,0.3285919153494023
1772212565853244,-2.132233295161041,-0.027611654181941336,0.3285919153494023
1772212565855463,-2.132233295161041,-0.027611654181941336,0.3285919153494023
1772212565855463,-2.132233295161041,-0.027611654181941336,0.3285919153494023
1772212565859834,-2.132233295161041,-0.027611654181941336,0.3285919153494023
1772212565859834,-2.132233295161041,-0.027611654181941336,0.3285919153494023
1772212565865744,-2.132233295161041,-0.027611654181941336,0.3285919153494023
1772212565868828,-2.132233295161041,-0.027611654181941336,0.3285919153494023
1772212565869814,-2.132233295161041,-0.027611654181941336,0.3285919153494023
1772212565874060,-2.132233295161041,-0.027611654181941336,0.3285919153494023
1772212565876068,-2.132233295161041,-0.027611654181941336,0.3285919153494023
1772212565877064,-2.132233295161041,-0.027611654181941336,0.3285919153494023
1772212565880658,-2.132233295161041,-0.027611654181941336,0.3285919153494023
1772212565883663,-2.132233295161041,-0.027611654181941336,0.3285919153494023
1772212565884663,-2.132233295161041,-0.027611654181941336,0.3285919153494023
1772212565888136,-2.132233295161041,-0.027611654181941336,0.3285919153494023
1772212565891135,-2.132233295161041,-0.027611654181941336,0.3285919153494023
1772212565892135,-2.132233295161041,-0.027611654181941336,0.3285919153494023
1772212565896532,-2.132233295161041,-0.027611654181941336,0.3285919153494023
1772212565898842,-2.132233295161041,-0.027611654181941336,0.3285919153494023
1772212565901348,-2.132233295161041,-0.027611654181941336,0.3285919153494023
1772212565903347,-2.132233295161041,-0.027611654181941336,0.3285919153494023
1772212565906348,-2.132233295161041,-0.027611654181941336,0.3285919153494023
1772212565908286,-2.132233295161041,-0.027611654181941336,0.3285919153494023
1772212565911292,-2.132233295161041,-0.027611654181941336,0.3285919153494023
1772212565913008,-2.132233295161041,-0.027611654181941336,0.3285919153494023
1772212565916589,-2.132233295161041,-0.027611654181941336,0.3285919153494023
1772212565917593,-2.132233295161041,-0.027611654181941336,0.3285919153494023
1772212565920744,-2.132233295161041,-0.027611654181941336,0.3285919153494023
1772212565923736,-2.132233295161041,-0.027611654181941336,0.3285919153494023
1772212565924743,-2.132233295161041,-0.027611654181941336,0.3285919153494023
1772212565928905,-2.132233295161041,-0.027611654181941336,0.3285919153494023
1772212565930899,-2.132233295161041,-0.027611654181941336,0.3285919153494023
1772212565933265,-2.132233295161041,-0.027611654181941336,0.3285919153494023
1772212565935890,-2.132233295161041,-0.027611654181941336,0.3285919153494023
1772212565938899,-2.132233295161041,-0.027611654181941336,0.3285919153494023
1772212565939904,-2.132233295161041,-0.027611654181941336,0.3285919153494023
1772212565944053,-2.132233295161041,-0.027611654181941336,0.3285919153494023
1772212565946053,-2.132233295161041,-0.027611654181941336,0.3285919153494023
1772212565948061,-2.132233295161041,-0.027611654181941336,0.3285919153494023
1772212565951346,-2.132233295161041,-0.027611654181941336,0.3285919153494023
1772212565953671,-2.132233295161041,-0.027611654181941336,0.3285919153494023
1772212565955829,-2.132233295161041,-0.027611654181941336,0.3285919153494023
1772212565958829,-2.132233295161041,-0.027611654181941336,0.3285919153494023
1772212565961364,-2.132233295161041,-0.027611654181941336,0.3285919153494023
1772212565964101,-2.132233295161041,-0.027611654181941336,0.3285919153494023
1772212565966098,-2.132233295161041,-0.027611654181941336,0.3285919153494023
1772212565967671,-2.132233295161041,-0.027611654181941336,0.3285919153494023
1772212565970948,-2.132233295161041,-0.027611654181941336,0.3285919153494023
1772212565973933,-2.132233295161041,-0.027611654181941336,0.3285919153494023
1772212565974943,-2.132233295161041,-0.027611654181941336,0.3285919153494023
1772212565979125,-2.132233295161041,-0.027611654181941336,0.3285919153494023
1772212565981117,-2.132233295161041,-0.027611654181941336,0.3285919153494023
1772212565983271,-2.132233295161041,-0.027611654181941336,0.3285919153494023
1772212565986442,-2.132233295161041,-0.027611654181941336,0.3285919153494023
1772212565988447,-2.132233295161041,-0.027611654181941336,0.3285919153494023
1772212565990456,-2.132233295161041,-0.027611654181941336,0.3285919153494023
1772212565994038,-2.132233295161041,-0.027611654181941336,0.3285919153494023
1772212565996111,-2.132233295161041,-0.027611654181941336,0.3285919153494023
1772212565997103,-2.132233295161041,-0.027611654181941336,0.3285919153494023
1772212566001259,-2.132233295161041,-0.027611654181941336,0.3285919153494023
1772212566003331,-2.132233295161041,-0.027611654181941336,0.3285919153494023
1772212566005335,-2.132233295161041,-0.027611654181941336,0.3285919153494023
1772212566009007,-2.132233295161041,-0.027611654181941336,0.3285919153494023
1772212566011016,-2.132233295161041,-0.027611654181941336,0.3285919153494023
1772212566012006,-2.132233295161041,-0.027611654181941336,0.3285919153494023
1772212566016657,-2.132233295161041,-0.027611654181941336,0.3285919153494023
1772212566019030,-2.132233295161041,-0.027611654181941336,0.3285919153494023
1772212566020980,-2.132233295161041,-0.027611654181941336,0.3285919153494023
1772212566024282,-2.132233295161041,-0.027611654181941336,0.3285919153494023
1772212566026281,-2.132233295161041,-0.027611654181941336,0.3285919153494023
1772212566027283,-2.132233295161041,-0.027611654181941336,0.3285919153494023
1772212566031612,-2.132233295161041,-0.027611654181941336,0.3285919153494023
1772212566033926,-2.132233295161041,-0.027611654181941336,0.3285919153494023
1772212566034740,-2.132233295161041,-0.027611654181941336,0.3285919153494023
1772212566039228,-2.132233295161041,-0.027611654181941336,0.3285919153494023
1772212566041238,-2.132233295161041,-0.027611654181941336,0.3285919153494023
1772212566042233,-2.132233295161041,-0.027611654181941336,0.3285919153494023
1772212566046525,-2.132233295161041,-0.027611654181941336,0.3285919153494023
1772212566048525,-2.132233295161041,-0.027611654181941336,0.3285919153494023
1772212566050823,-2.132233295161041,-0.027611654181941336,0.3285919153494023
1772212566053537,-2.132233295161041,-0.027611654181941336,0.3285919153494023
1772212566056535,-2.132233295161041,-0.027611654181941336,0.3285919153494023
1772212566057535,-2.132233295161041,-0.027611654181941336,0.3285919153494023
1772212566061598,-2.132233295161041,-0.027611654181941336,0.3285919153494023
1772212566063598,-2.132233295161041,-0.027611654181941336,0.3285919153494023
1772212566066617,-2.132233295161041,-0.027611654181941336,0.3285919153494023
1772212566069127,-2.132233295161041,-0.027611654181941336,0.3285919153494023
1772212566071169,-2.132233295161041,-0.027611654181941336,0.3285919153494023
1772212566073184,-2.132233295161041,-0.027611654181941336,0.3285919153494023
1772212566075618,-2.132233295161041,-0.027611654181941336,0.3285919153494023
1772212566079235,-2.132233295161041,-0.027611654181941336,0.3285919153494023
1772212566080625,-2.132233295161041,-0.027611654181941336,0.3285919153494023
1772212566083342,-2.132233295161041,-0.027611654181941336,0.3285919153494023
1772212566084347,-2.132233295161041,-0.027611654181941336,0.3285919153494023
1772212566088362,-2.132233295161041,-0.027611654181941336,0.3285919153494023
1772212566090790,-2.132233295161041,-0.027611654181941336,0.3285919153494023
1772212566093287,-2.132233295161041,-0.027611654181941336,0.3285919153494023
1772212566093287,-2.132233295161041,-0.027611654181941336,0.3285919153494023
1772212566097668,-2.132233295161041,-0.027611654181941336,0.3285919153494023
1772212566100968,-2.132233295161041,-0.027611654181941336,0.3285919153494023
1772212566104252,-2.132233295161041,-0.027611654181941336,0.3285919153494023
1772212566105252,-2.132233295161041,-0.027611654181941336,0.3285919153494023
1772212566109213,-2.132233295161041,-0.027611654181941336,0.3285919153494023
1772212566111211,-2.132233295161041,-0.02914563496982714,0.1905964893767057
1772212566112211,-2.132233295161041,-0.02914563496982714,0.20462922010325502
1772212566115640,-2.132233295161041,-0.02914563496982714,0.21701104133256321
1772212566119296,-2.132233295161041,-0.02914563496982714,0.2279361777113646
1772212566120295,-2.132233295161041,-0.02914563496982714,0.23757600392795403
1772212566124291,-2.132233295161041,-0.02914563496982714,0.24608173294259178
1772212566126291,-2.132233295161041,-0.02914563496982714,0.25358678795550743
1772212566127291,-2.132233295161041,-0.02914563496982714,0.26020889531984476
1772212566131684,-2.132233295161041,-0.02914563496982714,0.2660519312295542
1772212566133755,-2.132233295161041,-0.02914563496982714,0.27120755114988604
1772212566134721,-2.132233295161041,-0.02914563496982714,0.2757566275501788
1772212566139292,-2.132233295161041,-0.02914563496982714,0.27977051849161366
1772212566141292,-2.132233295161041,-0.02914563496982714,0.2833121869693503
1772212566142291,-2.132233295161041,-0.02914563496982714,0.2864371885673532
1772212566146769,-2.132233295161041,-0.02914563496982714,0.2891945429185322
1772212566148777,-2.132233295161041,-0.02914563496982714,0.29162750264016074
1772212566151426,-2.132233295161041,-0.02914563496982714,0.2937742318063036
1772212566154333,-2.132233295161041,-0.02914563496982714,0.295668404599959
1772212566156329,-2.132233295161041,-0.02914563496982714,0.2973397335355374
1772212566157826,-2.132233295161041,-0.02914563496982714,0.29881443553751824
1772212566161719,-2.132233295161041,-0.02914563496982714,0.3001156431863249
1772212566163719,-2.132233295161041,-0.02914563496982714,0.3012637675823308
1772212566166632,-2.132233295161041,-0.02914563496982714,0.30227681851998306
1772212566169282,-2.132233295161041,-0.02914563496982714,0.3031706869943821
1772212566171281,-2.132233295161041,-0.02914563496982714,0.303959394471793
1772212566173250,-2.132233295161041,-0.02914563496982714,0.3046553128342144
1772212566173250,-2.132233295161041,-0.02914563496982714,0.30526935844811565
1772212566176945,-2.132233295161041,-0.02914563496982714,0.3058111634015579
1772212566181487,-2.132233295161041,-0.02914563496982714,0.3062892265957716
1772212566183486,-2.132233295161041,-0.02914563496982714,0.3067110470612544
1772212566184487,-2.132233295161041,-0.02914563496982714,0.3070832415896215
1772212566188256,-2.132233295161041,-0.02914563496982714,0.307411648526416
1772212566190845,-2.132233295161041,-0.02914563496982714,0.3077014193529994
1772212566191850,-2.132233295161041,-0.02914563496982714,0.3079570994941024
1772212566191850,-2.132233295161041,-0.02914563496982714,0.30818269961860506
1772212566191850,-2.132233295161041,-0.02914563496982714,0.30838175855198974
1772212566201611,-2.132233295161041,-0.02914563496982714,0.3085573987873292
1772212566203650,-2.132233295161041,-0.02914563496982714,0.30871237546556984
1772212566205649,-2.132233295161041,-0.02914563496982714,0.30884911959342926
1772212566209211,-2.132233295161041,-0.02914563496982714,0.30896977617683463
1772212566211211,-2.132233295161041,-0.02914563496982714,0.30907623786807464
1772212566212211,-2.132233295161041,-0.02914563496982714,0.3091701746544629
1772212566215865,-2.132233295161041,-0.02914563496982714,0.30925306005421727
1772212566219354,-2.132233295161041,-0.02914563496982714,0.3093261942304711
1772212566220839,-2.132233295161041,-0.02914563496982714,0.3093907243859892
1772212566223796,-2.132233295161041,-0.02914563496982714,0.30944766275850516
1772212566225802,-2.132233295161041,-0.02914563496982714,0.3094979024989604
1772212566228594,-2.132233295161041,-0.02914563496982714,0.3095422316817151
1772212566231857,-2.132233295161041,-0.02914563496982714,0.3095813456664986
1772212566233857,-2.132233295161041,-0.02914563496982714,0.30961585800601343
1772212566234844,-2.132233295161041,-0.02914563496982714,0.30964631007029125
1772212566238751,-2.132233295161041,-0.02914563496982714,0.30967317953877166
1772212566241260,-2.132233295161041,-0.02914563496982714,0.30969688789331323
1772212566243260,-2.132233295161041,-0.02914563496982714,0.3097178070296734
1772212566246022,-2.132233295161041,-0.02914563496982714,0.3097362650911677
1772212566248501,-2.132233295161041,-0.02914563496982714,0.3097525516160156
1772212566251262,-2.132233295161041,-0.02914563496982714,0.3097669220791167
1772212566253869,-2.132233295161041,-0.02914563496982714,0.3097796018995
1772212566256236,-2.132233295161041,-0.02914563496982714,0.3097907899763088
1772212566258234,-2.132233295161041,-0.02914563496982714,0.3098006618087872
1772212566261855,-2.132233295161041,-0.02914563496982714,0.30980937224920924
1772212566264296,-2.132233295161041,-0.02914563496982714,0.30981705793193465
1772212566266637,-2.132233295161041,-0.02914563496982714,0.3098238394166923
1772212566269287,-2.132233295161041,-0.02914563496982714,0.3098298230797138
1772212566271612,-2.132233295161041,-0.02914563496982714,0.3098351027823798
1772212566273547,-2.132233295161041,-0.02914563496982714,0.3098397613435557
1772212566276702,-2.132233295161041,-0.02914563496982714,0.30984387183871087
1772212566276702,-2.132233295161041,-0.02914563496982714,0.30984749874620077
1772212566281019,-2.132233295161041,-0.027611654181941336,0.4478461249313884
1772212566284103,-2.132233295161041,-0.027611654181941336,0.433816217921743
1772212566285881,-2.132233295161041,-0.027611654181941336,0.42143688820735
1772212566288473,-2.132233295161041,-0.027611654181941336,0.410513950224062
1772212566291472,-2.132233295161041,-0.027611654181941336,0.4008760637682197
1772212566292472,-2.132233295161041,-0.027611654181941336,0.39237204630718236
1772212566296900,-2.132233295161041,-0.027611654181941336,0.38486850148862
1772212566298899,-2.132233295161041,-0.027611654181941336,0.37824772664871203
1772212566301321,-2.132233295161041,-0.027611654181941336,0.37240586649585206
1772212566303497,-2.132233295161041,-0.027611654181941336,0.3672512840080344
1772212566306497,-2.132233295161041,-0.027611654181941336,0.36270312298937185
1772212566307571,-2.132233295161041,-0.027611654181941336,0.3586900397376107
1772212566311751,-2.132233295161041,-0.027611654181941336,0.35514908392723327
1772212566313892,-2.132233295161041,-0.027611654181941336,0.3520247111533708
1772212566316641,-2.132233295161041,-0.027611654181941336,0.34926791164702153
1772212566319500,-2.132233295161041,-0.027611654181941336,0.34683544149436046
1772212566321696,-2.132233295161041,-0.027611654181941336,0.34468914430083597
1772212566323907,-2.132233295161041,-0.027611654181941336,0.34279535265949085
1772212566326894,-2.132233295161041,-0.027611654181941336,0.34112436003477453
1772212566328894,-2.132233295161041,-0.027611654181941336,0.3396499547776719
1772212566329893,-2.132233295161041,-0.027611654181941336,0.33834900896258135
1772212566334401,-2.132233295161041,-0.027611654181941336,0.33720111559632504
1772212566336067,-2.132233295161041,-0.027611654181941336,0.33618826850845174
1772212566338065,-2.132233295161041,-0.027611654181941336,0.33529457990150474
1772212566341173,-2.132233295161041,-0.027611654181941336,0.3345060311306692
1772212566343602,-2.132233295161041,-0.027611654181941336,0.3338102528034613
1772212566346021,-2.132233295161041,-0.027611654181941336,0.3331963307500426
1772212566348413,-2.132233295161041,-0.027611654181941336,0.3326546348205555
1772212566351574,-2.132233295161041,-0.027611654181941336,0.3321766678239492
1772212566352669,-2.132233295161041,-0.027611654181941336,0.33175493223870844
1772212566355981,-2.132233295161041,-0.027611654181941336,0.3313828126046724
1772212566358979,-2.132233295161041,-0.027611654181941336,0.33105447175111125
1772212566360470,-2.132233295161041,-0.027611654181941336,0.3307647592332631
1772212566364433,-2.132233295161041,-0.027611654181941336,0.3305091305410442
1772212566366434,-2.132233295161041,-0.027611654181941336,0.33028357581261575
1772212566367753,-2.132233295161041,-0.027611654181941336,0.3300845569345906
1772212566371987,-2.132233295161041,-0.027611654181941336,0.32990895204221554
1772212566373987,-2.132233295161041,-0.027611654181941336,0.3297540065489434
1772212566374987,-2.132233295161041,-0.027611654181941336,0.32961728993723266
1772212566379396,-2.132233295161041,-0.027611654181941336,0.329496657632782
1772212566381397,-2.132233295161041,-0.027611654181941336,0.32939021736414914
1772212566384306,-2.132233295161041,-0.027611654181941336,0.3292962994800613
1772212566386939,-2.132233295161041,-0.027611654181941336,0.32921343075880727
1772212566389294,-2.132233295161041,-0.027611654181941336,0.3291403112988773
1772212566390528,-2.132233295161041,-0.027611654181941336,0.3290757941283508
1772212566394061,-2.132233295161041,-0.027611654181941336,0.3290188672131804
1772212566396066,-2.132233295161041,-0.027611654181941336,0.32896863758214767
1772212566398065,-2.132233295161041,-0.027611654181941336,0.32892431731947175
1772212566401540,-2.132233295161041,-0.027611654181941336,0.3288852112053459
1772212566403780,-2.132233295161041,-0.027611654181941336,0.32885070581052905
1772212566405781,-2.132233295161041,-0.027611654181941336,0.3288202598739259
1772212566408555,-2.132233295161041,-0.027611654181941336,0.3287933958122172
1772212566411593,-2.132233295161041,-0.027611654181941336,0.32876969222835667
1772212566412593,-2.132233295161041,-0.027611654181941336,0.3287487773014208
1772212566417005,-2.132233295161041,-0.027611654181941336,0.3287303229541245
1772212566419426,-2.132233295161041,-0.027611654181941336,0.32871403970651014
1772212566420427,-2.132233295161041,-0.027611654181941336,0.3286996721350857
1772212566423609,-2.132233295161041,-0.027611654181941336,0.3286869948661818
1772212566426960,-2.132233295161041,-0.027611654181941336,0.32867580904067834
1772212566427965,-2.132233295161041,-0.027611654181941336,0.3286659391946458
1772212566431243,-2.132233295161041,-0.027611654181941336,0.3286572305069701
1772212566434377,-2.132233295161041,-0.027611654181941336,0.3286495463707857
1772212566434859,-2.132233295161041,-0.027611654181941336,0.32864276625062294
1772212566438620,-2.132233295161041,-0.027611654181941336,0.3286367837916558
1772212566441620,-2.132233295161041,-0.027611654181941336,0.32863150515139067
1772212566442620,-2.132233295161041,-0.027611654181941336,0.32862684752762733
1772212566447011,-2.132233295161041,-0.027611654181941336,0.3286227378596009
1772212566449011,-2.132233295161041,-0.027611654181941336,0.3286191116819304
1772212566451461,-2.132233295161041,-0.027611654181941336,0.32861591211339775
1772212566454530,-2.132233295161041,-0.027611654181941336,0.3286130889646924
1772212566456530,-2.132233295161041,-0.027611654181941336,0.32861059795112885
1772212566457531,-2.132233295161041,-0.027611654181941336,0.3286083999979845
1772212566461140,-2.132233295161041,-0.027611654181941336,0.3286064606275631
1772212566464248,-2.132233295161041,-0.027611654181941336,0.3286047494183677
1772212566466655,-2.132233295161041,-0.027611654181941336,0.3286032395279012
1772212566469286,-2.132233295161041,-0.027611654181941336,0.3286019072716072
1772212566471285,-2.132233295161041,-0.027611654181941336,0.3286007317513478
1772212566473528,-2.132233295161041,-0.027611654181941336,0.3285996945275895
1772212566473528,-2.132233295161041,-0.027611654181941336,0.32859877933015574
1772212566478320,-2.132233295161041,-0.027611654181941336,0.32859797180300826
1772212566481182,-2.132233295161041,-0.02914563496982714,0.190601833306358
1772212566484504,-2.132233295161041,-0.02914563496982714,0.20463393533530116
1772212566485528,-2.132233295161041,-0.02914563496982714,0.21701520183142747
1772212566489558,-2.132233295161041,-0.02914563496982714,0.22793984873977424
1772212566491559,-2.132233295161041,-0.02914563496982714,0.23757924307066844
1772212566492559,-2.132233295161041,-0.02914563496982714,0.2460845910096927
1772212566496103,-2.132233295161041,-0.02914563496982714,0.25358930977942
1772212566499106,-2.132233295161041,-0.02914563496982714,0.2602111204585912
1772212566501108,-2.132233295161041,-0.02914563496982714,0.26605389458727163
1772212566504496,-2.132233295161041,-0.02914563496982714,0.2712092835243426
1772212566506496,-2.132233295161041,-0.02914563496982714,0.27575815611587584
1772212566507496,-2.132233295161041,-0.02914563496982714,0.2797718672260522
1772212566511644,-2.132233295161041,-0.02914563496982714,0.28331337702914894
1772212566513643,-2.132233295161041,-0.02914563496982714,0.2864382386201167
1772212566516638,-2.132233295161041,-0.02914563496982714,0.2891954694356765
1772212566519229,-2.132233295161041,-0.02914563496982714,0.29162832015528806
1772212566521534,-2.132233295161041,-0.02914563496982714,0.29377495314318064
1772212566522857,-2.132233295161041,-0.02914563496982714,0.2956690410736741
1772212566522857,-2.132233295161041,-0.02914563496982714,0.2973402951299918
1772212566522857,-2.132233295161041,-0.02914563496982714,0.2988149310620369
1772212566532004,-2.132233295161041,-0.02914563496982714,0.30011608041384136
1772212566534005,-2.132233295161041,-0.02914563496982714,0.3012641533713159
1772212566541599,-2.132233295161041,-0.02914563496982714,0.3022771589220287
1772212566543605,-2.132233295161041,-0.02914563496982714,0.30317098734912823
1772212566543605,-2.132233295161041,-0.02914563496982714,0.30395965949068665
1772212566545611,-2.132233295161041,-0.02914563496982714,0.3046555466744147
1772212566547615,-2.132233295161041,-0.02914563496982714,0.3052695647777041
1772212566549620,-2.132233295161041,-0.02914563496982714,0.30581134545707717
1772212566551785,-2.132233295161041,-0.02914563496982714,0.30628938723299454
1772212566551785,-2.132233295161041,-0.02914563496982714,0.30671118879998044
1772212566555668,-2.132233295161041,-0.02914563496982714,0.30708336665320335
1772212566559519,-2.132233295161041,-0.02914563496982714,0.3074117588766353
1772212566561520,-2.132233295161041,-0.02914563496982714,0.30770151672083995
1772212566563993,-2.132233295161041,-0.02914563496982714,0.30795718540690287
1772212566566992,-2.132233295161041,-0.02914563496982714,0.30818277542401723
1772212566569407,-2.132233295161041,-0.02914563496982714,0.30838182543911813
1772212566571814,-2.132233295161041,-0.02914563496982714,0.30855745780538363
1772212566573814,-2.132233295161041,-0.02914563496982714,0.3087124275403238
1772212566577158,-2.132233295161041,-0.02914563496982714,0.3088491655417415
1772212566579161,-2.132233295161041,-0.02914563496982714,0.3089698167194631
1772212566580158,-2.132233295161041,-0.02914563496982714,0.30907627364098217
1772212566584526,-2.132233295161041,-0.02914563496982714,0.30917020621879304
1772212566586674,-2.132233295161041,-0.02914563496982714,0.3092530879050968
1772212566588674,-2.132233295161041,-0.02914563496982714,0.30932621880477656
1772212566591240,-2.132233295161041,-0.02914563496982714,0.3093907460691999
1772212566593743,-2.132233295161041,-0.02914563496982714,0.3094476818907499
1772212566595756,-2.132233295161041,-0.02914563496982714,0.3094979193803528
1772212566599630,-2.132233295161041,-0.02914563496982714,0.3095422465770613
1772212566601912,-2.132233295161041,-0.02914563496982714,0.30958135880945115
1772212566603915,-2.132233295161041,-0.02914563496982714,0.3096158696027363
1772212566607043,-2.132233295161041,-0.02914563496982714,0.3096463203026938
1772212566609043,-2.132233295161041,-0.02914563496982714,0.30967318856736215
1772212566611043,-2.132233295161041,-0.02914563496982714,0.30969689585971655
1772212566614557,-2.132233295161041,-0.02914563496982714,0.30971781405885285
1772212566616558,-2.132233295161041,-0.02914563496982714,0.3097362712933848
1772212566618036,-2.132233295161041,-0.02914563496982714,0.30975255708856014
1772212566621332,-2.132233295161041,-0.02914563496982714,0.3097669269078325
1772212566624331,-2.132233295161041,-0.02914563496982714,0.30977960616013156
1772212566625331,-2.132233295161041,-0.02914563496982714,0.30979079373568963
1772212566629667,-2.132233295161041,-0.02914563496982714,0.3098006651258879
1772212566631667,-2.132233295161041,-0.02914563496982714,0.30980937517606283
1772212566634282,-2.132233295161041,-0.02914563496982714,0.30981706051445246
1772212566637060,-2.132233295161041,-0.02914563496982714,0.3098238416953845
1772212566639062,-2.132233295161041,-0.02914563496982714,0.30982982509032453
1772212566641062,-2.132233295161041,-0.02914563496982714,0.30983510455644814
1772212566644656,-2.132233295161041,-0.02914563496982714,0.3098397629089101
1772212566646774,-2.132233295161041,-0.02914563496982714,0.309843873219906
1772212566647774,-2.132233295161041,-0.02914563496982714,0.3098474999649023
1772212566651987,-2.132233295161041,-0.02914563496982714,0.3098507000340167
1772212566653860,-2.132233295161041,-0.02914563496982714,0.30985352362441176
1772212566657120,-2.132233295161041,-0.027611654181941336,0.4478514410003982
1772212566658120,-2.132233295161041,-0.027611654181941336,0.43382090857086925
1772212566658120,-2.132233295161041,-0.027611654181941336,0.42144102701540254
1772212566664677,-2.132233295161041,-0.027611654181941336,0.4105176021135202
1772212566666663,-2.132233295161041,-0.027611654181941336,0.40087928602362394
1772212566667663,-2.132233295161041,-0.027611654181941336,0.3923748894737155
1772212566672189,-2.132233295161041,-0.027611654181941336,0.38487101016497277
1772212566674497,-2.132233295161041,-0.027611654181941336,0.3782499401866704
1772212566676596,-2.132233295161041,-0.027611654181941336,0.37240781961758
1772212566679607,-2.132233295161041,-0.027611654181941336,0.36725300735073557
1772212566680609,-2.133767275948927,-0.027611654181941336,0.45574803110853446
1772212566684579,-2.133767275948927,-0.027611654181941336,0.440844814932191
1772212566686804,-2.133767275948927,-0.027611654181941336,0.42769491830600564
1772212566687801,-2.133767275948927,-0.027611654181941336,0.4160920683417244
1772212566691419,-2.133767275948927,-0.027611654181941336,0.4058542595497116
1772212566693416,-2.133767275948927,-0.027611654181941336,0.39682089885087674
1772212566695938,-2.133767275948927,-0.027611654181941336,0.38885028646955183
1772212566698777,-2.133767275948927,-0.027611654181941336,0.3818173931919122
1772212566701088,-2.133767275948927,-0.027611654181941336,0.3756118991234067
1772212566703334,-2.133767275948927,-0.027611654181941336,0.37013646318060767
1772212566707324,-2.133767275948927,-0.027611654181941336,0.3653051961722556
1772212566709325,-2.133767275948927,-0.027611654181941336,0.36104231351782734
1772212566711325,-2.133767275948927,-0.027611654181941336,0.35728094646980235
1772212566714699,-2.133767275948927,-0.027611654181941336,0.35396209319213334
1772212566716696,-2.133767275948927,-0.027611654181941336,0.35103369324124883
1772212566717689,-2.133767275948927,-0.027611654181941336,0.3484498109316449
1772212566722283,-2.133767275948927,-0.027611654181941336,0.346169914776112
1772212566724288,-2.133767275948927,-0.027611654181941336,0.3441582416977006
1772212566725288,-2.133767275948927,-0.027611654181941336,0.34238323604027876
1772212566729599,-2.133767275948927,-0.027611654181941336,0.3408170545778478
1772212566731597,-2.133767275948927,-0.027611654181941336,0.3394351297580557
1772212566734468,-2.133767275948927,-0.027611654181941336,0.3382157843288274
1772212566737217,-2.133767275948927,-0.027611654181941336,0.33713989130303773
1772212566739222,-2.133767275948927,-0.027611654181941336,0.336190573927341
1772212566740226,-2.133767275948927,-0.027611654181941336,0.335352940948785
1772212566744733,-2.133767275948927,-0.027611654181941336,0.33461385302652974
1772212566747098,-2.133767275948927,-0.027611654181941336,0.33396171662453983
1772212566748091,-2.133767275948927,-0.027611654181941336,0.3333863021521957
1772212566752013,-2.133767275948927,-0.027611654181941336,0.33287858350012745
1772212566754164,-2.133767275948927,-0.027611654181941336,0.33243059645418477
1772212566757176,-2.133767275948927,-0.027611654181941336,0.3320353137665884
1772212566758799,-2.133767275948927,-0.027611654181941336,0.33168653492459155
1772212566761994,-2.133767275948927,-0.027611654181941336,0.3313787888875355
1772212566762993,-2.133767275948927,-0.027611654181941336,0.3311072482666037
1772212566767266,-2.133767275948927,-0.027611654181941336,0.3308676536010757
1772212566769208,-2.133767275948927,-0.027611654181941336,0.33065624654325676
1772212566770196,-2.133767275948927,-0.027611654181941336,0.33046971090400484
1772212566774757,-2.133767275948927,-0.027611654181941336,0.33030512063407663
1772212566776757,-2.133767275948927,-0.027611654181941336,0.33015989392531647
1772212566777765,-2.133767275948927,-0.027611654181941336,0.33003175271170454
1772212566781512,-2.133767275948927,-0.027611654181941336,0.32991868693498816
1772212566784813,-2.133767275948927,-0.027611654181941336,0.32981892301435606
1772212566785813,-2.133767275948927,-0.027611654181941336,0.329730896025563
1772212566789825,-2.133767275948927,-0.027611654181941336,0.32965322515309853
1772212566791831,-2.133767275948927,-0.027611654181941336,0.3295846920303358
1772212566792826,-2.133767275948927,-0.027611654181941336,0.32952422162789813
1772212566796496,-2.133767275948927,-0.027611654181941336,0.32947086539045306
1772212566799558,-2.133767275948927,-0.027611654181941336,0.3294237863574133
1772212566801511,-2.133767275948927,-0.027611654181941336,0.32938224603414296
1772212566804301,-2.133767275948927,-0.027611654181941336,0.32934559280772796
1772212566806865,-2.133767275948927,-0.027611654181941336,0.32931325172559706
1772212566808680,-2.133767275948927,-0.027611654181941336,0.329284715476658
1772212566811626,-2.133767275948927,-0.027611654181941336,0.32925953643347644
1772212566814784,-2.133767275948927,-0.027611654181941336,0.32923731963066927
1772212566816645,-2.133767275948927,-0.027611654181941336,0.3292177165693688
1772212566819428,-2.133767275948927,-0.027611654181941336,0.32920041975057424
1772212566821428,-2.133767275948927,-0.027611654181941336,0.3291851578516379
1772212566823997,-2.133767275948927,-0.027611654181941336,0.32917169147022346
1772212566823997,-2.133767275948927,-0.027611654181941336,0.32915980936897543
1772212566823997,-2.133767275948927,-0.027611654181941336,0.3291493251619919
1772212566831474,-2.133767275948927,-0.027611654181941336,0.329140074391124
1772212566834474,-2.133767275948927,-0.027611654181941336,0.3291319119462407
1772212566835985,-2.133767275948927,-0.027611654181941336,0.3291247097889906
1772212566838974,-2.133767275948927,-0.027611654181941336,0.32911835494435815
1772212566841973,-2.133767275948927,-0.027611654181941336,0.32911274772850607
1772212566842973,-2.133767275948927,-0.027611654181941336,0.32910780018510716
1772212566847353,-2.133767275948927,-0.027611654181941336,0.3291034347056375
1772212566849352,-2.133767275948927,-0.027611654181941336,0.3290995828119878
1772212566851445,-2.133767275948927,-0.027611654181941336,0.32909618408229696
1772212566854366,-2.133767275948927,-0.027611654181941336,0.32909318520315795
1772212566857370,-2.133767275948927,-0.027611654181941336,0.32909053913332936
1772212566859370,-2.133767275948927,-0.027611654181941336,0.3290882043658336
1772212566862392,-2.133767275948927,-0.027611654181941336,0.3290861442768667
1772212566864884,-2.133767275948927,-0.027611654181941336,0.3290843265513077
1772212566866637,-2.133767275948927,-0.027611654181941336,0.32908272267581445
1772212566869386,-2.133767275948927,-0.027611654181941336,0.32908130749155573
1772212566871455,-2.133767275948927,-0.027611654181941336,0.32908005879956276
1772212566872455,-2.133767275948927,-0.027611654181941336,0.3290789570125101
1772212566876537,-2.133767275948927,-0.027611654181941336,0.32907798484746364
1772212566879240,-2.133767275948927,-0.027611654181941336,0.3290771270547756
1772212566881502,-2.133767275948927,-0.027611654181941336,0.32907637017887437
1772212566884501,-2.133767275948927,-0.027611654181941336,0.32907570234719685
1772212566886409,-2.133767275948927,-0.027611654181941336,0.32907511308395193
1772212566889305,-2.133767275948927,-0.027611654181941336,0.3290745931457946
1772212566892302,-2.133767275948927,-0.027611654181941336,0.32907413437683236
1772212566893368,-2.133767275948927,-0.027611654181941336,0.32907372958068914
1772212566897358,-2.133767275948927,-0.027611654181941336,0.32907337240762163
1772212566899350,-2.133767275948927,-0.027611654181941336,0.32907305725491504
1772212566901351,-2.133767275948927,-0.02914563496982714,0.19107735320630076
1772212566903950,-2.133767275948927,-0.02914563496982714,0.2051098385717463
1772212566906941,-2.133767275948927,-0.02914563496982714,0.21749144330596293
1772212566907949,-2.133767275948927,-0.02914563496982714,0.22841638865968353
1772212566911461,-2.133767275948927,-0.02914563496982714,0.23805604632473104
1772212566914463,-2.133767275948927,-0.02914563496982714,0.2465616266174201
1772212566916621,-2.133767275948927,-0.02914563496982714,0.2540665504050869
1772212566919112,-2.133767275948927,-0.02914563496982714,0.2606885419824399
1772212566921618,-2.133767275948927,-0.02914563496982714,0.26653147572716324
1772212566924196,-2.133767275948927,-0.02914563496982714,0.27168700550191904
1772212566927195,-2.133767275948927,-0.02914563496982714,0.27623600236199775
1772212566928196,-2.133767275948927,-0.02914563496982714,0.2802498231208907
1772212566931564,-2.133767275948927,-0.02914563496982714,0.28379142967285503
1772212566934498,-2.133767275948927,-0.02914563496982714,0.28691637663047065
1772212566935751,-2.133767275948927,-0.02914563496982714,0.2896736827695433
1772212566939208,-2.133767275948927,-0.02914563496982714,0.2921065999510779
1772212566942207,-2.133767275948927,-0.02914563496982714,0.29425329158184377
1772212566943207,-2.133767275948927,-0.02914563496982714,0.296147431256049
1772212566946490,-2.133767275948927,-0.02914563496982714,0.29781873096858297
1772212566949493,-2.133767275948927,-0.02914563496982714,0.29929340718552466
1772212566951257,-2.133767275948927,-0.02914563496982714,0.3005945920828262
1772212566954930,-2.133767275948927,-0.02914563496982714,0.3017426964039746
1772212566956931,-2.133767275948927,-0.02914563496982714,0.3027557296285174
1772212566957931,-2.133767275948927,-0.02914563496982714,0.3036495824737021
1772212566962436,-2.133767275948927,-0.02914563496982714,0.30443827616062985
1772212566964756,-2.133767275948927,-0.02914563496982714,0.3051341823549778
1772212566966650,-2.133767275948927,-0.02914563496982714,0.30574821723234374
1772212566969217,-2.133767275948927,-0.02914563496982714,0.30629001271237244
1772212566972232,-2.133767275948927,-0.02914563496982714,0.30676806754769187
1772212566974100,-2.133767275948927,-0.02914563496982714,0.30718988063767966
1772212566974100,-2.133767275948927,-0.02914563496982714,0.3075620686582571
1772212566974100,-2.133767275948927,-0.02914563496982714,0.3078904698528842
1772212566981601,-2.133767275948927,-0.02914563496982714,0.30818023561284935
1772212566984902,-2.133767275948927,-0.02914563496982714,0.3084359112834068
1772212566985918,-2.133767275948927,-0.02914563496982714,0.30866150746331045
1772212566989965,-2.133767275948927,-0.02914563496982714,0.3088605629161666
1772212566991966,-2.133767275948927,-0.02914563496982714,0.3090362000804514
1772212566992974,-2.133767275948927,-0.02914563496982714,0.3091911740489381
1772212566996907,-2.133767275948927,-0.02914563496982714,0.30932791578583807
1772212566999910,-2.133767275948927,-0.02914563496982714,0.3094485702595733
1772212567000911,-2.133767275948927,-0.02914563496982714,0.30955503008933977
1772212567004964,-2.133767275948927,-0.02914563496982714,0.30964896523325125
1772212567006971,-2.133767275948927,-0.02914563496982714,0.30973184918376145
1772212567007971,-2.133767275948927,-0.02914563496982714,0.30980498208127044
1772212567011526,-2.133767275948927,-0.02914563496982714,0.3098695111084842
1772212567014198,-2.133767275948927,-0.02914563496982714,0.3099264484854376
1772212567016610,-2.133767275948927,-0.02914563496982714,0.30997668734745526
1772212567019247,-2.133767275948927,-0.02914563496982714,0.3100210157551179
1772212567022246,-2.133767275948927,-0.02914563496982714,0.3100601290559967
1772212567023263,-2.133767275948927,-0.02914563496982714,0.3100946407920662
1772212567027449,-2.133767275948927,-0.02914563496982714,0.3101250923238923
1772212567029499,-2.133767275948927,-0.02914563496982714,0.3101519613225624
1772212567030499,-2.133767275948927,-0.02914563496982714,0.31017566926256535
1772212567034694,-2.133767275948927,-0.02914563496982714,0.31019658803315625
1772212567036969,-2.133767275948927,-0.02914563496982714,0.3102150457719129
1772212567037969,-2.133767275948927,-0.02914563496982714,0.31023133201199227
1772212567042466,-2.133767275948927,-0.02914563496982714,0.310245702223827
1772212567044466,-2.133767275948927,-0.02914563496982714,0.31025838182250476
1772212567045457,-2.133767275948927,-0.02914563496982714,0.310269569703691
1772212567049921,-2.133767275948927,-0.02914563496982714,0.3102794413635612
1772212567051428,-2.133767275948927,-0.02914563496982714,0.31028815165168205
1772212567053728,-2.133767275948927,-0.02914563496982714,0.31029583720002385
1772212567057507,-2.133767275948927,-0.027611654181941336,0.4482980445389045
1772212567059806,-2.133767275948927,-0.027611654181941336,0.4342712973707528
1772212567060799,-2.133767275948927,-0.027611654181941336,0.42189475575179547
1772212567064977,-2.133767275948927,-0.027611654181941336,0.41097427785271545
1772212567066977,-2.133767275948927,-0.027611654181941336,0.4013385620594095
1772212567067977,-2.133767275948927,-0.027611654181941336,0.39283645988884547
1772212567072521,-2.133767275948927,-0.027611654181941336,0.3853346050324654
1772212567074976,-2.133767275948927,-0.027611654181941336,0.3787153213356595
1772212567075974,-2.133767275948927,-0.027611654181941336,0.37287477689730136
1772212567079921,-2.133767275948927,-0.027611654181941336,0.3677213553340442
1772212567082075,-2.133767275948927,-0.027611654181941336,0.36317421866058197
1772212567084427,-2.133767275948927,-0.027611654181941336,0.35916203924282114
1772212567086688,-2.133767275948927,-0.027611654181941336,0.3556218809330322
1772212567088676,-2.133767275948927,-0.027611654181941336,0.35249821183615965
1772212567091146,-2.133767275948927,-0.027611654181941336,0.34974203322127206
1772212567094156,-2.133767275948927,-0.027611654181941336,0.3473101109140183
1772212567097151,-2.133767275948927,-0.027611654181941336,0.34516429711350033
1772212567100002,-2.133767275948927,-0.027611654181941336,0.34327093199539616
1772212567101848,-2.133767275948927,-0.027611654181941336,0.34160031571471605
1772212567104888,-2.133767275948927,-0.027611654181941336,0.3401262425258807
1772212567106665,-2.133767275948927,-0.027611654181941336,0.3388255897122024
1772212567106665,-2.133767275948927,-0.027611654181941336,0.3376779548766039
1772212567110372,-2.133767275948927,-0.027611654181941336,0.336665335904017
1772212567115072,-2.133767275948927,-0.027611654181941336,0.3357718485752638
1772212567117072,-2.133767275948927,-0.027611654181941336,0.3349834774028346
1772212567118467,-2.133767275948927,-0.027611654181941336,0.3342878557801029
1772212567121655,-2.133767275948927,-0.027611654181941336,0.33367407199533966
1772212567124654,-2.133767275948927,-0.027611654181941336,0.33313249806760736
1772212567125655,-2.133767275948927,-0.027611654181941336,0.33265463871960826
1772212567129656,-2.133767275948927,-0.027611654181941336,0.33223299811843265
1772212567131872,-2.133767275948927,-0.027611654181941336,0.33186096229386586
1772212567135154,-2.133767275948927,-0.027611654181941336,0.33153269538983643
1772212567137293,-2.133767275948927,-0.027611654181941336,0.33124304812157507
1772212567139298,-2.133767275948927,-0.027611654181941336,0.33098747700252096
1772212567141847,-2.133767275948927,-0.027611654181941336,0.33076197307394384
1772212567144848,-2.133767275948927,-0.027611654181941336,0.3305629990193169
1772212567146449,-2.133767275948927,-0.027611654181941336,0.3303874336769991
1772212567149921,-2.133767275948927,-0.027611654181941336,0.3302325230808363
1772212567152655,-2.133767275948927,-0.027611654181941336,0.3300958372606926
1772212567154537,-2.133767275948927,-0.027611654181941336,0.32997523212527174
1772212567160115,-2.133767275948927,-0.027611654181941336,0.32986881582931216
1772212567161285,-2.133767275948927,-0.027611654181941336,0.32977491909758305
1772212567162563,-2.133767275948927,-0.027611654181941336,0.3296920690401751
1772212567164671,-2.133767275948927,-0.027611654181941336,0.3296189660483445
1772212567169825,-2.133767275948927,-0.027611654181941336,0.32955446340849404
1772212567169825,-2.133767275948927,-0.027611654181941336,0.32949754931450825
1772212567172271,-2.133767275948927,-0.027611654181941336,0.3294473309962856
1772212567174448,-2.133767275948927,-0.027611654181941336,0.3294030207155008
1772212567176778,-2.133767275948927,-0.027611654181941336,0.329363923408926
1772212567179776,-2.133767275948927,-0.027611654181941336,0.3293294257854777
1772212567180777,-2.133767275948927,-0.027611654181941336,0.3292989867059645
1772212567185175,-2.133767275948927,-0.027611654181941336,0.3292721286946293
1772212567187176,-2.133767275948927,-0.027611654181941336,0.3292484304493335
1772212567189177,-2.133767275948927,-0.027611654181941336,0.3292275202328961
1772212567191720,-2.133767275948927,-0.027611654181941336,0.32920907004192185
1772212567194720,-2.133767275948927,-0.027611654181941336,0.32919279046165045
1772212567195720,-2.133767275948927,-0.027611654181941336,0.3291784261261169
1772212567199255,-2.133767275948927,-0.027611654181941336,0.3291657517124108
1772212567201785,-2.133767275948927,-0.027611654181941336,0.32915456840619955
1772212567203853,-2.133767275948927,-0.027611654181941336,0.329144700783072
1772212567206718,-2.133767275948927,-0.027611654181941336,0.32913599405678295
1772212567209716,-2.133767275948927,-0.027611654181941336,0.3291283116512338
1772212567212127,-2.133767275948927,-0.027611654181941336,0.32912153305810227
1772212567215196,-2.133767275948927,-0.027611654181941336,0.3291155519465155
1772212567217196,-2.133767275948927,-0.027611654181941336,0.3291102744951155
1772212567218613,-2.133767275948927,-0.027611654181941336,0.32910561792035076
1772212567221742,-2.133767275948927,-0.027611654181941336,0.3291015091779113
1772212567224741,-2.133767275948927,-0.027611654181941336,0.3290978838169353
1772212567225741,-2.133767275948927,-0.027611654181941336,0.3290946849690153
1772212567230144,-2.133767275948927,-0.027611654181941336,0.32909186245614463
1772212567232144,-2.133767275948927,-0.027611654181941336,0.32908937200361177
1772212567234318,-2.133767275948927,-0.027611654181941336,0.3290871745454945
1772212567236753,-2.133767275948927,-0.027611654181941336,0.3290852356118617
1772212567239752,-2.133767275948927,-0.027611654181941336,0.329083524788068
1772212567240752,-2.133767275948927,-0.027611654181941336,0.3290820152376618
1772212567244676,-2.133767275948927,-0.027611654181941336,0.32908068328142104
1772212567247676,-2.133767275948927,-0.027611654181941336,0.3290795080259144
1772212567249982,-2.133767275948927,-0.027611654181941336,0.3290784710357616
1772212567252684,-2.133767275948927,-0.027611654181941336,0.32907755604445027
1772212567255098,-2.133767275948927,-0.027611654181941336,0.3290767486991756
1772212567256805,-2.133767275948927,-0.027611654181941336,0.3290760363356979
1772212567258790,-2.133767275948927,-0.027611654181941336,0.32907540777968813
1772212567260795,-2.133767275948927,-0.027611654181941336,0.32907485317144425
1772212567264218,-2.133767275948927,-0.027611654181941336,0.32907436381122906
1772212567267508,-2.133767275948927,-0.027611654181941336,0.32907393202280394
1772212567270136,-2.133767275948927,-0.027611654181941336,0.32907355103301705
1772212567272305,-2.133767275948927,-0.027611654181941336,0.329073214865558
1772212567274518,-2.133767275948927,-0.027611654181941336,0.32907291824721174
1772212567276518,-2.133767275948927,-0.027611654181941336,0.3290726565251416
1772212567279373,-2.133767275948927,-0.027611654181941336,0.3290724255939032
1772212567281372,-2.133767275948927,-0.027611654181941336,0.3290722218310458
1772212567284798,-2.133767275948927,-0.027611654181941336,0.3290720420402892
1772212567287391,-2.133767275948927,-0.027611654181941336,0.32907188340138643
1772212567289634,-2.133767275948927,-0.027611654181941336,0.3290717434258839
1772212567292527,-2.133767275948927,-0.027611654181941336,0.3290716199180876
1772212567294762,-2.133767275948927,-0.027611654181941336,0.32907151094062026
1772212567296774,-2.133767275948927,-0.027611654181941336,0.32907141478403146
1772212567299334,-2.133767275948927,-0.027611654181941336,0.32907132993998245
1772212567301808,-2.133767275948927,-0.027611654181941336,0.32907125507758633
1772212567303834,-2.133767275948927,-0.027611654181941336,0.3290711890225309
1772212567306746,-2.133767275948927,-0.027611654181941336,0.32907113073865846
1772212567309750,-2.133767275948927,-0.027611654181941336,0.3290710793117122
1772212567310750,-2.133767275948927,-0.027611654181941336,0.32907103393499487
1772212567315207,-2.133767275948927,-0.027611654181941336,0.3290709938967149
1772212567317208,-2.133767275948927,-0.027611654181941336,0.32907095856882085
1772212567317902,-2.133767275948927,-0.027611654181941336,0.3290709273971496
1772212567322751,-2.133767275948927,-0.02914563496982714,0.1910754739200372
1772212567324751,-2.133767275948927,-0.02914563496982714,0.20510818037798434
1772212567326752,-2.133767275948927,-0.02914563496982714,0.21748998019382004
1772212567330206,-2.133767275948927,-0.02914563496982714,0.22841509767838097
1772212567332206,-2.133767275948927,-0.02914563496982714,0.23805490722358175
1772212567334804,-2.133767275948927,-0.02914563496982714,0.2465606215281707
1772212567336839,-2.133767275948927,-0.02914563496982714,0.25406566356163157
1772212567339838,-2.133767275948927,-0.02914563496982714,0.2606877594735087
1772212567340838,-2.133767275948927,-0.02914563496982714,0.26653078527810625
1772212567344658,-2.133767275948927,-0.02914563496982714,0.27168639628216296
1772212567347658,-2.133767275948927,-0.02914563496982714,0.2762354648151541
1772212567349957,-2.133767275948927,-0.02914563496982714,0.28024934881485214
1772212567352465,-2.133767275948927,-0.02914563496982714,0.283791011167527
1772212567354524,-2.133767275948927,-0.02914563496982714,0.2869160073610635
1772212567357100,-2.133767275948927,-0.02914563496982714,0.2896733569435958
1772212567357100,-2.133767275948927,-0.02914563496982714,0.29210631245759483
1772212567357100,-2.133767275948927,-0.02914563496982714,0.29425303791112345
1772212567365164,-2.133767275948927,-0.02914563496982714,0.29614720742894274
1772212567367165,-2.133767275948927,-0.02914563496982714,0.29781853347407744
1772212567368196,-2.133767275948927,-0.02914563496982714,0.2992932329256669
1772212567372765,-2.133767275948927,-0.02914563496982714,0.30059443832412824
1772212567374765,-2.133767275948927,-0.02914563496982714,0.3017425607345352
1772212567375766,-2.133767275948927,-0.02914563496982714,0.30275560992018846
1772212567379354,-2.133767275948927,-0.02914563496982714,0.303649476848706
1772212567382354,-2.133767275948927,-0.02914563496982714,0.3044381829621039
1772212567384663,-2.133767275948927,-0.02914563496982714,0.30513410012098435
1772212567386923,-2.133767275948927,-0.02914563496982714,0.3057481446729377
1772212567390325,-2.133767275948927,-0.02914563496982714,0.3062899486893671
1772212567391325,-2.133767275948927,-0.02914563496982714,0.30676801105680485
1772212567394343,-2.133767275948927,-0.02914563496982714,0.30718983079277934
1772212567397723,-2.133767275948927,-0.02914563496982714,0.30756202467746263
1772212567399991,-2.133767275948927,-0.02914563496982714,0.30789043104630087
1772212567402792,-2.133767275948927,-0.02914563496982714,0.3081802013717464
1772212567404791,-2.133767275948927,-0.02914563496982714,0.30843588107066894
1772212567406852,-2.133767275948927,-0.02914563496982714,0.3086614808050123
1772212567408571,-2.133767275948927,-0.02914563496982714,0.3088605393941388
1772212567410893,-2.133767275948927,-0.02914563496982714,0.3090361793257211
1772212567414645,-2.133767275948927,-0.02914563496982714,0.3091911557359407
1772212567417138,-2.133767275948927,-0.02914563496982714,0.30932789962731094
1772212567419261,-2.133767275948927,-0.02914563496982714,0.3094485560020494
1772212567421954,-2.133767275948927,-0.02914563496982714,0.3095550175091715
1772212567425174,-2.133767275948927,-0.02914563496982714,0.3096489541331029
1772212567427566,-2.133767275948927,-0.02914563496982714,0.3097318393895129
1772212567429448,-2.133767275948927,-0.02914563496982714,0.30980497343928637
1772212567431932,-2.133767275948927,-0.02914563496982714,0.3098695034832042
1772212567434868,-2.133767275948927,-0.02914563496982714,0.3099264417572493
1772212567438004,-2.133767275948927,-0.02914563496982714,0.3099766814108186
1772212567440003,-2.133767275948927,-0.02914563496982714,0.31002101051690906
1772212567441476,-2.133767275948927,-0.02914563496982714,0.31006012443404773
1772212567445316,-2.133767275948927,-0.02914563496982714,0.310094636713876
1772212567447315,-2.133767275948927,-0.02914563496982714,0.3101250887254891
1772212567449967,-2.133767275948927,-0.02914563496982714,0.31015195814750074
1772212567452726,-2.133767275948927,-0.02914563496982714,0.3101756664610404
1772212567454725,-2.133767275948927,-0.02914563496982714,0.3101965855612224
1772212567456964,-2.133767275948927,-0.02914563496982714,0.3102150435907948
1772212567456964,-2.133767275948927,-0.02914563496982714,0.31023133008747633
1772212567456964,-2.133767275948927,-0.02914563496982714,0.31024570052572475
1772212567465329,-2.133767275948927,-0.02914563496982714,0.31025838032417924
1772212567467329,-2.133767275948927,-0.02914563496982714,0.31026956838163905
1772212567468238,-2.133767275948927,-0.027611654181941336,0.4482748661697414
1772212567472853,-2.133767275948927,-0.027611654181941336,0.4342508458685501
1772212567474853,-2.133767275948927,-0.027611654181941336,0.4218767103086754
1772212567475853,-2.133767275948927,-0.027611654181941336,0.4109583554029036
1772212567480357,-2.133767275948927,-0.027611654181941336,0.40132451283898735
1772212567482357,-2.133767275948927,-0.027611654181941336,0.39282406351788474
1772212567484358,-2.133767275948927,-0.027611654181941336,0.3853236670580883
1772212567487075,-2.133767275948927,-0.027611654181941336,0.37870567018179735
1772212567490074,-2.133767275948927,-0.027611654181941336,0.37286626117330535
1772212567491567,-2.133767275948927,-0.027611654181941336,0.36771384145993
1772212567495339,-2.133767275948927,-0.027611654181941336,0.3631675887716577
1772212567497339,-2.133767275948927,-0.027611654181941336,0.35915618934082916
1772212567500008,-2.133767275948927,-0.027611654181941336,0.355616719254804
1772212567502453,-2.133767275948927,-0.027611654181941336,0.3524936574141936
1772212567504457,-2.133767275948927,-0.027611654181941336,0.34973801461365495
1772212567507013,-2.133767275948927,-0.027611654181941336,0.3473065650837679
1772212567507013,-2.133767275948927,-0.027611654181941336,0.3451611684397499
1772212567512244,-2.133767275948927,-0.027611654181941336,0.34326817140091054
1772212567515348,-2.133767275948927,-0.027611654181941336,0.3415978798960523
1772212567516663,-2.133767275948927,-0.027611654181941336,0.3401240932741185
1772212567518026,-2.133767275948927,-0.027611654181941336,0.3388236933135887
1772212567521987,-2.133767275948927,-0.027611654181941336,0.3376762815837095
1772212567524986,-2.133767275948927,-0.027611654181941336,0.33666385946911015
1772212567525986,-2.133767275948927,-0.027611654181941336,0.33577054583858135
1772212567529505,-2.133767275948927,-0.027611654181941336,0.3349823279292912
1772212567532505,-2.133767275948927,-0.027611654181941336,0.3342868415387411
1772212567535176,-2.133767275948927,-0.027611654181941336,0.33367317707649097
1772212567537227,-2.133767275948927,-0.027611654181941336,0.3331317084333291
1772212567540231,-2.133767275948927,-0.027611654181941336,0.3326539419834804
1772212567542760,-2.133767275948927,-0.027611654181941336,0.332232383351261
1772212567545043,-2.133767275948927,-0.027611654181941336,0.33186041985224385
1772212567547042,-2.133767275948927,-0.027611654181941336,0.33153221676487576
1772212567549491,-2.133767275948927,-0.027611654181941336,0.33124262580543334
1772212567552525,-2.133767275948927,-0.027611654181941336,0.3309871043706312
1772212567553525,-2.133767275948927,-0.027611654181941336,0.33076164428109994
1772212567557966,-2.133767275948927,-0.027611654181941336,0.33056270890798406
1772212567560458,-2.133767275948927,-0.027611654181941336,0.3303871776964113
1772212567561459,-2.133767275948927,-0.027611654181941336,0.33023229721561176
1772212567564786,-2.133767275948927,-0.027611654181941336,0.33009563796784747
1772212567567790,-2.133767275948927,-0.027611654181941336,0.32997505627864365
1772212567568507,-2.133767275948927,-0.027611654181941336,0.3298686606705227
1772212567572006,-2.133767275948927,-0.027611654181941336,0.32977478219276884
1772212567575006,-2.133767275948927,-0.027611654181941336,0.3296919482418096
1772212567576005,-2.133767275948927,-0.027611654181941336,0.32961885946155145
1772212567580361,-2.133767275948927,-0.027611654181941336,0.32955436936132365
1772212567582361,-2.133767275948927,-0.027611654181941336,0.3294974663317109
1772212567584698,-2.133767275948927,-0.027611654181941336,0.32944725777617023
1772212567586979,-2.133767275948927,-0.027611654181941336,0.3294029561095167
1772212567589979,-2.133767275948927,-0.027611654181941336,0.3293638664036459
1772212567590979,-2.133767275948927,-0.027611654181941336,0.32932937548670116
1772212567594584,-2.133767275948927,-0.027611654181941336,0.32929894232469104
1772212567597584,-2.133767275948927,-0.027611654181941336,0.3292720895346821
1772212567599988,-2.133767275948927,-0.027611654181941336,0.32924839589643895
1772212567602809,-2.133767275948927,-0.027611654181941336,0.3292274897450479
1772212567605036,-2.133767275948927,-0.027611654181941336,0.32920904314087934
1772212567606978,-2.133767275948927,-0.027611654181941336,0.3291927667254365
1772212567606978,-2.133767275948927,-0.027611654181941336,0.3291784051823987
1772212567606978,-2.133767275948927,-0.027611654181941336,0.32916573323265946
1772212567615450,-2.133767275948927,-0.027611654181941336,0.3291545521005366
1772212567617451,-2.133767275948927,-0.027611654181941336,0.32914468639572236
1772212567618184,-2.133767275948927,-0.027611654181941336,0.3291359813620627
1772212567622083,-2.133767275948927,-0.027611654181941336,0.32912830045001007
1772212567625082,-2.133767275948927,-0.027611654181941336,0.3291215231746695
1772212567626082,-2.133767275948927,-0.027611654181941336,0.3291155432258396
1772212567630432,-2.133767275948927,-0.027611654181941336,0.3291102668004014
1772212567632431,-2.133767275948927,-0.027611654181941336,0.32910561113089715
1772212567634739,-2.133767275948927,-0.027611654181941336,0.3291015031872169
1772212567637055,-2.133767275948927,-0.027611654181941336,0.3290978785310285
1772212567640190,-2.133767275948927,-0.027611654181941336,0.32909468030497985
1772212567642450,-2.133767275948927,-0.027611654181941336,0.32909185834081933
1772212567644792,-2.133767275948927,-0.027611654181941336,0.32908936837244235
1772212567647239,-2.133767275948927,-0.027611654181941336,0.32908717134152154
1772212567650012,-2.133767275948927,-0.027611654181941336,0.32908523278482665
1772212567652592,-2.133767275948927,-0.027611654181941336,0.3290835222936253
1772212567655135,-2.133767275948927,-0.027611654181941336,0.32908201303668294
1772212567657342,-2.133767275948927,-0.027611654181941336,0.32908068133938084
1772212567657342,-2.133767275948927,-0.027611654181941336,0.3290795063123496
1772212567657342,-2.133767275948927,-0.027611654181941336,0.3290784695237926
1772212567664594,-2.133767275948927,-0.027611654181941336,0.32907755471036
1772212567667940,-2.133767275948927,-0.027611654181941336,0.3290767475220371
1772212567669395,-2.133767275948927,-0.027611654181941336,0.32907603529704627
1772212567673089,-2.133767275948927,-0.027611654181941336,0.32907540686323083
1772212567675087,-2.133767275948927,-0.027611654181941336,0.3290748523628055
1772212567675842,-2.133767275948927,-0.027611654181941336,0.32907436309772425
1772212567675842,-2.133767275948927,-0.027611654181941336,0.32907393139324087
1772212567675842,-2.133767275948927,-0.027611654181941336,0.3290735504775202
1772212567684849,-2.133767275948927,-0.027611654181941336,0.3290732143754137
1772212567687102,-2.133767275948927,-0.027611654181941336,0.3290729178147315
1772212567690102,-2.133767275948927,-0.027611654181941336,0.32907265614354136
1772212567692493,-2.133767275948927,-0.027611654181941336,0.32907242525719715
1772212567695496,-2.133767275948927,-0.027611654181941336,0.3290722215339522
1772212567696496,-2.133767275948927,-0.027611654181941336,0.32907204177814786
1772212567700506,-2.133767275948927,-0.027611654181941336,0.3290718831700852
1772212567702906,-2.133767275948927,-0.027611654181941336,0.3290717432217946
1772212567703909,-2.133767275948927,-0.027611654181941336,0.3290716197380088
1772212567707993,-2.133767275948927,-0.027611654181941336,0.3290715107817272
1772212567709993,-2.133767275948927,-0.027611654181941336,0.32907141464383166
1772212567710993,-2.133767275948927,-0.027611654181941336,0.3290713298162768
1772212567715561,-2.133767275948927,-0.027611654181941336,0.32907125496843426
1772212567718477,-2.133767275948927,-0.027611654181941336,0.3290711889262202
1772212567720484,-2.133767275948927,-0.027611654181941336,0.3290711306536785
1772212567721834,-2.133767275948927,-0.027611654181941336,0.32907107923672985
1772212567725585,-2.133767275948927,-0.027611654181941336,0.329071033868834
1772212567726962,-2.133767275948927,-0.027611654181941336,0.3290709938383377
1772212567730301,-2.133767275948927,-0.027611654181941336,0.3290709585173115
1772212567732307,-2.133767275948927,-0.027611654181941336,0.3290709273517002
1772212567735037,-2.133767275948927,-0.027611654181941336,0.3290708998526314
1772212567753921,-2.133767275948927,-0.027611654181941336,0.3290708755887471
1772212567756591,-2.133767275948927,-0.027611654181941336,0.3290708541794375
1772212567761502,-2.133767275948927,-0.027611654181941336,0.32907083528887016
1772212567763672,-2.133767275948927,-0.027611654181941336,0.3290708186207225
1772212567763672,-2.133767275948927,-0.027611654181941336,0.32907080391353344
1772212567763672,-2.133767275948927,-0.027611654181941336,0.32907079093660185
1772212567763672,-2.133767275948927,-0.027611654181941336,0.32907077948636815
1772212567763672,-2.133767275948927,-0.027611654181941336,0.3290707693832207
1772212567763672,-2.133767275948927,-0.027611654181941336,0.3290707604686789
1772212567765048,-2.133767275948927,-0.027611654181941336,0.3290707526029067
1772212567765048,-2.133767275948927,-0.027611654181941336,0.3290707456625195
1772212567765048,-2.133767275948927,-0.027611654181941336,0.3290707395386484
1772212567767308,-2.133767275948927,-0.027611654181941336,0.32907073413523275
1772212567769385,-2.133767275948927,-0.027611654181941336,0.329070729367513
1772212567772484,-2.133767275948927,-0.027611654181941336,0.3290707251607015
1772212567774903,-2.133767275948927,-0.027611654181941336,0.329070721448809
1772212567776904,-2.133767275948927,-0.027611654181941336,0.3290707181736097
1772212567780520,-2.133767275948927,-0.027611654181941336,0.32907071528372805
1772212567782520,-2.133767275948927,-0.027611654181941336,0.3290707127338324
1772212567784520,-2.133767275948927,-0.027611654181941336,0.3290707104839245
1772212567787321,-2.133767275948927,-0.027611654181941336,0.3290707084987116
1772212567790575,-2.133767275948927,-0.027611654181941336,0.32907070674705324
1772212567791575,-2.133767275948927,-0.027611654181941336,0.3290707052014723
1772212567794608,-2.133767275948927,-0.027611654181941336,0.3290707038377244
1772212567797875,-2.133767275948927,-0.027611654181941336,0.32907070263441746
1772212567799994,-2.133767275948927,-0.027611654181941336,0.329070701572676
1772212567802369,-2.133767275948927,-0.027611654181941336,0.3290707006358453
1772212567804812,-2.133767275948927,-0.027611654181941336,0.32907069980923004
1772212567806815,-2.133767275948927,-0.027611654181941336,0.3290706990798636
1772212567810734,-2.133767275948927,-0.027611654181941336,0.32907069843630493
1772212567813055,-2.133767275948927,-0.027611654181941336,0.3290706978684591
1772212567814311,-2.133767275948927,-0.027611654181941336,0.3290706973674186
1772212567818092,-2.133767275948927,-0.027611654181941336,0.3290706969253241
1772212567820634,-2.133767275948927,-0.027611654181941336,0.32907069653524074
1772212567821093,-2.133767275948927,-0.027611654181941336,0.3290706961910495
1772212567821093,-2.133767275948927,-0.027611654181941336,0.3290706958873513
1772212567821093,-2.133767275948927,-0.027611654181941336,0.3290706956193824
1772212567830697,-2.133767275948927,-0.027611654181941336,0.3290706953829392
1772212567832698,-2.133767275948927,-0.027611654181941336,0.3290706951743128
1772212567834657,-2.133767275948927,-0.027611654181941336,0.3290706949902308
1772212567837395,-2.133767275948927,-0.027611654181941336,0.3290706948278054
1772212567840395,-2.133767275948927,-0.027611654181941336,0.3290706946844889
1772212567842172,-2.133767275948927,-0.027611654181941336,0.32907069455803317
1772212567842172,-2.133767275948927,-0.027611654181941336,0.3290706944464546
1772212567846686,-2.133767275948927,-0.027611654181941336,0.3290706943480029
1772212567849786,-2.133767275948927,-0.027611654181941336,0.3290706942611338
1772212567852417,-2.133767275948927,-0.027611654181941336,0.32907069418448454
1772212567854417,-2.133767275948927,-0.027611654181941336,0.32907069411685286
1772212567858178,-2.133767275948927,-0.027611654181941336,0.3290706940571778
1772212567860178,-2.133767275948927,-0.027611654181941336,0.3290706940045234
1772212567861178,-2.133767275948927,-0.027611654181941336,0.3290706939580636
1772212567865633,-2.133767275948927,-0.027611654181941336,0.32907069391706967
1772212567868137,-2.133767275948927,-0.027611654181941336,0.32907069388089855
1772212567869160,-2.133767275948927,-0.027611654181941336,0.3290706938489829
1772212567872995,-2.133767275948927,-0.027611654181941336,0.329070693820822
1772212567875000,-2.133767275948927,-0.027611654181941336,0.32907069379597415
1772212567877008,-2.133767275948927,-0.027611654181941336,0.32907069377404957
1772212567880619,-2.133767275948927,-0.027611654181941336,0.3290706937547043
1772212567882619,-2.133767275948927,-0.027611654181941336,0.32907069373763503
1772212567884382,-2.133767275948927,-0.027611654181941336,0.32907069372257386
1772212567887277,-2.133767275948927,-0.027611654181941336,0.3290706937092846
1772212567890276,-2.133767275948927,-0.027611654181941336,0.3290706936975588
1772212567891278,-2.133767275948927,-0.027611654181941336,0.3290706936872125
1772212567895672,-2.133767275948927,-0.027611654181941336,0.3290706936780834
1772212567897666,-2.133767275948927,-0.027611654181941336,0.32907069367002834
1772212567899964,-2.133767275948927,-0.027611654181941336,0.3290706936629209
1772212567903276,-2.133767275948927,-0.027611654181941336,0.32907069365664965
1772212567905282,-2.133767275948927,-0.027611654181941336,0.3290706936511162
1772212567906061,-2.133767275948927,-0.027611654181941336,0.3290706936462337
1772212567906061,-2.133767275948927,-0.027611654181941336,0.32907069364192565
1772212567906061,-2.133767275948927,-0.027611654181941336,0.3290706936381244
1772212567915705,-2.133767275948927,-0.027611654181941336,0.32907069363477043
1772212567918005,-2.133767275948927,-0.027611654181941336,0.32907069363181096
1772212567919014,-2.133767275948927,-0.027611654181941336,0.3290706936291997
1772212567922705,-2.133767275948927,-0.027611654181941336,0.32907069362689567
1772212567924884,-2.133767275948927,-0.027611654181941336,0.32907069362486263
1772212567926883,-2.133767275948927,-0.027611654181941336,0.32907069362306884
1772212567929793,-2.133767275948927,-0.027611654181941336,0.32907069362148605
1772212567932784,-2.133767275948927,-0.027611654181941336,0.3290706936200895
1772212567934546,-2.133767275948927,-0.027611654181941336,0.3290706936188572
1772212567937450,-2.133767275948927,-0.027611654181941336,0.3290706936177699
1772212567940449,-2.133767275948927,-0.027611654181941336,0.3290706936168106
1772212567941457,-2.133767275948927,-0.027611654181941336,0.329070693615964
1772212567945691,-2.133767275948927,-0.027611654181941336,0.3290706936152171
1772212567947691,-2.133767275948927,-0.027611654181941336,0.3290706936145581
1772212567949981,-2.133767275948927,-0.027611654181941336,0.32907069361397656
1772212567952409,-2.133767275948927,-0.027611654181941336,0.32907069361346347
1772212567955408,-2.133767275948927,-0.027611654181941336,0.3290706936130107
1772212567956409,-2.133767275948927,-0.027611654181941336,0.32907069361261126
1772212567960368,-2.133767275948927,-0.027611654181941336,0.32907069361225877
1772212567962638,-2.133767275948927,-0.026077673394055978,0.4670661195846045
1772212567964940,-2.133767275948927,-0.026077673394055978,0.45303338885778477
1772212567968283,-2.133767275948927,-0.026077673394055978,0.440651567628238
1772212567970760,-2.133767275948927,-0.026077673394055978,0.42972643124922616
1772212567971188,-2.133767275948927,-0.026077673394055978,0.420086605032451
1772212567971188,-2.133767275948927,-0.026077673394055978,0.41158087601764937
1772212567971188,-2.133767275948927,-0.026077673394055978,0.4040758210045891
1772212567980067,-2.133767275948927,-0.026077673394055978,0.39745371364012416
1772212567983053,-2.133767275948927,-0.026077673394055978,0.39161067773030217
1772212567985162,-2.133767275948927,-0.026077673394055978,0.386455057809871
1772212567988166,-2.133767275948927,-0.026077673394055978,0.38190598140949056
1772212567990167,-2.133767275948927,-0.026077673394055978,0.37789209046797845
1772212567993223,-2.133767275948927,-0.026077673394055978,0.3743504219901736
1772212567995267,-2.133767275948927,-0.026077673394055978,0.3712254203921105
1772212567997301,-2.133767275948927,-0.026077673394055978,0.36846806604087834
1772212568000813,-2.133767275948927,-0.026077673394055978,0.36603510631920294
1772212568002601,-2.133767275948927,-0.026077673394055978,0.3638883771530187
1772212568004837,-2.133767275948927,-0.026077673394055978,0.3619942043593268
1772212568008308,-2.133767275948927,-0.026077673394055978,0.36032287542371627
1772212568010308,-2.133767275948927,-0.026077673394055978,0.35884817342170694
1772212568011308,-2.133767275948927,-0.026077673394055978,0.3575469657728752
1772212568015746,-2.133767275948927,-0.026077673394055978,0.35639884137684724
1772212568018182,-2.133767275948927,-0.026077673394055978,0.35538579043917545
1772212568019223,-2.133767275948927,-0.026077673394055978,0.3544919219647592
1772212568022369,-2.133767275948927,-0.026077673394055978,0.3537032144873331
1772212568025378,-2.133767275948927,-0.026077673394055978,0.3530072961248983
1772212568026372,-2.133767275948927,-0.026077673394055978,0.35239325051098525
1772212568030690,-2.133767275948927,-0.026077673394055978,0.3518514455575325
1772212568032690,-2.133767275948927,-0.026077673394055978,0.35137338236330956
1772212568034550,-2.133767275948927,-0.026077673394055978,0.3509515618978187
1772212568038337,-2.133767275948927,-0.026077673394055978,0.3505793673694444
1772212568040337,-2.133767275948927,-0.026077673394055978,0.3502509604326436
1772212568041337,-2.133767275948927,-0.026077673394055978,0.3499611896060546
1772212568045751,-2.133767275948927,-0.026077673394055978,0.34970550946494666
1772212568047750,-2.133767275948927,-0.026077673394055978,0.34947990934043965
1772212568049954,-2.133767275948927,-0.026077673394055978,0.34928085040705115
1772212568052512,-2.133767275948927,-0.026077673394055978,0.34910521017170837
1772212568055811,-2.133767275948927,-0.026077673394055978,0.3489502334934647
1772212568056811,-2.133767275948927,-0.026077673394055978,0.34881348936560264
1772212568059841,-2.133767275948927,-0.026077673394055978,0.34869283278219493
1772212568062454,-2.133767275948927,-0.026077673394055978,0.34858637109095286
1772212568063942,-2.133767275948927,-0.026077673394055978,0.3484924343045628
1772212568068226,-2.133767275948927,-0.026077673394055978,0.34840954890480685
1772212568070340,-2.133767275948927,-0.026077673394055978,0.3483364147285516
1772212568073024,-2.133767275948927,-0.026077673394055978,0.34827188457303226
1772212568074897,-2.133767275948927,-0.026077673394055978,0.3482149462005152
1772212568074897,-2.133767275948927,-0.026077673394055978,0.348164706460059
1772212568079890,-2.133767275948927,-0.026077673394055978,0.3481203772773035
1772212568083398,-2.133767275948927,-0.026077673394055978,0.3480812632925192
1772212568084865,-2.133767275948927,-0.026077673394055978,0.3480467509530037
1772212568087460,-2.133767275948927,-0.027611654181941336,0.2100208729160686
1772212568090460,-2.133767275948927,-0.027611654181941336,0.2240267341741329
1772212568091459,-2.133767275948927,-0.027611654181941336,0.23638484704889554
1772212568095852,-2.133767275948927,-0.027611654181941336,0.24728906429133313
1772212568098246,-2.133767275948927,-0.027611654181941336,0.25691043244642514
1772212568100589,-2.133767275948927,-0.027611654181941336,0.2653998749362122
1772212568103107,-2.133767275948927,-0.027611654181941336,0.2728905594860243
1772212568105111,-2.133767275948927,-0.027611654181941336,0.2794999870299762
1772212568107111,-2.133767275948927,-0.027611654181941336,0.2853318348628749
1772212568110411,-2.133767275948927,-0.027611654181941336,0.2904775829507267
1772212568113420,-2.133767275948927,-0.027611654181941336,0.29501794891059596
1772212568114414,-2.133767275948927,-0.027611654181941336,0.2990241541693041
1772212568118064,-2.133767275948927,-0.027611654181941336,0.3025590411622819
1772212568120353,-2.133767275948927,-0.027611654181941336,0.30567805909726226
1772212568121329,-2.133767275948927,-0.027611654181941336,0.3084301337457744
1772212568121329,-2.133767275948927,-0.027611654181941336,0.3108584349062262
1772212568128033,-2.133767275948927,-0.027611654181941336,0.3130010535772132
1772212568130023,-2.133767275948927,-0.027611654181941336,0.31489159946337814
1772212568133022,-2.133767275948927,-0.027611654181941336,0.31655972818646483
1772212568134814,-2.133767275948927,-0.027611654181941336,0.31803160647154133
1772212568137709,-2.133767275948927,-0.027611654181941336,0.31933032260543237
1772212568140710,-2.133767275948927,-0.027611654181941336,0.3204762486059245
1772212568141712,-2.133767275948927,-0.027611654181941336,0.3214873597828293
1772212568145946,-2.133767275948927,-0.027611654181941336,0.32237951670362763
1772212568147945,-2.133767275948927,-0.027611654181941336,0.323166713986685
1772212568150003,-2.133767275948927,-0.027611654181941336,0.32386129982467676
1772212568152692,-2.133767275948927,-0.027611654181941336,0.3244741696817284
1772212568155691,-2.133767275948927,-0.027611654181941336,0.32501493720265623
1772212568157936,-2.133767275948927,-0.027611654181941336,0.32549208501523963
1772212568159971,-2.133767275948927,-0.027611654181941336,0.32591309779104854
1772212568162479,-2.133767275948927,-0.027611654181941336,0.3262845796520564
1772212568164478,-2.133767275948927,-0.027611654181941336,0.32661235776471037
1772212568168243,-2.133767275948927,-0.027611654181941336,0.3269015737464639
1772212568170365,-2.133767275948927,-0.027611654181941336,0.3271567643185993
1772212568171366,-2.133767275948927,-0.027611654181941336,0.3273819324704835
1772212568175008,-2.133767275948927,-0.027611654181941336,0.3275806102515579
1772212568178008,-2.133767275948927,-0.027611654181941336,0.3277559141760352
1772212568179197,-2.133767275948927,-0.027611654181941336,0.32791059410939755
1772212568183442,-2.133767275948927,-0.027611654181941336,0.3280470764035408
1772212568185830,-2.133767275948927,-0.027611654181941336,0.32816750195719663
1772212568186831,-2.133767275948927,-0.027611654181941336,0.32827375979865764
1772212568190256,-2.133767275948927,-0.027611654181941336,0.32836751671759384
1772212568192257,-2.133767275948927,-0.027611654181941336,0.3284502434107728
1772212568194780,-2.133767275948927,-0.027611654181941336,0.32852323755181306
1772212568198453,-2.133767275948927,-0.027611654181941336,0.32858764414684866
1772212568200460,-2.133767275948927,-0.027611654181941336,0.32864447349540943
1772212568201430,-2.133767275948927,-0.027611654181941336,0.32869461703825714
1772212568205656,-2.133767275948927,-0.027611654181941336,0.32873886134076985
1772212568207817,-2.133767275948927,-0.027611654181941336,0.32877790043122224
1772212568209962,-2.133767275948927,-0.027611654181941336,0.3288123466875038
1772212568212831,-2.133767275948927,-0.027611654181941336,0.3288427404430463
1772212568214835,-2.133767275948927,-0.027611654181941336,0.32886955846264265
1772212568217793,-2.133767275948927,-0.027611654181941336,0.32889322142111
1772212568220427,-2.133767275948927,-0.027611654181941336,0.3289141005021106
1772212568222797,-2.133767275948927,-0.027611654181941336,0.3289325232206406
1772212568224230,-2.133767275948927,-0.027611654181941336,0.32894877856051996
1772212568227801,-2.133767275948927,-0.027611654181941336,0.3289631215074723
1772212568230809,-2.133767275948927,-0.027611654181941336,0.3289757770489009
1772212568233323,-2.133767275948927,-0.027611654181941336,0.3289869437031026
1772212568235987,-2.133767275948927,-0.027611654181941336,0.3289967966332805
1772212568237430,-2.133767275948927,-0.027611654181941336,0.32900549039520227
1772212568240110,-2.133767275948927,-0.027611654181941336,0.3290131613616038
1772212568240110,-2.133767275948927,-0.027611654181941336,0.32901992986136985
1772212568240110,-2.133767275948927,-0.027611654181941336,0.3290259020670458
1772212568247862,-2.133767275948927,-0.027611654181941336,0.3290311716602892
1772212568250434,-2.133767275948927,-0.027611654181941336,0.3290358213013864
1772212568251453,-2.133767275948927,-0.027611654181941336,0.32903992392588394
1772212568255653,-2.133767275948927,-0.027611654181941336,0.32904354388867585
1772212568258143,-2.133767275948927,-0.027611654181941336,0.3290467379734922
1772212568259592,-2.133767275948927,-0.027611654181941336,0.32904955628362437
1772212568262942,-2.133767275948927,-0.027611654181941336,0.32905204302785857
1772212568265247,-2.133767275948927,-0.027611654181941336,0.3290542372139476
1772212568267946,-2.133767275948927,-0.027611654181941336,0.32905617326049674
1772212568270615,-2.133767275948927,-0.027611654181941336,0.3290578815368636
1772212568273524,-2.133767275948927,-0.027611654181941336,0.3290593888395403
1772212568274916,-2.133767275948927,-0.027611654181941336,0.32906071881249027
1772212568277550,-2.133767275948927,-0.027611654181941336,0.32906189231803434
1772212568280818,-2.133767275948927,-0.027611654181941336,0.32906292776410273
1772212568283328,-2.133767275948927,-0.027611654181941336,0.32906384139298656
1772212568285847,-2.133767275948927,-0.027611654181941336,0.3290646475361193
1772212568288462,-2.133767275948927,-0.027611654181941336,0.32906535883888355
1772212568290055,-2.133767275948927,-0.027611654181941336,0.3290659864589696
1772212568290055,-2.133767275948927,-0.026077673394055978,0.4670619662140552
1772212568294948,-2.133767275948927,-0.026077673394055978,0.4530297241190649
1772212568297709,-2.133767275948927,-0.026077673394055978,0.4406483340352499
1772212568300919,-2.133767275948927,-0.026077673394055978,0.4297235780789425
1772212568303102,-2.133767275948927,-0.026077673394055978,0.4200840875292595
1772212568305098,-2.133767275948927,-0.026077673394055978,0.411578654691304
1772212568308311,-2.133767275948927,-0.026077673394055978,0.40407386101075493
1772212568309310,-2.133767275948927,-0.026077673394055978,0.39745198423379996
1772212568312597,-2.133767275948927,-0.026077673394055978,0.3916091517835455
1772212568316091,-2.1353012567368124,-0.026077673394055978,0.4794970989088721
1772212568317912,-2.1353012567368124,-0.026077673394055978,0.46405822688039894
1772212568320094,-2.1353012567368124,-0.026077673394055978,0.45043569273762846
1772212568323099,-2.1353012567368124,-0.026077673394055978,0.43841580967047805
1772212568324093,-2.1353012567368124,-0.026077673394055978,0.42781003049358063
1772212568328437,-2.1353012567368124,-0.026077673394055978,0.418451990043377
1772212568330439,-2.1353012567368124,-0.026077673394055978,0.4101948955284915
1772212568333311,-2.1353012567368124,-0.027611654181941336,0.26491379792505343
1772212568335951,-2.1353012567368124,-0.027611654181941336,0.27251799485973277
1772212568337956,-2.1353012567368124,-0.027611654181941336,0.27922758039033224
1772212568340076,-2.1353012567368124,-0.027611654181941336,0.2851478029173317
1772212568340076,-2.1353012567368124,-0.027611654181941336,0.2903715286764489
1772212568340076,-2.1353012567368124,-0.027611654181941336,0.2949806984639053
1772212568348550,-2.1353012567368124,-0.027611654181941336,0.2990476129822491
1772212568350741,-2.1353012567368124,-0.027611654181941336,0.30263606696902307
1772212568351451,-2.1353012567368124,-0.027611654181941336,0.3058023498985295
1772212568355656,-2.1353012567368124,-0.027611654181941336,0.3085961289539764
1772212568357802,-2.1353012567368124,-0.027611654181941336,0.31106122812054715
1772212568360290,-2.1353012567368124,-0.027611654181941336,0.31323631562046256
1772212568363092,-2.1353012567368124,-0.027611654181941336,0.31515551047332907
1772212568365560,-2.1353012567368124,-0.027611654181941336,0.31684891769644663
1772212568367917,-2.1353012567368124,-0.027611654181941336,0.3183431005403738
1772212568370543,-2.1353012567368124,-0.027611654181941336,0.31966149716736836
1772212568372651,-2.1353012567368124,-0.027611654181941336,0.3208247883088342
1772212568374648,-2.1353012567368124,-0.027611654181941336,0.32185122166895114
1772212568378598,-2.1353012567368124,-0.027611654181941336,0.3227568981631719
1772212568380808,-2.1353012567368124,-0.027611654181941336,0.32355602448160203
1772212568383335,-2.1353012567368124,-0.027611654181941336,0.3242611359390404
1772212568386079,-2.1353012567368124,-0.027611654181941336,0.3248832931073683
1772212568388579,-2.1353012567368124,-0.027611654181941336,0.32543225531471653
1772212568389792,-2.1353012567368124,-0.026077673394055978,0.4639120597056216
1772212568392756,-2.1353012567368124,-0.026077673394055978,0.45030672170106023
1772212568395234,-2.1353012567368124,-0.026077673394055978,0.43830201169703553
1772212568397606,-2.1353012567368124,-0.026077673394055978,0.42770962051701367
1772212568400569,-2.1353012567368124,-0.026077673394055978,0.41836339300522973
1772212568403070,-2.1353012567368124,-0.026077673394055978,0.41011672167130264
1772212568403975,-2.1353012567368124,-0.026077673394055978,0.40284024696489645
1772212568403975,-2.1353012567368124,-0.026077673394055978,0.3964198281063028
1772212568403975,-2.1353012567368124,-0.026077673394055978,0.3907547526428377
1772212568413046,-2.1353012567368124,-0.026077673394055978,0.3857561566456627
1772212568415317,-2.1353012567368124,-0.026077673394055978,0.3813456307658024
1772212568418514,-2.1353012567368124,-0.026077673394055978,0.3774539902835727
1772212568420563,-2.1353012567368124,-0.026077673394055978,0.3740201898580759
1772212568423028,-2.1353012567368124,-0.026077673394055978,0.37099036595322576
1772212568425832,-2.1353012567368124,-0.026077673394055978,0.36831699191953454
1772212568428147,-2.1353012567368124,-0.026077673394055978,0.3659581324780422
1772212568431131,-2.1353012567368124,-0.026077673394055978,0.3638767859120196
1772212568433347,-2.1353012567368124,-0.026077673394055978,0.362040303647882
1772212568436036,-2.1353012567368124,-0.026077673394055978,0.36041987812070175
1772212568437457,-2.1353012567368124,-0.026077673394055978,0.35899009089083683
1772212568440146,-2.1353012567368124,-0.026077673394055978,0.35772851392330896
1772212568443214,-2.1353012567368124,-0.026077673394055978,0.3566153577754903
1772212568445919,-2.1353012567368124,-0.026077673394055978,0.35563316117447374
1772212568447114,-2.1353012567368124,-0.026077673394055978,0.3547665171147533
1772212568450357,-2.1353012567368124,-0.026077673394055978,0.35400183117970585
1772212568453490,-2.1353012567368124,-0.026077673394055978,0.35332710829584046
1772212568454490,-2.1353012567368124,-0.026077673394055978,0.3527317645747827
1772212568458664,-2.1353012567368124,-0.026077673394055978,0.3522064612914965
1772212568460664,-2.1353012567368124,-0.026077673394055978,0.35174295839447933
1772212568461672,-2.1353012567368124,-0.026077673394055978,0.35133398525005227
1772212568466094,-2.1353012567368124,-0.026077673394055978,0.35097312659320495
1772212568468087,-2.1353012567368124,-0.026077673394055978,0.35065472189598673
1772212568469442,-2.1353012567368124,-0.026077673394055978,0.3503737765749118
1772212568473657,-2.1353012567368124,-0.026077673394055978,0.3501258836445516
1772212568475657,-2.1353012567368124,-0.026077673394055978,0.3499071545883514
1772212568478685,-2.1353012567368124,-0.026077673394055978,0.3497141583622924
1772212568481152,-2.1353012567368124,-0.026077673394055978,0.3495438675745933
1772212568483152,-2.1353012567368124,-0.026077673394055978,0.3493936109972117
1772212568485723,-2.1353012567368124,-0.026077673394055978,0.34926103166422795
1772212568487853,-2.1353012567368124,-0.026077673394055978,0.3491440498998306
1772212568490923,-2.1353012567368124,-0.026077673394055978,0.3490408306959505
1772212568491936,-2.1353012567368124,-0.026077673394055978,0.34894975492782104
1772212568496177,-2.1353012567368124,-0.026077673394055978,0.3488693939559421
1772212568498170,-2.1353012567368124,-0.026077673394055978,0.3487984872160489
1772212568500999,-2.1353012567368124,-0.026077673394055978,0.3487359224455549
1772212568503037,-2.1353012567368124,-0.026077673394055978,0.3486807182362955
1772212568506041,-2.1353012567368124,-0.026077673394055978,0.34863200863989013
1772212568507041,-2.1353012567368124,-0.026077673394055978,0.3485890295842384
1772212568511171,-2.1353012567368124,-0.026077673394055978,0.348551106888075
1772212568513171,-2.1353012567368124,-0.026077673394055978,0.34851764568557797
1772212568514165,-2.1353012567368124,-0.026077673394055978,0.3484881210951393
1772212568517986,-2.1353012567368124,-0.026077673394055978,0.3484620699859289
1772212568521015,-2.1353012567368124,-0.026077673394055978,0.348439083713096
1772212568522017,-2.1353012567368124,-0.026077673394055978,0.3484188017076553
1772212568526195,-2.1353012567368124,-0.026077673394055978,0.34840090582050176
1772212568528188,-2.1353012567368124,-0.026077673394055978,0.3483851153318368
1772212568529188,-2.1353012567368124,-0.026077673394055978,0.3483711825477207
1772212568532671,-2.1353012567368124,-0.026077673394055978,0.3483588889146771
1772212568535715,-2.1353012567368124,-0.026077673394055978,0.3483480415914033
1772212568536715,-2.1353012567368124,-0.026077673394055978,0.3483384704238088
1772212568541140,-2.1353012567368124,-0.026077673394055978,0.34833002527593127
1772212568543146,-2.1353012567368124,-0.026077673394055978,0.3483225736748629
1772212568544147,-2.1353012567368124,-0.026077673394055978,0.3483159987327437
1772212568548623,-2.1353012567368124,-0.026077673394055978,0.3483101973132268
1772212568550616,-2.1353012567368124,-0.026077673394055978,0.3483050784136531
1772212568552565,-2.1353012567368124,-0.026077673394055978,0.3483005617375586
1772212568556231,-2.1353012567368124,-0.026077673394055978,0.3482965764351223
1772212568558230,-2.1353012567368124,-0.026077673394055978,0.3482930599917961
1772212568559230,-2.1353012567368124,-0.026077673394055978,0.34828995724768486
1772212568562796,-2.1353012567368124,-0.026077673394055978,0.34828721953229247
1772212568565804,-2.1353012567368124,-0.026077673394055978,0.3482848039010639
1772212568567795,-2.1353012567368124,-0.026077673394055978,0.34828267246174466
1772212568570365,-2.1353012567368124,-0.026077673394055978,0.3482807917799923
1772212568573366,-2.1353012567368124,-0.026077673394055978,0.34827913235491675
1772212568574366,-2.1353012567368124,-0.026077673394055978,0.34827766815632066
1772212568577857,-2.1353012567368124,-0.026077673394055978,0.34827637621638297
1772212568580861,-2.1353012567368124,-0.026077673394055978,0.34827523626937906
1772212568583322,-2.1353012567368124,-0.026077673394055978,0.34827423043378736
1772212568585945,-2.1353012567368124,-0.026077673394055978,0.34827334293179474
1772212568587945,-2.1353012567368124,-0.026077673394055978,0.3482725598418012
1772212568589945,-2.1353012567368124,-0.026077673394055978,0.3482718688800423
1772212568593787,-2.1353012567368124,-0.026077673394055978,0.348271259207902
1772212568595889,-2.1353012567368124,-0.026077673394055978,0.3482707212618959
1772212568596891,-2.1353012567368124,-0.026077673394055978,0.34827024660365513
1772212568601262,-2.1353012567368124,-0.026077673394055978,0.34826982778756044
1772212568603531,-2.1353012567368124,-0.026077673394055978,0.34826945824394745
1772212568604531,-2.1353012567368124,-0.026077673394055978,0.34826913217605365
1772212568607998,-2.1353012567368124,-0.026077673394055978,0.34826884446908846
1772212568610503,-2.1353012567368124,-0.026077673394055978,0.34826859061000165
1772212568612512,-2.1353012567368124,-0.026077673394055978,0.34826836661668964
1772212568616262,-2.1353012567368124,-0.026077673394055978,0.3482681689755321
1772212568618107,-2.1353012567368124,-0.026077673394055978,0.34826799458627533
1772212568620899,-2.1353012567368124,-0.026077673394055978,0.3482678407134017
1772212568623834,-2.1353012567368124,-0.026077673394055978,0.3482677049432192
1772212568626168,-2.1353012567368124,-0.026077673394055978,0.34826758514599926
1772212568627169,-2.1353012567368124,-0.026077673394055978,0.3482674794425699
1772212568630365,-2.1353012567368124,-0.026077673394055978,0.34826738617483816
1772212568632459,-2.1353012567368124,-0.026077673394055978,0.3482673038797807
1772212568634638,-2.1353012567368124,-0.026077673394055978,0.3482672312664948
1772212568637924,-2.1353012567368124,-0.026077673394055978,0.3482671671959483
1772212568641205,-2.1353012567368124,-0.026077673394055978,0.3482671106631132
1772212568642205,-2.1353012567368124,-0.026077673394055978,0.3482670607811999
1772212568646318,-2.1353012567368124,-0.026077673394055978,0.34826701676774696
1772212568648318,-2.1353012567368124,-0.026077673394055978,0.34826697793234734
1772212568650998,-2.1353012567368124,-0.026077673394055978,0.34826694366581823
1772212568652975,-2.1353012567368124,-0.026077673394055978,0.3482669134306455
1772212568655983,-2.1353012567368124,-0.026077673394055978,0.3482668867525519
1772212568657039,-2.1353012567368124,-0.026077673394055978,0.34826686321305755
1772212568660325,-2.1353012567368124,-0.026077673394055978,0.34826684244291545
1772212568663632,-2.1353012567368124,-0.026077673394055978,0.34826682411631954
1772212568664631,-2.1353012567368124,-0.026077673394055978,0.3482668079457937
1772212568667976,-2.1353012567368124,-0.026077673394055978,0.3482667936776827
1772212568671263,-2.1353012567368124,-0.026077673394055978,0.34826678108817294
1772212568673264,-2.1353012567368124,-0.026077673394055978,0.348266769979782
1772212568676311,-2.1353012567368124,-0.026077673394055978,0.3482667601782606
1772212568678324,-2.1353012567368124,-0.026077673394055978,0.3482667515298593
1772212568679319,-2.1353012567368124,-0.026077673394055978,0.34826674389891704
1772212568683681,-2.1353012567368124,-0.026077673394055978,0.3482667371657327
1772212568685690,-2.1353012567368124,-0.026077673394055978,0.3482667312246877
1772212568686950,-2.1353012567368124,-0.026077673394055978,0.3482667259825891
1772212568691336,-2.1353012567368124,-0.026077673394055978,0.34826672135720804
1772212568693845,-2.1353012567368124,-0.026077673394055978,0.34826671727598946
1772212568694850,-2.1353012567368124,-0.026077673394055978,0.3482667136749142
1772212568697906,-2.1353012567368124,-0.026077673394055978,0.3482667104974949
1772212568701203,-2.1353012567368124,-0.026077673394055978,0.34826670769388957
1772212568702633,-2.1353012567368124,-0.026077673394055978,0.3482667052201202
1772212568705458,-2.1353012567368124,-0.026077673394055978,0.34826670303738255
1772212568708456,-2.1353012567368124,-0.026077673394055978,0.34826670111143754
1772212568711182,-2.1353012567368124,-0.026077673394055978,0.3482666994120743
1772212568712905,-2.1353012567368124,-0.026077673394055978,0.34826669791263615
1772212568715981,-2.1353012567368124,-0.026077673394055978,0.34826669658960246
1772212568717724,-2.1353012567368124,-0.026077673394055978,0.3482666954222198
1772212568720578,-2.1353012567368124,-0.026077673394055978,0.3482666943921763
1772212568722766,-2.1353012567368124,-0.026077673394055978,0.3482666934833144
1772212568725472,-2.1353012567368124,-0.026077673394055978,0.3482666926813774
1772212568729375,-2.1353012567368124,-0.026077673394055978,0.34826669197378596
1772212568730672,-2.1353012567368124,-0.026077673394055978,0.34826669134944055
1772212568733326,-2.1353012567368124,-0.026077673394055978,0.3482666907985475
1772212568735469,-2.1353012567368124,-0.026077673394055978,0.34826669031246543
1772212568738908,-2.1353012567368124,-0.026077673394055978,0.3482666898835695
1772212568740907,-2.1353012567368124,-0.026077673394055978,0.3482666895051319
1772212568742959,-2.1353012567368124,-0.026077673394055978,0.3482666891712164
1772212568745958,-2.1353012567368124,-0.026077673394055978,0.348266688876585
1772212568746958,-2.1353012567368124,-0.026077673394055978,0.3482666886166162
1772212568751371,-2.1353012567368124,-0.026077673394055978,0.34826668838723196
1772212568753834,-2.1353012567368124,-0.026077673394055978,0.34826668818483403
1772212568755223,-2.1353012567368124,-0.026077673394055978,0.3482666880062477
1772212568758527,-2.1353012567368124,-0.026077673394055978,0.3482666878486715
1772212568761269,-2.1353012567368124,-0.026077673394055978,0.34826668770963365
1772212568762772,-2.1353012567368124,-0.026077673394055978,0.3482666875869532
1772212568765693,-2.1353012567368124,-0.026077673394055978,0.34826668747870576
1772212568768076,-2.1353012567368124,-0.026077673394055978,0.3482666873831934
1772212568770103,-2.1353012567368124,-0.026077673394055978,0.34826668729891763
1772212568773010,-2.1353012567368124,-0.026077673394055978,0.3482666872245567
1772212568775308,-2.1353012567368124,-0.026077673394055978,0.34826668715894415
1772212568777745,-2.1353012567368124,-0.026077673394055978,0.34826668710105074
1772212568780522,-2.1353012567368124,-0.026077673394055978,0.34826668704996827
1772212568783680,-2.1353012567368124,-0.026077673394055978,0.34826668700489555
1772212568785041,-2.1353012567368124,-0.026077673394055978,0.34826668696512547
1772212568788082,-2.1353012567368124,-0.026077673394055978,0.34826668693003426
1772212568791080,-2.1353012567368124,-0.026077673394055978,0.3482666868990714
1772212568792112,-2.1353012567368124,-0.026077673394055978,0.34826668687175116
1772212568795508,-2.1353012567368124,-0.026077673394055978,0.34826668684764517
1772212568798512,-2.1353012567368124,-0.026077673394055978,0.3482666868263751
1772212568801440,-2.1353012567368124,-0.026077673394055978,0.3482666868076075
1772212568803994,-2.1353012567368124,-0.026077673394055978,0.3482666867910478
1772212568806399,-2.1353012567368124,-0.026077673394055978,0.3482666867764363
1772212568808597,-2.1353012567368124,-0.026077673394055978,0.3482666867635438
1772212568811296,-2.1353012567368124,-0.026077673394055978,0.348266686752168
1772212568812497,-2.1353012567368124,-0.026077673394055978,0.34826668674213057
1772212568815902,-2.1353012567368124,-0.026077673394055978,0.3482666867332741
1772212568818959,-2.1353012567368124,-0.026077673394055978,0.34826668672545946
1772212568819959,-2.1353012567368124,-0.026077673394055978,0.3482666867185642
1772212568823968,-2.1353012567368124,-0.026077673394055978,0.3482666867124802
1772212568825968,-2.1353012567368124,-0.026077673394055978,0.3482666867071119
1772212568826968,-2.1353012567368124,-0.026077673394055978,0.3482666867023752
1772212568831393,-2.1353012567368124,-0.026077673394055978,0.3482666866981958
1772212568833393,-2.1353012567368124,-0.026077673394055978,0.34826668669450805
1772212568834394,-2.1353012567368124,-0.024543692606170175,0.4862621126639508
1772212568838027,-2.1353012567368124,-0.024543692606170175,0.4722293819345304
1772212568841034,-2.136835237524698,-0.024543692606170175,0.5528909482253505
1772212568842034,-2.136835237524698,-0.024543692606170175,0.5310758578134375
1772212568846444,-2.136835237524698,-0.024543692606170175,0.5118272486264556
1772212568848427,-2.136835237524698,-0.024543692606170175,0.4948431816967655
1772212568851343,-2.136835237524698,-0.024543692606170175,0.47985724028821547
1772212568853084,-2.136835237524698,-0.024543692606170175,0.4666343508100831
1772212568856090,-2.136835237524698,-0.024543692606170175,0.45496709538820157
1772212568857090,-2.136835237524698,-0.024543692606170175,0.44467245825124735
1772212568861408,-2.136835237524698,-0.024543692606170175,0.43558895489511124
1772212568863408,-2.136835237524698,-0.026077673394055978,0.28957867301994156
1772212568864410,-2.136835237524698,-0.026077673394055978,0.29653947206783815
1772212568868047,-2.136835237524698,-0.026077673394055978,0.3026813535806881
1772212568871074,-2.136835237524698,-0.026077673394055978,0.30810066079790865
1772212568873074,-2.136835237524698,-0.026077673394055978,0.3128824024601621
1772212568876407,-2.136835237524698,-0.026077673394055978,0.3171015862797975
1772212568878408,-2.136835237524698,-0.026077673394055978,0.32082439553241693
1772212568879407,-2.136835237524698,-0.026077673394055978,0.32410922722590474
1772212568883925,-2.136835237524698,-0.026077673394055978,0.3270076081319233
1772212568885716,-2.136835237524698,-0.026077673394055978,0.32956500304899855
1772212568887719,-2.136835237524698,-0.026077673394055978,0.33182152797582964
1772212568891419,-2.136835237524698,-0.026077673394055978,0.3338125793818571
1772212568893419,-2.136835237524698,-0.026077673394055978,0.33556938944599896
1772212568894419,-2.136835237524698,-0.026077673394055978,0.33711951597318296
1772212568899007,-2.136835237524698,-0.026077673394055978,0.3384872746736394
1772212568901375,-2.136835237524698,-0.026077673394055978,0.3396941205858069
1772212568901894,-2.136835237524698,-0.026077673394055978,0.34075898462595466
1772212568906444,-2.136835237524698,-0.026077673394055978,0.34169857054373204
1772212568906444,-2.136835237524698,-0.026077673394055978,0.342527616941771
1772212568911483,-2.136835237524698,-0.026077673394055978,0.34325912846945245
1772212568912967,-2.136835237524698,-0.026077673394055978,0.3439045798174066
1772212568916615,-2.136835237524698,-0.026077673394055978,0.34447409571266024
1772212568918197,-2.136835237524698,-0.026077673394055978,0.34497660973788413
1772212568920312,-2.136835237524698,-0.026077673394055978,0.3454200044660228
1772212568923364,-2.136835237524698,-0.026077673394055978,0.3458112351084981
1772212568924904,-2.136835237524698,-0.026077673394055978,0.34615643861656453
1772212568924904,-2.136835237524698,-0.026077673394055978,0.3464610299472114
1772212568930661,-2.136835237524698,-0.026077673394055978,0.34672978700366447
1772212568933664,-2.136835237524698,-0.026077673394055978,0.3469669255828879
1772212568934662,-2.136835237524698,-0.026077673394055978,0.34717616550573194
1772212568938168,-2.136835237524698,-0.026077673394055978,0.347360788967065
1772212568941172,-2.136835237524698,-0.026077673394055978,0.34752369202118244
1772212568943106,-2.136835237524698,-0.026077673394055978,0.3476674300101095
1772212568943106,-2.136835237524698,-0.026077673394055978,0.34779425764739813
1772212568943106,-2.136835237524698,-0.026077673394055978,0.3479061643861822
1772212568951576,-2.136835237524698,-0.026077673394055978,0.34800490562628583
1772212568953614,-2.136835237524698,-0.026077673394055978,0.34809203024990665
1772212568954625,-2.136835237524698,-0.026077673394055978,0.3481689049178074
1772212568959033,-2.136835237524698,-0.026077673394055978,0.3482367355071316
1772212568961033,-2.136835237524698,-0.026077673394055978,0.3482965860271235
1772212568962036,-2.136835237524698,-0.026077673394055978,0.3483493953094693
1772212568966471,-2.136835237524698,-0.026077673394055978,0.3483959917350686
1772212568972454,-2.136835237524698,-0.026077673394055978,0.34843710622824436
1772212568972454,-2.136835237524698,-0.026077673394055978,0.34847338372222303
1772212568976465,-2.136835237524698,-0.026077673394055978,0.3485053932757336
1772212568976465,-2.136835237524698,-0.026077673394055978,0.34853363699941936
1772212568980474,-2.136835237524698,-0.026077673394055978,0.3485585579320833
1772212568980474,-2.136835237524698,-0.026077673394055978,0.3485805469903162
1772212568983351,-2.136835237524698,-0.026077673394055978,0.34859994910052167
1772212568988792,-2.136835237524698,-0.026077673394055978,0.34861706860952657
1772212568988792,-2.136835237524698,-0.026077673394055978,0.3486321740586485
1772212568990692,-2.136835237524698,-0.026077673394055978,0.348645502396109
1772212568993692,-2.136835237524698,-0.026077673394055978,0.34865726269386826
1772212568996606,-2.136835237524698,-0.026077673394055978,0.34866763942718526
1772212568998612,-2.136835237524698,-0.026077673394055978,0.34867679536834734
1772212569001324,-2.136835237524698,-0.026077673394055978,0.3486848741399609
1772212569004094,-2.136835237524698,-0.026077673394055978,0.34869200246785526
1772212569006095,-2.136835237524698,-0.026077673394055978,0.34869829216893855
1772212569007088,-2.136835237524698,-0.026077673394055978,0.34870384190518844
1772212569011532,-2.136835237524698,-0.026077673394055978,0.3487087387312913
1772212569013694,-2.136835237524698,-0.026077673394055978,0.34871305946020564
1772212569016662,-2.136835237524698,-0.026077673394055978,0.34871687186807115
1772212569019169,-2.136835237524698,-0.026077673394055978,0.3487202357573643
1772212569021176,-2.136835237524698,-0.026077673394055978,0.34872320389497596
1772212569023508,-2.136835237524698,-0.026077673394055978,0.3487258228399273
1772212569023508,-2.136835237524698,-0.026077673394055978,0.348728133673708
1772212569027148,-2.136835237524698,-0.026077673394055978,0.3487301726446909
1772212569031579,-2.136835237524698,-0.026077673394055978,0.34873197173673465
1772212569033580,-2.136835237524698,-0.026077673394055978,0.34873355917089094
1772212569034589,-2.136835237524698,-0.026077673394055978,0.3487349598480876
1772212569038210,-2.136835237524698,-0.026077673394055978,0.3487361957397318
1772212569041207,-2.136835237524698,-0.026077673394055978,0.348737286232359
1772212569042207,-2.136835237524698,-0.026077673394055978,0.3487382484317359
1772212569046546,-2.136835237524698,-0.026077673394055978,0.3487390974311861
1772212569048539,-2.136835237524698,-0.026077673394055978,0.34873984654834805
1772212569050994,-2.136835237524698,-0.026077673394055978,0.34874050753407926
1772212569054207,-2.136835237524698,-0.026077673394055978,0.34874109075678317
1772212569056207,-2.136835237524698,-0.026077673394055978,0.3487416053650514
1772212569057208,-2.136835237524698,-0.026077673394055978,0.34874205943117037
1772212569061573,-2.136835237524698,-0.026077673394055978,0.34874246007774595
1772212569063572,-2.136835237524698,-0.026077673394055978,0.3487428135894303
1772212569066661,-2.136835237524698,-0.026077673394055978,0.3487431255115047
1772212569068447,-2.136835237524698,-0.026077673394055978,0.3487434007368645
1772212569071458,-2.136835237524698,-0.026077673394055978,0.34874364358277016
1772212569073160,-2.136835237524698,-0.026077673394055978,0.3487438578585694
1772212569073160,-2.136835237524698,-0.026077673394055978,0.34874404692545097
1772212569073160,-2.136835237524698,-0.026077673394055978,0.34874421374917003
1772212569081568,-2.136835237524698,-0.026077673394055978,0.3487443609465692
1772212569083579,-2.136835237524698,-0.026077673394055978,0.34874449082662723
1772212569084568,-2.136835237524698,-0.026077673394055978,0.3487446054266785
1772212569089165,-2.136835237524698,-0.026077673394055978,0.3487447065443708
1772212569091160,-2.136835237524698,-0.026077673394055978,0.348744795765864
1772212569092160,-2.136835237524698,-0.026077673394055978,0.3487448744907109
1772212569096660,-2.136835237524698,-0.026077673394055978,0.34874494395381117
1772212569098660,-2.136835237524698,-0.026077673394055978,0.3487450052447819
1772212569101323,-2.136835237524698,-0.026077673394055978,0.34874505932505023
1772212569103316,-2.136835237524698,-0.026077673394055978,0.34874510704293415
1772212569106315,-2.136835237524698,-0.026077673394055978,0.34874514914694926
1772212569107315,-2.136835237524698,-0.026077673394055978,0.34874518629755086
1772212569111602,-2.136835237524698,-0.026077673394055978,0.34874521907749345
1772212569113710,-2.136835237524698,-0.026077673394055978,0.3487452480009722
1772212569116668,-2.136835237524698,-0.026077673394055978,0.34874527352168877
1772212569118267,-2.136835237524698,-0.026077673394055978,0.348745296039968
1772212569120324,-2.136835237524698,-0.026077673394055978,0.34874531590903807
1772212569123212,-2.136835237524698,-0.026077673394055978,0.34874533344057035
1772212569126407,-2.136835237524698,-0.026077673394055978,0.3487453489095695
1772212569126407,-2.136835237524698,-0.026077673394055978,0.3487453625586864
1772212569131686,-2.136835237524698,-0.026077673394055978,0.34874537460202476
1772212569133688,-2.136835237524698,-0.026077673394055978,0.34874538522849985
1772212569135254,-2.136835237524698,-0.026077673394055978,0.3487453946048014
1772212569139245,-2.136835237524698,-0.026077673394055978,0.3487454028780086
1772212569141243,-2.136835237524698,-0.026077673394055978,0.3487454101778974
1772212569142245,-2.136835237524698,-0.026077673394055978,0.3487454166189757
1772212569146620,-2.136835237524698,-0.026077673394055978,0.34874542230228
1772212569148625,-2.136835237524698,-0.026077673394055978,0.34874542731696034
1772212569151008,-2.136835237524698,-0.026077673394055978,0.34874543174167827
1772212569153364,-2.136835237524698,-0.024543692606170175,0.4867408616185378
1772212569156369,-2.136835237524698,-0.024543692606170175,0.4727081343368381
1772212569157370,-2.136835237524698,-0.024543692606170175,0.46032631614710307
1772212569161590,-2.136835237524698,-0.024543692606170175,0.4494011824502781
1772212569163589,-2.136835237524698,-0.024543692606170175,0.4397613586001383
1772212569166656,-2.136835237524698,-0.024543692606170175,0.43125563167354447
1772212569169187,-2.136835237524698,-0.024543692606170175,0.42375057850302045
1772212569171187,-2.136835237524698,-0.024543692606170175,0.4171284727643228
1772212569173262,-2.136835237524698,-0.024543692606170175,0.4112854382890013
1772212569173262,-2.136835237524698,-0.024543692606170175,0.40612981963430594
1772212569173262,-2.136835237524698,-0.024543692606170175,0.40158074435075114
1772212569181615,-2.136835237524698,-0.024543692606170175,0.39756685439467343
1772212569183614,-2.136835237524698,-0.024543692606170175,0.3940251867863695
1772212569184616,-2.136835237524698,-0.024543692606170175,0.3909001859555131
1772212569189289,-2.136835237524698,-0.024543692606170175,0.38814283228122815
1772212569191289,-2.136835237524698,-0.024543692606170175,0.38570987315685895
1772212569193166,-2.136835237524698,-0.024543692606170175,0.38356314451770973
1772212569193166,-2.136835237524698,-0.024543692606170175,0.3816689721890486
1772212569193166,-2.138369218312584,-0.024543692606170175,0.4730410311864039
1772212569201418,-2.138369218312584,-0.024543692606170175,0.4606763755155685
1772212569203658,-2.138369218312584,-0.024543692606170175,0.4497663852177726
1772212569205664,-2.138369218312584,-0.024543692606170175,0.44013992319030565
1772212569209309,-2.138369218312584,-0.024543692606170175,0.43164598610724647
1772212569211308,-2.138369218312584,-0.024543692606170175,0.42415133573984143
1772212569212310,-2.138369218312584,-0.024543692606170175,0.41753840894507227
1772212569216766,-2.138369218312584,-0.024543692606170175,0.4117034735379229
1772212569219218,-2.138369218312584,-0.024543692606170175,0.40655500111985005
1772212569220222,-2.138369218312584,-0.024543692606170175,0.4020122313391975
1772212569223468,-2.138369218312584,-0.024543692606170175,0.3980039050621511
1772212569225468,-2.138369218312584,-0.024543692606170175,0.39446714658240434
1772212569227985,-2.138369218312584,-0.024543692606170175,0.3913464773355689
1772212569231225,-2.138369218312584,-0.024543692606170175,0.3885929456471847
1772212569233229,-2.138369218312584,-0.024543692606170175,0.3861633588633163
1772212569234733,-2.138369218312584,-0.024543692606170175,0.3840196058187266
1772212569238396,-2.138369218312584,-0.024543692606170175,0.3821280590146767
1772212569241400,-2.138369218312584,-0.024543692606170175,0.38045904712875045
1772212569242400,-2.138369218312584,-0.024543692606170175,0.3789863895823449
1772212569246320,-2.138369218312584,-0.024543692606170175,0.3776869858649282
1772212569249327,-2.138369218312584,-0.024543692606170175,0.37654045317309
1772212569251325,-2.138369218312584,-0.024543692606170175,0.37552880668029154
1772212569254333,-2.138369218312584,-0.024543692606170175,0.37463617742194
1772212569256327,-2.138369218312584,-0.024543692606170175,0.37384856337045336
1772212569257327,-2.138369218312584,-0.024543692606170175,0.37315360979561213
1772212569261724,-2.138369218312584,-0.024543692606170175,0.3725404154648699
1772212569264209,-2.138369218312584,-0.024543692606170175,0.3719993616436268
1772212569266682,-2.138369218312584,-0.024543692606170175,0.37152196121311815
1772212569269303,-2.138369218312584,-0.024543692606170175,0.3711007255391399
1772212569271470,-2.138369218312584,-0.024543692606170175,0.37072904700327675
1772212569273360,-2.138369218312584,-0.024543692606170175,0.3704010953539858
1772212569273360,-2.138369218312584,-0.024543692606170175,0.3701117262516702
1772212569273360,-2.138369218312584,-0.024543692606170175,0.36985640057315644
1772212569280804,-2.138369218312584,-0.024543692606170175,0.36963111320976194
1772212569284065,-2.138369218312584,-0.024543692606170175,0.36943233024206096
1772212569284922,-2.138369218312584,-0.024543692606170175,0.36925693350585415
1772212569289350,-2.138369218312584,-0.024543692606170175,0.3691021716797893
1772212569291351,-2.138369218312584,-0.024543692606170175,0.3689656171273792
1772212569292351,-2.138369218312584,-0.024543692606170175,0.3688451278164291
1772212569295917,-2.138369218312584,-0.024543692606170175,0.36873881371853195
1772212569298924,-2.138369218312584,-0.024543692606170175,0.3686450071615639
1772212569301492,-2.138369218312584,-0.024543692606170175,0.36856223667012145
1772212569303498,-2.138369218312584,-0.024543692606170175,0.3684892038835546
1772212569306497,-2.138369218312584,-0.024543692606170175,0.36842476318952505
1772212569307843,-2.138369218312584,-0.024543692606170175,0.3683679037536166
1772212569311906,-2.138369218312584,-0.024543692606170175,0.3683177336631091
1772212569313905,-2.138369218312584,-0.024543692606170175,0.3682734659361908
1772212569316661,-2.138369218312584,-0.024543692606170175,0.36823440617714526
1772212569319198,-2.138369218312584,-0.024543692606170175,0.3681999416838697
1772212569321197,-2.138369218312584,-0.024543692606170175,0.3681695318368619
1772212569323454,-2.138369218312584,-0.024543692606170175,0.36814269961891377
1772212569323454,-2.138369218312584,-0.024543692606170175,0.36811902413248904
1772212569328521,-2.138369218312584,-0.024543692606170175,0.36809813399740837
1772212569331331,-2.138369218312584,-0.024543692606170175,0.36807970152527836
1772212569333334,-2.138369218312584,-0.024543692606170175,0.3680634375792813
1772212569334739,-2.138369218312584,-0.024543692606170175,0.36804908703869565
1772212569338559,-2.138369218312584,-0.024543692606170175,0.36803642479700244
1772212569341649,-2.138369218312584,-0.024543692606170175,0.3680252522308025
1772212569342649,-2.138369218312584,-0.024543692606170175,0.36801539408415557
1772212569346905,-2.138369218312584,-0.024543692606170175,0.3680066957194671
1772212569348913,-2.138369218312584,-0.024543692606170175,0.36799902069180074
1772212569351299,-2.138369218312584,-0.024543692606170175,0.3679922486085657
1772212569354341,-2.138369218312584,-0.024543692606170175,0.3679862732410054
1772212569356342,-2.138369218312584,-0.024543692606170175,0.367981000857864
1772212569357766,-2.138369218312584,-0.024543692606170175,0.36797634875509216
1772212569361151,-2.138369218312584,-0.024543692606170175,0.3679722439585288
1772212569363757,-2.138369218312584,-0.024543692606170175,0.3679686220792081
1772212569366687,-2.138369218312584,-0.024543692606170175,0.36796542630333695
1772212569369101,-2.138369218312584,-0.024543692606170175,0.36796260650109774
1772212569371104,-2.138369218312584,-0.024543692606170175,0.36796011844029836
1772212569373512,-2.138369218312584,-0.024543692606170175,0.3679579230925342
1772212569373512,-2.138369218312584,-0.024543692606170175,0.3679559860209776
1772212569377549,-2.138369218312584,-0.024543692606170175,0.36795427684019244
1772212569380909,-2.138369218312584,-0.024543692606170175,0.3679527687394996
1772212569383674,-2.138369218312584,-0.024543692606170175,0.36795143806241765
1772212569384679,-2.138369218312584,-0.024543692606170175,0.36795026393558067
1772212569388459,-2.138369218312584,-0.024543692606170175,0.36794922794131274
1772212569391459,-2.138369218312584,-0.024543692606170175,0.3679483138287234
1772212569392459,-2.138369218312584,-0.024543692606170175,0.3679475072587916
1772212569395922,-2.138369218312584,-0.024543692606170175,0.36794679557944004
1772212569399333,-2.138369218312584,-0.024543692606170175,0.367946167627071
1772212569401335,-2.138369218312584,-0.024543692606170175,0.3679456135514513
1772212569403745,-2.138369218312584,-0.024543692606170175,0.36794512466119855
1772212569406519,-2.138369218312584,-0.024543692606170175,0.3679446932874462
1772212569408523,-2.138369218312584,-0.024543692606170175,0.367944312663547
1772212569410989,-2.138369218312584,-0.024543692606170175,0.3679439768189301
1772212569413989,-2.138369218312584,-0.024543692606170175,0.3679436804854446
1772212569416668,-2.138369218312584,-0.024543692606170175,0.3679434190147221
1772212569419336,-2.138369218312584,-0.024543692606170175,0.36794318830526107
1772212569421336,-2.138369218312584,-0.024543692606170175,0.3679429847380895
1772212569423478,-2.138369218312584,-0.024543692606170175,0.36794280511999705
1772212569423478,-2.138369218312584,-0.024543692606170175,0.36794264663344484
1772212569428356,-2.138369218312584,-0.024543692606170175,0.36794250679236934
1772212569431987,-2.138369218312584,-0.024543692606170175,0.3679423834031851
1772212569433986,-2.138369218312584,-0.024543692606170175,0.3679422745303755
1772212569434716,-2.138369218312584,-0.024543692606170175,0.3679421784661317
1772212569438875,-2.138369218312584,-0.024543692606170175,0.3679420937035637
1772212569441275,-2.138369218312584,-0.024543692606170175,0.36794201891306244
1772212569443275,-2.138369218312584,-0.024543692606170175,0.3679419529214437
1772212569446862,-2.138369218312584,-0.024543692606170175,0.3679418946935448
1772212569448862,-2.138369218312584,-0.024543692606170175,0.367941843315987
1772212569451451,-2.138369218312584,-0.024543692606170175,0.36794179798284776
1772212569453633,-2.138369218312584,-0.024543692606170175,0.367941757983019
1772212569456640,-2.138369218312584,-0.024543692606170175,0.36794172268905245
1772212569457632,-2.138369218312584,-0.024543692606170175,0.36794169154731726
1772212569461054,-2.138369218312584,-0.024543692606170175,0.3679416640693156
1772212569464429,-2.138369218312584,-0.024543692606170175,0.36794163982402
1772212569466679,-2.138369218312584,-0.024543692606170175,0.36794161843111217
1772212569468355,-2.138369218312584,-0.024543692606170175,0.367941599555017
1772212569470820,-2.138369218312584,-0.024543692606170175,0.3679415828996389
1772212569473715,-2.138369218312584,-0.024543692606170175,0.3679415682037171
1772212569474714,-2.138369218312584,-0.024543692606170175,0.36794155523672717
1772212569474714,-2.138369218312584,-0.024543692606170175,0.3679415437952656
1772212569481011,-2.138369218312584,-0.024543692606170175,0.36794153369985827
1772212569483451,-2.138369218312584,-0.024543692606170175,0.3679415247921459
1772212569485867,-2.138369218312584,-0.024543692606170175,0.36794151693239974
1772212569488657,-2.138369218312584,-0.024543692606170175,0.36794150999732955
1772212569491751,-2.138369218312584,-0.024543692606170175,0.36794150387814994
1772212569492755,-2.138369218312584,-0.024543692606170175,0.36794149847887386
1772212569496976,-2.138369218312584,-0.024543692606170175,0.3679414937148068
1772212569498976,-2.138369218312584,-0.024543692606170175,0.36794148951121813
1772212569501026,-2.138369218312584,-0.024543692606170175,0.3679414858021693
1772212569503642,-2.138369218312584,-0.024543692606170175,0.3679414825294792
1772212569506641,-2.138369218312584,-0.024543692606170175,0.36794147964181145
1772212569507641,-2.138369218312584,-0.024543692606170175,0.3679414770938693
1772212569511955,-2.138369218312584,-0.024543692606170175,0.36794147484568507
1772212569513956,-2.138369218312584,-0.024543692606170175,0.3679414728619931
1772212569516676,-2.138369218312584,-0.024543692606170175,0.36794147111167663
1772212569519234,-2.138369218312584,-0.024543692606170175,0.3679414695672798
1772212569521233,-2.138369218312584,-0.024543692606170175,0.3679414682045767
1772212569523645,-2.138369218312584,-0.024543692606170175,0.3679414670021916
1772212569523645,-2.138369218312584,-0.024543692606170175,0.36794146594126353
1772212569528467,-2.138369218312584,-0.024543692606170175,0.36794146500515057
1772212569532026,-2.138369218312584,-0.024543692606170175,0.3679414641791685
1772212569534027,-2.138369218312584,-0.024543692606170175,0.36794146345036083
1772212569534853,-2.138369218312584,-0.024543692606170175,0.3679414628072952
1772212569541791,-2.138369218312584,-0.024543692606170175,0.36794146223988444
1772212569541791,-2.138369218312584,-0.024543692606170175,0.3679414617392278
1772212569544551,-2.138369218312584,-0.024543692606170175,0.36794146129747196
1772212569546900,-2.138369218312584,-0.024543692606170175,0.3679414609076875
1772212569548822,-2.138369218312584,-0.024543692606170175,0.36794146056375987
1772212569551689,-2.138369218312584,-0.024543692606170175,0.3679414602602944
1772212569554984,-2.138369218312584,-0.024543692606170175,0.36794145999253075
1772212569557131,-2.138369218312584,-0.024543692606170175,0.3679414597562687
1772212569558413,-2.138369218312584,-0.024543692606170175,0.3679414595478022
1772212569562072,-2.138369218312584,-0.024543692606170175,0.3679414593638611
1772212569564247,-2.138369218312584,-0.024543692606170175,0.36794145920156024
1772212569566685,-2.138369218312584,-0.024543692606170175,0.36794145905835346
1772212569569083,-2.138369218312584,-0.024543692606170175,0.36794145893199465
1772212569571090,-2.138369218312584,-0.024543692606170175,0.36794145882050155
1772212569574603,-2.138369218312584,-0.024543692606170175,0.36794145872212525
1772212569576604,-2.138369218312584,-0.023009711818284817,0.5059368846079794
1772212569577601,-2.138369218312584,-0.023009711818284817,0.4919041538048436
1772212569582076,-2.138369218312584,-0.023009711818284817,0.4795223325079591
1772212569584549,-2.138369218312584,-0.023009711818284817,0.4685971960695316
1772212569585986,-2.138369218312584,-0.023009711818284817,0.45895736980033086
1772212569589029,-2.138369218312584,-0.023009711818284817,0.45045164073927135
1772212569591033,-2.138369218312584,-0.023009711818284817,0.44294658568539536
1772212569593461,-2.138369218312584,-0.023009711818284817,0.43632447828491655
1772212569597135,-2.138369218312584,-0.023009711818284817,0.4304814423433176
1772212569599135,-2.138369218312584,-0.023009711818284817,0.4253258223948479
1772212569601136,-2.138369218312584,-0.023009711818284817,0.4207767459697276
1772212569603701,-2.138369218312584,-0.023009711818284817,0.4167628550063861
1772212569606681,-2.138369218312584,-0.023009711818284817,0.41322118650932016
1772212569608002,-2.138369218312584,-0.023009711818284817,0.4100961848942619
1772212569611404,-2.138369218312584,-0.023009711818284817,0.4073388305280341
1772212569614109,-2.138369218312584,-0.023009711818284817,0.4049058707931272
1772212569616720,-2.138369218312584,-0.023009711818284817,0.40275914161526816
1772212569619308,-2.138369218312584,-0.023009711818284817,0.40086496881127487
1772212569621787,-2.138369218312584,-0.023009711818284817,0.3991936398665749
1772212569623833,-2.138369218312584,-0.023009711818284817,0.39771893785654555
1772212569623833,-2.138369218312584,-0.023009711818284817,0.3964177302006373
1772212569623833,-2.138369218312584,-0.023009711818284817,0.3952696057983653
1772212569631514,-2.138369218312584,-0.023009711818284817,0.3942565548551841
1772212569634021,-2.138369218312584,-0.023009711818284817,0.3933626863759066
1772212569636239,-2.138369218312584,-0.023009711818284817,0.39257397889419116
1772212569638860,-2.138369218312584,-0.023009711818284817,0.3918780605279717
1772212569641859,-2.138369218312584,-0.023009711818284817,0.39126401491071916
1772212569642866,-2.138369218312584,-0.023009711818284817,0.3907222099543199
1772212569646500,-2.138369218312584,-0.023009711818284817,0.39024414675749697
1772212569649507,-2.138369218312584,-0.023009711818284817,0.3898223262897121
1772212569651498,-2.138369218312584,-0.023009711818284817,0.38945013175931364
1772212569654226,-2.138369218312584,-0.023009711818284817,0.38912172482072677
1772212569656232,-2.138369218312584,-0.023009711818284817,0.38883195399256193
1772212569658761,-2.138369218312584,-0.023009711818284817,0.3885762738500635
1772212569661767,-2.138369218312584,-0.023009711818284817,0.3883506737243296
1772212569662766,-2.138369218312584,-0.023009711818284817,0.3881516147898585
1772212569667038,-2.138369218312584,-0.023009711818284817,0.3879759745535605
1772212569669386,-2.138369218312584,-0.023009711818284817,0.38782099787447394
1772212569670393,-2.138369218312584,-0.023009711818284817,0.38768425374586823
1772212569674582,-2.138369218312584,-0.023009711818284817,0.3875635971618044
1772212569676580,-2.138369218312584,-0.023009711818284817,0.3874571354699833
1772212569677580,-2.138369218312584,-0.023009711818284817,0.3873631986830824
1772212569682114,-2.138369218312584,-0.023009711818284817,0.38728031328287565
1772212569684114,-2.138369218312584,-0.023009711818284817,0.38720717910622265
1772212569685973,-2.138369218312584,-0.023009711818284817,0.3871426489503524
1772212569689633,-2.138369218312584,-0.023009711818284817,0.3870857105775257
1772212569691628,-2.138369218312584,-0.023009711818284817,0.38703547083679624
1772212569692626,-2.138369218312584,-0.023009711818284817,0.3869911416537996
1772212569697060,-2.138369218312584,-0.023009711818284817,0.38695202766880266
1772212569699059,-2.138369218312584,-0.023009711818284817,0.38691751532909946
1772212569701372,-2.138369218312584,-0.023009711818284817,0.38688706326465544
1772212569704742,-2.138369218312584,-0.023009711818284817,0.3868601937960284
1772212569706740,-2.138369218312584,-0.023009711818284817,0.3868364854413574
1772212569707740,-2.138369218312584,-0.023009711818284817,0.38681556630488306
1772212569712279,-2.138369218312584,-0.023009711818284817,0.38679710824328806
1772212569714273,-2.138369218312584,-0.023009711818284817,0.38678082171835126
1772212569716659,-2.138369218312584,-0.023009711818284817,0.38676645125517173
1772212569719280,-2.138369218312584,-0.023009711818284817,0.3867537714347192
1772212569721285,-2.138369218312584,-0.023009711818284817,0.38674258335784933
1772212569722285,-2.138369218312584,-0.023009711818284817,0.3867327115253171
1772212569722285,-2.138369218312584,-0.023009711818284817,0.38672400108484745
1772212569722285,-2.138369218312584,-0.023009711818284817,0.3867163154020802
1772212569732208,-2.138369218312584,-0.023009711818284817,0.38670953391728546
1772212569734717,-2.138369218312584,-0.023009711818284817,0.3867035502542313
1772212569736126,-2.138369218312584,-0.023009711818284817,0.3866982705515365
1772212569738812,-2.138369218312584,-0.023009711818284817,0.3866936119903352
1772212569741810,-2.138369218312584,-0.023009711818284817,0.3866895014951576
1772212569742811,-2.138369218312584,-0.023009711818284817,0.3866858745876479
1772212569747168,-2.138369218312584,-0.023009711818284817,0.3866826743751393
1772212569749169,-2.138369218312584,-0.023009711818284817,0.3866798506582201
1772212569751539,-2.138369218312584,-0.023009711818284817,0.38667735914329127
1772212569753952,-2.138369218312584,-0.023009711818284817,0.38667516074776587
1772212569756958,-2.138369218312584,-0.023009711818284817,0.3866732209870082
1772212569757958,-2.138369218312584,-0.023009711818284817,0.3866715094333984
1772212569762180,-2.138369218312584,-0.023009711818284817,0.3866699992390369
1772212569764179,-2.138369218312584,-0.023009711818284817,0.3866686667146002
1772212569766676,-2.138369218312584,-0.023009711818284817,0.3866674909577444
1772212569769130,-2.138369218312584,-0.023009711818284817,0.38666645352522444
1772212569772135,-2.138369218312584,-0.023009711818284817,0.3866655381435893
1772212569772582,-2.138369218312584,-0.023009711818284817,0.3866647304539112
1772212569772582,-2.138369218312584,-0.021475731030399015,0.5246594437592448
1772212569772582,-2.138369218312584,-0.021475731030399015,0.5106260842085516
1772212569782183,-2.138369218312584,-0.021475731030399015,0.49824370813441055
1772212569784178,-2.138369218312584,-0.021475731030399015,0.4873180821866391
1772212569785988,-2.138369218312584,-0.021475731030399015,0.4776778239974289
1772212569789810,-2.138369218312584,-0.021475731030399015,0.4691717138304788
1772212569791947,-2.1399031991004693,-0.021475731030399015,0.5547097100293263
1772212569792947,-2.1399031991004693,-0.021475731030399015,0.5371973518892368
1772212569796319,-2.1399031991004693,-0.021475731030399015,0.5217452711773931
1772212569799318,-2.1399031991004693,-0.021475731030399015,0.5081110823140016
1772212569801476,-2.1399031991004693,-0.021475731030399015,0.4960809156698327
1772212569803804,-2.1399031991004693,-0.021475731030399015,0.4854660627485072
1772212569806804,-2.1399031991004693,-0.021475731030399015,0.4761000160532199
1772212569808009,-2.1399031991004693,-0.021475731030399015,0.467835857204437
1772212569812231,-2.1399031991004693,-0.021475731030399015,0.46054395233786394
1772212569814231,-2.1399031991004693,-0.021475731030399015,0.4541099186320641
1772212569816671,-2.1399031991004693,-0.021475731030399015,0.44843283006812307
1772212569819402,-2.1399031991004693,-0.021475731030399015,0.4434236342764104
1772212569821779,-2.1399031991004693,-0.023009711818284817,0.3010083296639673
1772212569823893,-2.1399031991004693,-0.023009711818284817,0.3111411674730933
1772212569823893,-2.1399031991004693,-0.023009711818284817,0.3200819067164397
1772212569823893,-2.1399031991004693,-0.023009711818284817,0.32797079428409837
1772212569831622,-2.1399031991004693,-0.023009711818284817,0.3349315774320324
1772212569833880,-2.1399031991004693,-0.023009711818284817,0.3410734449155037
1772212569835974,-2.1399031991004693,-0.023009711818284817,0.34649273975386063
1772212569838936,-2.1399031991004693,-0.023009711818284817,0.3512744704935874
1772212569842110,-2.1399031991004693,-0.023009711818284817,0.35549364467569927
1772212569844165,-2.1399031991004693,-0.023009711818284817,0.35921644542462144
1772212569847270,-2.1399031991004693,-0.023009711818284817,0.3625012696148469
1772212569849530,-2.141437179888355,-0.023009711818284817,0.4584430314229845
1772212569851448,-2.141437179888355,-0.023009711818284817,0.4501104664675452
1772212569854409,-2.141437179888355,-0.023009711818284817,0.4427582032715694
1772212569856768,-2.141437179888355,-0.023009711818284817,0.43627091221629666
1772212569858768,-2.141437179888355,-0.023009711818284817,0.4305468318734089
1772212569862371,-2.141437179888355,-0.023009711818284817,0.42549617274733154
1772212569864369,-2.141437179888355,-0.023009711818284817,0.42103970881255737
1772212569866670,-2.141437179888355,-0.023009711818284817,0.4171075347524624
1772212569869131,-2.141437179888355,-0.023009711818284817,0.41363796940531994
1772212569872131,-2.141437179888355,-0.023009711818284817,0.4105765882166647
1772212569873131,-2.141437179888355,-0.023009711818284817,0.4078753695207925
1772212569877408,-2.141437179888355,-0.023009711818284817,0.4054919412597288
1772212569879412,-2.141437179888355,-0.023009711818284817,0.40338891632349616
1772212569880415,-2.141437179888355,-0.023009711818284817,0.40153330608564375
1772212569884779,-2.141437179888355,-0.023009711818284817,0.39989600293459754
1772212569886186,-2.141437179888355,-0.023009711818284817,0.3984513236836744
1772212569888478,-2.141437179888355,-0.023009711818284817,0.3971766066975657
1772212569891365,-2.1429711606762405,-0.023009711818284817,0.48909524393833237
1772212569894372,-2.1429711606762405,-0.023009711818284817,0.47721286318817135
1772212569895372,-2.1429711606762405,-0.023009711818284817,0.4667284095850881
1772212569899800,-2.1429711606762405,-0.023009711818284817,0.45747742111177936
1772212569901158,-2.1429711606762405,-0.023009711818284817,0.4493147842235658
1772212569903449,-2.1429711606762405,-0.023009711818284817,0.44211245755749495
1772212569907269,-2.1429711606762405,-0.023009711818284817,0.43575746344037364
1772212569909276,-2.1429711606762405,-0.023009711818284817,0.43015011568997247
1772212569911024,-2.1429711606762405,-0.023009711818284817,0.4252024559102067
1772212569914803,-2.1429711606762405,-0.023009711818284817,0.42083687375158996
1772212569916805,-2.1445051414641263,-0.023009711818284817,0.5100282770166311
1772212569917804,-2.1445051414641263,-0.023009711818284817,0.49573951334669536
1772212569922374,-2.1445051414641263,-0.023009711818284817,0.48313178069675194
1772212569924375,-2.1445051414641263,-0.023009711818284817,0.4720073107115078
1772212569925377,-2.1445051414641263,-0.023009711818284817,0.4621916019009983
1772212569929142,-2.1445051414641263,-0.023009711818284817,0.4535306823623133
1772212569932360,-2.1445051414641263,-0.023009711818284817,0.44588869453406194
1772212569934675,-2.146039122252012,-0.024543692606170175,0.39419372564737454
1772212569936863,-2.146039122252012,-0.024543692606170175,0.39138685784007954
1772212569939629,-2.146039122252012,-0.024543692606170175,0.38891020977481927
1772212569940634,-2.146039122252012,-0.024543692606170175,0.3867249320701779
1772212569944960,-2.146039122252012,-0.024543692606170175,0.3847967458602002
1772212569946953,-2.146039122252012,-0.024543692606170175,0.38309540508669043
1772212569947961,-2.146039122252012,-0.024543692606170175,0.38159422205124066
1772212569951487,-2.146039122252012,-0.024543692606170175,0.38026964878466735
1772212569954749,-2.146039122252012,-0.024543692606170175,0.37910090766710264
1772212569957380,-2.146039122252012,-0.024543692606170175,0.3780696655045455
1772212569958124,-2.1475731030398975,-0.024543692606170175,0.4702031334719753
1772212569960298,-2.1475731030398975,-0.024543692606170175,0.4585103092453406
1772212569964916,-2.1475731030398975,-0.024543692606170175,0.44819311139831
1772212569967259,-2.1475731030398975,-0.024543692606170175,0.4390897015332829
1772212569969957,-2.1475731030398975,-0.024543692606170175,0.43105728106414143
1772212569972130,-2.1475731030398975,-0.024543692606170175,0.42396985123842834
1772212569974701,-2.1475731030398975,-0.024543692606170175,0.41771623668632857
1772212569977292,-2.1475731030398975,-0.024543692606170175,0.41219834149329937
1772212569979881,-2.1475731030398975,-0.024543692606170175,0.40732961044062654
1772212569981944,-2.1491070838277833,-0.024543692606170175,0.4960770587991479
1772212569984610,-2.1491070838277833,-0.024543692606170175,0.4813965702116944
1772212569987421,-2.1491070838277833,-0.024543692606170175,0.4684431979286472
1772212569989332,-2.1491070838277833,-0.026077673394055978,0.31901832582385004
1772212569991344,-2.1491070838277833,-0.026077673394055978,0.3229662511397225
1772212569994860,-2.1491070838277833,-0.026077673394055978,0.3264497146537276
1772212569996877,-2.1491070838277833,-0.026077673394055978,0.3295233589307909
1772212569998599,-2.1491070838277833,-0.026077673394055978,0.33223539799878793
1772212570001864,-2.1491070838277833,-0.026077673394055978,0.3346283736470206
1772212570004874,-2.150641064615669,-0.026077673394055978,0.4297832102710467
1772212570006526,-2.150641064615669,-0.026077673394055978,0.42075629956492105
1772212570006526,-2.150641064615669,-0.026077673394055978,0.41279137835363366
1772212570006526,-2.150641064615669,-0.026077673394055978,0.40576350669661543
1772212570014133,-2.150641064615669,-0.026077673394055978,0.3995624434698346
1772212570017136,-2.150641064615669,-0.026077673394055978,0.3940909170932633
1772212570018920,-2.150641064615669,-0.026077673394055978,0.38926309970217093
1772212570021561,-2.1521750454035544,-0.026077673394055978,0.4780466483503049
1772212570024560,-2.1521750454035544,-0.026077673394055978,0.46339801295958566
1772212570025553,-2.1521750454035544,-0.026077673394055978,0.4504727464383628
1772212570029970,-2.1521750454035544,-0.026077673394055978,0.43906809950787207
1772212570031970,-2.1521750454035544,-0.026077673394055978,0.4290051757456743
1772212570034751,-2.1521750454035544,-0.026077673394055978,0.4201261253672645
1772212570037423,-2.1521750454035544,-0.026077673394055978,0.4122916691510206
1772212570039423,-2.1521750454035544,-0.026077673394055978,0.4053789136660995
1772212570040423,-2.1521750454035544,-0.026077673394055978,0.3992794235323456
1772212570044885,-2.1521750454035544,-0.026077673394055978,0.393897520473151
1772212570046885,-2.1521750454035544,-0.026077673394055978,0.389148782479744
1772212570049997,-2.1537090261914402,-0.026077673394055978,0.47800210706704643
1772212570051452,-2.1537090261914402,-0.026077673394055978,0.46341503868144146
1772212570054589,-2.1537090261914402,-0.026077673394055978,0.4505440959882606
1772212570056501,-2.1537090261914402,-0.026077673394055978,0.4391873818472187
1772212570056501,-2.1537090261914402,-0.026077673394055978,0.4291667517227699
1772212570061505,-2.1537090261914402,-0.026077673394055978,0.420325019260021
1772212570064112,-2.1537090261914402,-0.026077673394055978,0.412523490616419
1772212570067114,-2.1537090261914402,-0.026077673394055978,0.40563978887206437
1772212570068853,-2.155243006979326,-0.026077673394055978,0.4926093219143958
1772212570071577,-2.155243006979326,-0.026077673394055978,0.4763600845185395
1772212570074577,-2.155243006979326,-0.026077673394055978,0.462022522110431
1772212570075577,-2.155243006979326,-0.026077673394055978,0.44937173175033523
1772212570079892,-2.155243006979326,-0.026077673394055978,0.43820926966789786
1772212570082264,-2.155243006979326,-0.026077673394055978,0.4283600384186883
1772212570084857,-2.155243006979326,-0.026077673394055978,0.41966954025762115
1772212570087569,-2.1567769877672114,-0.027611654181941336,0.3670494151948852
1772212570089569,-2.1567769877672114,-0.027611654181941336,0.36342623311464073
1772212570090570,-2.1567769877672114,-0.027611654181941336,0.36022930774971923
1772212570094169,-2.1567769877672114,-0.027611654181941336,0.35740849125125906
1772212570097167,-2.1567769877672114,-0.027611654181941336,0.3549195355173236
1772212570100006,-2.158310968555097,-0.027611654181941336,0.445766785627672
1772212570101866,-2.158310968555097,-0.027611654181941336,0.43293906329183074
1772212570104897,-2.158310968555097,-0.027611654181941336,0.421620484760206
1772212570107538,-2.158310968555097,-0.027611654181941336,0.4116335037028901
1772212570107538,-2.158310968555097,-0.027611654181941336,0.40282146159349375
1772212570112127,-2.158310968555097,-0.027611654181941336,0.3950461303204969
1772212570115053,-2.158310968555097,-0.027611654181941336,0.38818554390314675
1772212570117053,-2.158310968555097,-0.027611654181941336,0.3821320852996025
1772212570118054,-2.1598449493429825,-0.027611654181941336,0.4698341858191024
1772212570122490,-2.1598449493429825,-0.027611654181941336,0.45423133149135314
1772212570124490,-2.1598449493429825,-0.027611654181941336,0.44046410708451555
1772212570125308,-2.1598449493429825,-0.027611654181941336,0.4283165561373059
1772212570125308,-2.1598449493429825,-0.027611654181941336,0.41759812883094444
1772212570125308,-2.1598449493429825,-0.027611654181941336,0.4081406929723902
1772212570134953,-2.1598449493429825,-0.027611654181941336,0.3997958966266071
1772212570136999,-2.1613789301308683,-0.027611654181941336,0.48547622855003103
1772212570138000,-2.1613789301308683,-0.027611654181941336,0.4680894607551387
1772212570142479,-2.1613789301308683,-0.027611654181941336,0.4527481950537631
1772212570144479,-2.1613789301308683,-0.027611654181941336,0.43921178414078466
1772212570145479,-2.1613789301308683,-0.027611654181941336,0.4272678921587449
1772212570149989,-2.1613789301308683,-0.027611654181941336,0.416729163939298
1772212570152560,-2.162912910918754,-0.027611654181941336,0.5004736736212712
1772212570153559,-2.162912910918754,-0.02914563496982714,0.3433834014053261
1772212570157496,-2.162912910918754,-0.02914563496982714,0.3405677383878326
1772212570159497,-2.162912910918754,-0.02914563496982714,0.33808332984298545
1772212570160497,-2.1644468917066395,-0.02914563496982714,0.42893459217898283
1772212570164923,-2.1644468917066395,-0.02914563496982714,0.4161104100422607
1772212570166923,-2.1644468917066395,-0.02914563496982714,0.40479495521574116
1772212570168779,-2.1644468917066395,-0.02914563496982714,0.39481073036881215
1772212570172587,-2.1644468917066395,-0.02914563496982714,0.3860011202097572
1772212570174587,-2.1644468917066395,-0.02914563496982714,0.3782279347752968
1772212570176090,-2.1659808724945253,-0.02914563496982714,0.4644126292675351
1772212570179980,-2.1659808724945253,-0.02914563496982714,0.4474708872686554
1772212570181986,-2.1659808724945253,-0.02914563496982714,0.432522291387291
1772212570184338,-2.1659808724945253,-0.02914563496982714,0.4193323538449106
1772212570186666,-2.1659808724945253,-0.02914563496982714,0.4076941736604573
1772212570189666,-2.167514853282411,-0.02914563496982714,0.4904685786674075
1772212570190666,-2.167514853282411,-0.02914563496982714,0.4705177577109208
1772212570194978,-2.167514853282411,-0.02914563496982714,0.45291409216107953
1772212570196978,-2.167514853282411,-0.02914563496982714,0.43738144608769025
1772212570199982,-2.1690488340702965,-0.03067961575771294,0.37872413169051256
1772212570202430,-2.1690488340702965,-0.03067961575771294,0.36977401784462355
1772212570204428,-2.1690488340702965,-0.03067961575771294,0.36187685856883905
1772212570206497,-2.1690488340702965,-0.03067961575771294,0.35490877685491157
1772212570206497,-2.1705828148581823,-0.03067961575771294,0.44180385698291424
1772212570210931,-2.1705828148581823,-0.03067961575771294,0.42548892583912057
1772212570214964,-2.1705828148581823,-0.03067961575771294,0.4110933983593027
1772212570216965,-2.1705828148581823,-0.03067961575771294,0.39839146234769873
1772212570217965,-2.1705828148581823,-0.03067961575771294,0.3871838717492246
1772212570224564,-2.172116795646068,-0.03067961575771294,0.4703382087438208
1772212570228953,-2.172116795646068,-0.0322135965455983,0.3127271959214065
1772212570230958,-2.172116795646068,-0.0322135965455983,0.3094520558981657
1772212570234411,-2.172116795646068,-0.0322135965455983,0.30656222646589437
1772212570234411,-2.1736507764339534,-0.0322135965455983,0.39705576448945845
1772212570234821,-2.1736507764339534,-0.0322135965455983,0.38391594325353073
1772212570234821,-2.1736507764339534,-0.0322135965455983,0.37232198333947675
1772212570234821,-2.1736507764339534,-0.0322135965455983,0.36209201870942914
1772212570242399,-2.1751847572218392,-0.0322135965455983,0.4461089668526199
1772212570244409,-2.1751847572218392,-0.0322135965455983,0.42725450748693344
1772212570247402,-2.1751847572218392,-0.0322135965455983,0.41061821981132773
1772212570250165,-2.1751847572218392,-0.0322135965455983,0.39593914245049916
1772212570251652,-2.176718738009725,-0.0322135965455983,0.47603040289005966
1772212570253694,-2.176718738009725,-0.0337475773334841,0.3157166754602381
1772212570257632,-2.176718738009725,-0.0337475773334841,0.3100567872540302
1772212570259625,-2.176718738009725,-0.0337475773334841,0.30506276824855255
1772212570260626,-2.176718738009725,-0.0337475773334841,0.3006562808907782
1772212570265055,-2.1782527187976104,-0.0337475773334841,0.3898115913330161
1772212570267055,-2.1782527187976104,-0.0337475773334841,0.37549098105474166
1772212570268048,-2.1782527187976104,-0.0337475773334841,0.3628551484562642
1772212570271964,-2.1782527187976104,-0.0337475773334841,0.3517058843987841
1772212570274969,-2.179786699585496,-0.0337475773334841,0.43491168598837504
1772212570277520,-2.179786699585496,-0.0337475773334841,0.41534150907537754
1772212570280124,-2.179786699585496,-0.0337475773334841,0.39807370591685026
1772212570282124,-2.179786699585496,-0.0337475773334841,0.3828374090122674
1772212570285197,-2.179786699585496,-0.0337475773334841,0.36939361762587086
1772212570287201,-2.1813206803733816,-0.035281558121369905,0.31257941030543424
1772212570290201,-2.1813206803733816,-0.035281558121369905,0.30525556740962806
1772212570292724,-2.1813206803733816,-0.035281558121369905,0.298793353089799
1772212570294724,-2.1813206803733816,-0.035281558121369905,0.29309139927818517
1772212570295727,-2.1828546611612674,-0.035281558121369905,0.38110365108471683
1772212570300149,-2.1828546611612674,-0.035281558121369905,0.36577445965725536
1772212570301819,-2.1828546611612674,-0.035281558121369905,0.3522487025153776
1772212570303857,-2.1828546611612674,-0.035281558121369905,0.340314210919603
1772212570307722,-2.1828546611612674,-0.035281558121369905,0.32978377715862556
1772212570309722,-2.1828546611612674,-0.035281558121369905,0.32049221795776306
1772212570310722,-2.184388641949153,-0.035281558121369905,0.4053371708914112
1772212570315198,-2.184388641949153,-0.035281558121369905,0.38721330398789305
1772212570317206,-2.184388641949153,-0.035281558121369905,0.3712216567200829
1772212570318205,-2.184388641949153,-0.035281558121369905,0.35711137971907403
1772212570321781,-2.184388641949153,-0.035281558121369905,0.3446611353064191
1772212570324780,-2.1859226227370385,-0.035281558121369905,0.4267190130531743
1772212570325780,-2.1859226227370385,-0.035281558121369905,0.4061359621612385
1772212570330072,-2.1859226227370385,-0.035281558121369905,0.38797444666835396
1772212570332072,-2.1859226227370385,-0.035281558121369905,0.3719495800569853
1772212570334500,-2.1859226227370385,-0.035281558121369905,0.35780999187048346
1772212570337717,-2.1874566035249243,-0.035281558121369905,0.438377272169744
1772212570339715,-2.1874566035249243,-0.035281558121369905,0.41647898823588386
1772212570340715,-2.1874566035249243,-0.035281558121369905,0.3971569730001249
1772212570345114,-2.1874566035249243,-0.035281558121369905,0.3801081360273965
1772212570347114,-2.18899058431281,-0.035281558121369905,0.45810843210353286
1772212570350002,-2.18899058431281,-0.035281558121369905,0.4339451620904285
1772212570352581,-2.18899058431281,-0.035281558121369905,0.4126246297259246
1772212570354581,-2.18899058431281,-0.035281558121369905,0.39381239528665657
1772212570356675,-2.18899058431281,-0.03681553890925526,0.23921793892641033
1772212570356675,-2.1905245651006955,-0.03681553890925526,0.3316478538924156
1772212570356675,-2.1905245651006955,-0.03681553890925526,0.32021660054687684
1772212570365097,-2.1905245651006955,-0.03681553890925526,0.3101302005361074
1772212570367097,-2.1905245651006955,-0.03681553890925526,0.3012304358207226
1772212570368098,-2.1905245651006955,-0.03681553890925526,0.29337770224832427
1772212570372716,-2.1920585458885813,-0.03681553890925526,0.3794922072070878
1772212570374716,-2.1920585458885813,-0.03681553890925526,0.36248853326690683
1772212570377718,-2.1920585458885813,-0.03681553890925526,0.3474852915549824
1772212570380159,-2.1920585458885813,-0.03681553890925526,0.3342471371032844
1772212570382249,-2.1920585458885813,-0.03681553890925526,0.3225664125870803
1772212570384978,-2.193592526676467,-0.03681553890925526,0.4053032784777799
1772212570386988,-2.193592526676467,-0.03681553890925526,0.38531933477166025
1772212570389987,-2.193592526676467,-0.03681553890925526,0.3676864432662605
1772212570392634,-2.193592526676467,-0.03681553890925526,0.3521280095850254
1772212570394634,-2.1951265074643524,-0.03681553890925526,0.4314433673889157
1772212570395634,-2.1951265074643524,-0.03681553890925526,0.4084404459591579
1772212570400115,-2.1951265074643524,-0.03681553890925526,0.3881437505799599
1772212570402526,-2.1951265074643524,-0.03681553890925526,0.37023490171596174
1772212570404525,-2.1951265074643524,-0.03681553890925526,0.35443297624772796
1772212570407685,-2.1951265074643524,-0.03681553890925526,0.3404901008345806
1772212570409694,-2.1966604882522383,-0.03681553890925526,0.4212309512279773
1772212570410684,-2.1966604882522383,-0.03681553890925526,0.3994858173771786
1772212570415168,-2.1966604882522383,-0.03681553890925526,0.38029893456765024
1772212570417167,-2.1966604882522383,-0.03681553890925526,0.3633693320886547
1772212570420085,-2.1966604882522383,-0.03681553890925526,0.34843144754836447
1772212570422372,-2.1981944690401236,-0.03681553890925526,0.4282943487119121
1772212570424372,-2.1981944690401236,-0.03681553890925526,0.40577455377596955
1772212570427690,-2.1981944690401236,-0.03681553890925526,0.38590414647954974
1772212570429683,-2.1981944690401236,-0.03681553890925526,0.3683714341591793
1772212570430683,-2.1981944690401236,-0.03681553890925526,0.35290139387649944
1772212570434722,-2.1997284498280094,-0.03681553890925526,0.43229474585561994
1772212570437830,-2.1997284498280094,-0.03681553890925526,0.4093606428157368
1772212570438830,-2.1997284498280094,-0.03681553890925526,0.38912466954525177
1772212570442772,-2.1997284498280094,-0.03681553890925526,0.37126939901247075
1772212570444771,-2.201262430615895,-0.03681553890925526,0.44855813606501443
1772212570445771,-2.201262430615895,-0.03681553890925526,0.4237670198546394
1772212570450233,-2.201262430615895,-0.03681553890925526,0.40189250555136724
1772212570452633,-2.201262430615895,-0.03681553890925526,0.38259146351906836
1772212570454000,-2.201262430615895,-0.03681553890925526,0.3655611323140987
1772212570456863,-2.2027964114037806,-0.03681553890925526,0.4435777570088116
1772212570459918,-2.2027964114037806,-0.03681553890925526,0.41942889460036775
1772212570460945,-2.2027964114037806,-0.03681553890925526,0.39812107482821146
1772212570464567,-2.2027964114037806,-0.03681553890925526,0.3793200573821912
1772212570467571,-2.2027964114037806,-0.03681553890925526,0.3627309243415851
1772212570468369,-2.2043303921916664,-0.03681553890925526,0.44113684153428284
1772212570472007,-2.2043303921916664,-0.03681553890925526,0.4173314725063969
1772212570475009,-2.2043303921916664,-0.03681553890925526,0.3963267351288504
1772212570476007,-2.2043303921916664,-0.03681553890925526,0.377793143325133
1772212570479554,-2.205864372979552,-0.03681553890925526,0.45448336160922037
1772212570482553,-2.205864372979552,-0.03681553890925526,0.4291641406031315
1772212570484364,-2.205864372979552,-0.03681553890925526,0.40682365148011196
1772212570487433,-2.2073983537674375,-0.03681553890925526,0.4801548427177047
1772212570488938,-2.2073983537674375,-0.038349519697141066,0.3138763483450049
1772212570491878,-2.2073983537674375,-0.038349519697141066,0.30295343048331613
1772212570494922,-2.2073983537674375,-0.038349519697141066,0.29331556178182594
1772212570495922,-2.2073983537674375,-0.038349519697141066,0.2848115599863936
1772212570499366,-2.2089323345553233,-0.038349519697141066,0.3703514165130854
1772212570502640,-2.2089323345553233,-0.038349519697141066,0.3528406998387063
1772212570503640,-2.2089323345553233,-0.038349519697141066,0.33739006747896005
1772212570507007,-2.2089323345553233,-0.038349519697141066,0.3237571565733016
1772212570510416,-2.210466315343209,-0.038349519697141066,0.40477150506154147
1772212570512590,-2.210466315343209,-0.038349519697141066,0.3832676930591338
1772212570515412,-2.210466315343209,-0.038349519697141066,0.3642937412923034
1772212570517414,-2.210466315343209,-0.038349519697141066,0.3475520191451002
1772212570519034,-2.2120002961310945,-0.038349519697141066,0.4258232988907834
1772212570522014,-2.2120002961310945,-0.038349519697141066,0.4018991321155488
1772212570525386,-2.2120002961310945,-0.038349519697141066,0.3807895731962241
1772212570526388,-2.2120002961310945,-0.038349519697141066,0.3621634917968199
1772212570529435,-2.2135342769189803,-0.038349519697141066,0.4387721016141078
1772212570532438,-2.2135342769189803,-0.038349519697141066,0.4133808731373306
1772212570534828,-2.2135342769189803,-0.038349519697141066,0.3909768480107625
1772212570536950,-2.2135342769189803,-0.038349519697141066,0.3712085905461436
1772212570539949,-2.2135342769189803,-0.038349519697141066,0.3537660104303034
1772212570540949,-2.2150682577068657,-0.038349519697141066,0.43141888608601264
1772212570545345,-2.2150682577068657,-0.038349519697141066,0.40694906864315405
1772212570547344,-2.2150682577068657,-0.038349519697141066,0.3853580532523965
1772212570550033,-2.2150682577068657,-0.038349519697141066,0.3663071573193751
1772212570552795,-2.2166022384947515,-0.038349519697141066,0.44254093078348844
1772212570554794,-2.2166022384947515,-0.038349519697141066,0.41681896434801063
1772212570556876,-2.2166022384947515,-0.038349519697141066,0.3941231116108244
1772212570556876,-2.2166022384947515,-0.038349519697141066,0.37409735919566006
1772212570556876,-2.2181362192826373,-0.038349519697141066,0.44947096517551244
1772212570565344,-2.2181362192826373,-0.038349519697141066,0.4229900274304098
1772212570567351,-2.2181362192826373,-0.038349519697141066,0.3996244941259075
1772212570568308,-2.2196702000705226,-0.038349519697141066,0.47205123461515036
1772212570572943,-2.2196702000705226,-0.038349519697141066,0.4429701214371742
1772212570574941,-2.2196702000705226,-0.038349519697141066,0.4173103156919011
1772212570575944,-2.2196702000705226,-0.038349519697141066,0.3946693106225425
1772212570580398,-2.2212041808584084,-0.038349519697141066,0.46773534073104694
1772212570582012,-2.2212041808584084,-0.038349519697141066,0.4392183066288726
1772212570584588,-2.2212041808584084,-0.038349519697141066,0.4140562177151895
1772212570587933,-2.2212041808584084,-0.038349519697141066,0.3918543745560573
1772212570589934,-2.2227381616462942,-0.038349519697141066,0.46530790046770276
1772212570590933,-2.2227381616462942,-0.038349519697141066,0.4371327744271235
1772212570595413,-2.2227381616462942,-0.038349519697141066,0.4122723690972006
1772212570597412,-2.2242721424341796,-0.038349519697141066,0.4833801048581311
1772212570600028,-2.2242721424341796,-0.038349519697141066,0.4531351639787029
1772212570602510,-2.2242721424341796,-0.038349519697141066,0.426448451438031
1772212570604508,-2.2258061232220654,-0.038349519697141066,0.4959447396600997
1772212570607949,-2.2258061232220654,-0.03988350048502687,0.32628250733247416
1772212570607949,-2.2258061232220654,-0.03988350048502687,0.31237393833408633
1772212570607949,-2.227340104009951,-0.03988350048502687,0.3931450590934472
1772212570615376,-2.227340104009951,-0.03988350048502687,0.3714266343890876
1772212570617795,-2.227340104009951,-0.03988350048502687,0.35226331847347603
1772212570619092,-2.2288740847978366,-0.03988350048502687,0.4283978978352696
1772212570622844,-2.2288740847978366,-0.03988350048502687,0.40258840719189704
1772212570624844,-2.2288740847978366,-0.03988350048502687,0.37981532721245065
1772212570627844,-2.2288740847978366,-0.03988350048502687,0.35972143311293914
1772212570629289,-2.2304080655857224,-0.03988350048502687,0.435034914077191
1772212570632581,-2.2304080655857224,-0.03988350048502687,0.40850092484773515
1772212570634429,-2.2319420463736077,-0.03988350048502687,0.478131968932607
1772212570637055,-2.2319420463736077,-0.03988350048502687,0.44658406480959767
1772212570640332,-2.2319420463736077,-0.04141748127291223,0.2807522528460505
1772212570641333,-2.2334760271614935,-0.04141748127291223,0.36326685404445447
1772212570645382,-2.2334760271614935,-0.04141748127291223,0.343086794433368
1772212570647383,-2.2334760271614935,-0.04141748127291223,0.32528085948240926
1772212570649992,-2.2334760271614935,-0.04141748127291223,0.309569740408034
1772212570652646,-2.2350100079493793,-0.04141748127291223,0.38875037580624683
1772212570654655,-2.2350100079493793,-0.04141748127291223,0.36562858166556267
1772212570656646,-2.2350100079493793,-0.04141748127291223,0.34522699860025324
1772212570659901,-2.2365439887372647,-0.04141748127291223,0.42026898930054846
1772212570662913,-2.2365439887372647,-0.04141748127291223,0.39349544983820683
1772212570663912,-2.2365439887372647,-0.04141748127291223,0.3698717385479054
1772212570667841,-2.2380779695251505,-0.04141748127291223,0.44207067493204866
1772212570670105,-2.2380779695251505,-0.04141748127291223,0.4127885581319085
1772212570671236,-2.2380779695251505,-0.04141748127291223,0.38695139624943187
1772212570675448,-2.2396119503130363,-0.04141748127291223,0.45719728799342063
1772212570677900,-2.2396119503130363,-0.04141748127291223,0.4261918965107912
1772212570679142,-2.2396119503130363,-0.04141748127291223,0.39883419814376525
1772212570682950,-2.2396119503130363,-0.04141748127291223,0.37469505252580115
1772212570684945,-2.2411459311009216,-0.04141748127291223,0.44643919391493064
1772212570686033,-2.2411459311009216,-0.04141748127291223,0.4167557874133251
1772212570689749,-2.2411459311009216,-0.04141748127291223,0.3905645463824967
1772212570692215,-2.2426799118888074,-0.04141748127291223,0.4604980153485449
1772212570695227,-2.2426799118888074,-0.04295146206079803,0.29122153073619544
1772212570698006,-2.2442138926766932,-0.04295146206079803,0.3706967148915779
1772212570700008,-2.2442138926766932,-0.04295146206079803,0.34783481671311955
1772212570702438,-2.2442138926766932,-0.04295146206079803,0.3276625536144798
1772212570704667,-2.2442138926766932,-0.04295146206079803,0.3098634979392094
1772212570707669,-2.2457478734645786,-0.04295146206079803,0.3872018363365981
1772212570708667,-2.2457478734645786,-0.04295146206079803,0.36245448601875063
1772212570713043,-2.2457478734645786,-0.04295146206079803,0.34061858867947337
1772212570715038,-2.2457478734645786,-0.04295146206079803,0.3213516204389347
1772212570718008,-2.2472818542524644,-0.04295146206079803,0.39739474186698626
1772212570720352,-2.2472818542524644,-0.04295146206079803,0.3715045530467652
1772212570722352,-2.2472818542524644,-0.04295146206079803,0.34866026879362905
1772212570724705,-2.2488158350403498,-0.04295146206079803,0.42154693491643
1772212570727705,-2.2488158350403498,-0.04295146206079803,0.3928716384739465
1772212570728705,-2.2488158350403498,-0.04295146206079803,0.36756990631881403
1772212570733006,-2.2503498158282356,-0.04295146206079803,0.43828823605751804
1772212570734597,-2.2503498158282356,-0.04295146206079803,0.4076997016290492
1772212570736825,-2.2503498158282356,-0.04295146206079803,0.380709818309812
1772212570740490,-2.2503498158282356,-0.04295146206079803,0.35689521538107327
1772212570742485,-2.2518837966161214,-0.04295146206079803,0.4289257179666125
1772212570743478,-2.2518837966161214,-0.04295146206079803,0.39949498310886356
1772212570747623,-2.2518837966161214,-0.04295146206079803,0.3735266876461438
1772212570750608,-2.2518837966161214,-0.04295146206079803,0.3506134857672735
1772212570751335,-2.2534177774040067,-0.04295146206079803,0.4234393422203091
1772212570755502,-2.2534177774040067,-0.04448544284868339,0.2567149642141995
1772212570757507,-2.2534177774040067,-0.04448544284868339,0.24539861961710974
1772212570758496,-2.2549517581918925,-0.04448544284868339,0.3284569972011456
1772212570758496,-2.2549517581918925,-0.04448544284868339,0.3087567402832637
1772212570765557,-2.2549517581918925,-0.04448544284868339,0.2913741606498385
1772212570768058,-2.2564857389797783,-0.04448544284868339,0.3690799779076961
1772212570769335,-2.2564857389797783,-0.04448544284868339,0.34465687364318626
1772212570773027,-2.2564857389797783,-0.04448544284868339,0.32310707576273634
1772212570775037,-2.2564857389797783,-0.04448544284868339,0.304092548221163
1772212570776041,-2.2564857389797783,-0.04448544284868339,0.2873150239197747
1772212570780569,-2.2580197197676637,-0.04448544284868339,0.3655547135294122
1772212570782569,-2.2580197197676637,-0.04448544284868339,0.3416026731047255
1772212570784561,-2.2580197197676637,-0.04448544284868339,0.32046851978882557
1772212570788134,-2.2580197197676637,-0.04448544284868339,0.3018207374512667
1772212570790134,-2.2595537005555495,-0.04448544284868339,0.37841019938194737
1772212570791135,-2.2595537005555495,-0.04448544284868339,0.3530020757111051
1772212570795459,-2.2595537005555495,-0.04448544284868339,0.33058314306036185
1772212570797459,-2.2595537005555495,-0.04448544284868339,0.3108017318979415
1772212570800166,-2.2595537005555495,-0.04448544284868339,0.29334754557815873
1772212570802555,-2.2610876813434353,-0.04448544284868339,0.37099018046571797
1772212570805551,-2.2610876813434353,-0.04448544284868339,0.3465113270509277
1772212570807076,-2.2610876813434353,-0.04448544284868339,0.3249123387437599
1772212570807076,-2.2610876813434353,-0.04448544284868339,0.3058544078844942
1772212570810700,-2.2626216621313207,-0.04448544284868339,0.3820819740607104
1772212570815640,-2.2626216621313207,-0.04448544284868339,0.3563545306065344
1772212570818044,-2.2626216621313207,-0.04448544284868339,0.3336538452057908
1772212570819333,-2.2626216621313207,-0.04448544284868339,0.3136238286757229
1772212570823098,-2.2626216621313207,-0.04448544284868339,0.2959502846786042
1772212570825098,-2.2641556429192065,-0.04448544284868339,0.37339936867437906
1772212570826099,-2.2641556429192065,-0.04448544284868339,0.34874973506097295
1772212570830510,-2.2641556429192065,-0.04448544284868339,0.32700005834326157
1772212570832510,-2.2641556429192065,-0.04448544284868339,0.3078091671217516
1772212570834500,-2.2641556429192065,-0.04448544284868339,0.29087602780865457
1772212570838163,-2.265689623707092,-0.04295146206079803,0.5069738360276763
1772212570840623,-2.265689623707092,-0.04295146206079803,0.4688679113206157
1772212570841626,-2.265689623707092,-0.04295146206079803,0.43524503657909164
1772212570845588,-2.265689623707092,-0.04295146206079803,0.40557779416009987
1772212570847586,-2.2672236044949776,-0.04295146206079803,0.4724442030777516
1772212570850055,-2.2672236044949776,-0.04295146206079803,0.43845691498364836
1772212570852594,-2.2672236044949776,-0.04295146206079803,0.4084681313712044
1772212570855579,-2.2687575852828634,-0.04295146206079803,0.4750508274711213
1772212570856579,-2.2687575852828634,-0.04295146206079803,0.4408132045378232
1772212570859654,-2.2687575852828634,-0.04295146206079803,0.4106035372437366
1772212570863154,-2.2687575852828634,-0.04295146206079803,0.3839479484548367
1772212570864163,-2.270291566070749,-0.04448544284868339,0.3154762728381136
1772212570867189,-2.270291566070749,-0.04448544284868339,0.29786642850436823
1772212570870700,-2.270291566070749,-0.04448544284868339,0.28232833056282824
1772212570872635,-2.270291566070749,-0.04448544284868339,0.2686182441438223
1772212570875643,-2.2718255468586346,-0.04448544284868339,0.34956449659089045
1772212570877616,-2.2718255468586346,-0.04448544284868339,0.3280005998462552
1772212570880574,-2.2718255468586346,-0.04448544284868339,0.3089736321304006
1772212570883003,-2.2733595276465204,-0.04448544284868339,0.3852285187272909
1772212570884639,-2.2733595276465204,-0.04448544284868339,0.3595251815266336
1772212570888162,-2.2733595276465204,-0.04448544284868339,0.3368457663495831
1772212570890162,-2.2748935084344057,-0.04448544284868339,0.40987790518657724
1772212570891163,-2.2748935084344057,-0.04448544284868339,0.381330967021323
1772212570895615,-2.2748935084344057,-0.04448544284868339,0.3561424921696282
1772212570897618,-2.2748935084344057,-0.04448544284868339,0.33391736730048566
1772212570899981,-2.2764274892222915,-0.04448544284868339,0.4073503505268279
1772212570902875,-2.2764274892222915,-0.04448544284868339,0.3791570985874516
1772212570904892,-2.2764274892222915,-0.04448544284868339,0.35428069981741367
1772212570907892,-2.2764274892222915,-0.04448544284868339,0.33233093619679205
1772212570910528,-2.2779614700101773,-0.04448544284868339,0.4060068852306698
1772212570912528,-2.2779614700101773,-0.04601942363656919,0.24003258891346405
1772212570913568,-2.2779614700101773,-0.04601942363656919,0.22937808110074065
1772212570918071,-2.2794954507980627,-0.04601942363656919,0.3130204323180236
1772212570920421,-2.2794954507980627,-0.04601942363656919,0.2938354462530241
1772212570921417,-2.2794954507980627,-0.04601942363656919,0.2769075173721422
1772212570925650,-2.2810294315859485,-0.04601942363656919,0.35501449705871424
1772212570927773,-2.2810294315859485,-0.04601942363656919,0.33094535964307026
1772212570928772,-2.2810294315859485,-0.04601942363656919,0.3097078854527962
1772212570933242,-2.2810294315859485,-0.04601942363656919,0.2909689376378485
1772212570934742,-2.282563412373834,-0.04601942363656919,0.36747795944140416
1772212570937022,-2.282563412373834,-0.04601942363656919,0.3419988591878217
1772212570940679,-2.282563412373834,-0.04601942363656919,0.319517300140543
1772212570942678,-2.282563412373834,-0.04601942363656919,0.29968063039294424
1772212570943678,-2.2840973931617197,-0.04601942363656919,0.3752210740206486
1772212570948189,-2.2840973931617197,-0.04601942363656919,0.3488873459648271
1772212570950747,-2.2840973931617197,-0.04601942363656919,0.32565170356263173
1772212570951573,-2.2840973931617197,-0.04601942363656919,0.3051496661489299
1772212570954942,-2.2856313739496055,-0.04755340442445499,0.24210759468678783
1772212570957940,-2.2856313739496055,-0.04755340442445499,0.22928857754826593
1772212570958941,-2.2856313739496055,-0.04755340442445499,0.2179776800730996
1772212570962595,-2.287165354737491,-0.04755340442445499,0.301040863941168
1772212570965609,-2.287165354737491,-0.04755340442445499,0.28134484786215586
1772212570968278,-2.287165354737491,-0.04755340442445499,0.2639660101453804
1772212570970443,-2.287165354737491,-0.04755340442445499,0.248631741571755
1772212570972442,-2.287165354737491,-0.04755340442445499,0.2351015045950267
1772212570975021,-2.2886993355253766,-0.04755340442445499,0.31620644772645745
1772212570977891,-2.2886993355253766,-0.04755340442445499,0.29478257217390685
1772212570978891,-2.2886993355253766,-0.04755340442445499,0.2758791525687151
1772212570983199,-2.2886993355253766,-0.04755340442445499,0.2591996646817812
1772212570985042,-2.2902333163132624,-0.04755340442445499,0.3375258570100723
1772212570987043,-2.2902333163132624,-0.04755340442445499,0.313650142513592
1772212570990789,-2.2902333163132624,-0.04755340442445499,0.29258333560493305
1772212570992789,-2.2902333163132624,-0.04755340442445499,0.27399497656788097
1772212570993789,-2.2902333163132624,-0.04755340442445499,0.25759348329989384
1772212570998141,-2.291767297101148,-0.04755340442445499,0.33616496499782633
1772212571000139,-2.291767297101148,-0.04755340442445499,0.31250568229810594
1772212571001525,-2.291767297101148,-0.04755340442445499,0.2916298446218821
1772212571005000,-2.291767297101148,-0.04755340442445499,0.2732099878487434
1772212571007997,-2.2933012778890336,-0.04755340442445499,0.3500005605715596
1772212571008998,-2.2933012778890336,-0.04755340442445499,0.32476988759966036
1772212571012453,-2.2933012778890336,-0.04755340442445499,0.3025075290950433
1772212571015452,-2.2933012778890336,-0.04755340442445499,0.28286427159096955
1772212571018134,-2.2933012778890336,-0.04755340442445499,0.2655319855579632
1772212571020828,-2.2948352586769194,-0.04755340442445499,0.34328217952208984
1772212571022829,-2.2948352586769194,-0.04755340442445499,0.3188982311748591
1772212571023833,-2.2948352586769194,-0.04755340442445499,0.29738298263318497
1772212571027689,-2.2948352586769194,-0.04755340442445499,0.278398939802296
1772212571030690,-2.2948352586769194,-0.04755340442445499,0.26164831377504105
1772212571031689,-2.2963692394648048,-0.04755340442445499,0.33991173715595546
1772212571035780,-2.2963692394648048,-0.04755340442445499,0.3159806382941774
1772212571037779,-2.2963692394648048,-0.04755340442445499,0.29486496282790253
1772212571039817,-2.2963692394648048,-0.04755340442445499,0.2762334844753071
1772212571039817,-2.2963692394648048,-0.04755340442445499,0.25979394475242884
1772212571039817,-2.2979032202526906,-0.04755340442445499,0.3383318560490213
1772212571047397,-2.2979032202526906,-0.04755340442445499,0.31464295240690754
1772212571050410,-2.2979032202526906,-0.04755340442445499,0.29374097860504245
1772212571051397,-2.2979032202526906,-0.04755340442445499,0.2752980605445733
1772212571054927,-2.299437201040576,-0.04908738521234035,0.21407285910001214
1772212571057926,-2.299437201040576,-0.04908738521234035,0.20285696256521601
1772212571058927,-2.299437201040576,-0.04908738521234035,0.1929605832698077
1772212571063283,-2.299437201040576,-0.04908738521234035,0.1842284838915062
1772212571065283,-2.299437201040576,-0.04908738521234035,0.17652369032241666
1772212571067981,-2.299437201040576,-0.04908738521234035,0.16972534305557296
1772212571070449,-2.3009711818284617,-0.04908738521234035,0.25677018887217884
1772212571072449,-2.3009711818284617,-0.04908738521234035,0.24058740392421174
1772212571075747,-2.3009711818284617,-0.04908738521234035,0.2263084760289466
1772212571077754,-2.3009711818284617,-0.04908738521234035,0.21370942200371268
1772212571079759,-2.3009711818284617,-0.04908738521234035,0.20259260962850625
1772212571083268,-2.3009711818284617,-0.04908738521234035,0.1927836575327359
1772212571085808,-2.3009711818284617,-0.04908738521234035,0.18412869980117383
1772212571086806,-2.3025051626163475,-0.04908738521234035,0.26953535991361627
1772212571090785,-2.3025051626163475,-0.04908738521234035,0.2519071169913874
1772212571092787,-2.3025051626163475,-0.04908738521234035,0.23635278500118545
1772212571093786,-2.3025051626163475,-0.04908738521234035,0.2226283744215955
1772212571098215,-2.3025051626163475,-0.04908738521234035,0.21051860038078082
1772212571100216,-2.3025051626163475,-0.04908738521234035,0.19983350563888555
1772212571101216,-2.3025051626163475,-0.04908738521234035,0.19040548086662498
1772212571105189,-2.3025051626163475,-0.04908738521234035,0.1820866354793363
1772212571108188,-2.3025051626163475,-0.04908738521234035,0.17474647778466978
1772212571109190,-2.304039143404233,-0.04908738521234035,0.26131325557670887
1772212571113272,-2.304039143404233,-0.04908738521234035,0.2447086459012
1772212571115340,-2.304039143404233,-0.04908738521234035,0.2300575197169275
1772212571117688,-2.304039143404233,-0.04908738521234035,0.21713005543668706
1772212571120798,-2.304039143404233,-0.04908738521234035,0.20572346930706314
1772212571122798,-2.304039143404233,-0.04908738521234035,0.19565883448680674
1772212571123798,-2.304039143404233,-0.04908738521234035,0.18677827435128638
1772212571128236,-2.304039143404233,-0.04908738521234035,0.1789424859964155
1772212571130233,-2.304039143404233,-0.04908738521234035,0.1720285550950588
1772212571133316,-2.304039143404233,-0.04908738521234035,0.16592802782915586
1772212571135765,-2.3055731241921187,-0.04755340442445499,0.39158402314867746
1772212571137769,-2.3055731241921187,-0.04755340442445499,0.36191179294202347
1772212571139775,-2.3055731241921187,-0.04755340442445499,0.335730413347917
1772212571143244,-2.3055731241921187,-0.04755340442445499,0.3126291960589995
1772212571145245,-2.3055731241921187,-0.04755340442445499,0.2922457690393665
1772212571146248,-2.3055731241921187,-0.04755340442445499,0.27426039225733734
1772212571150701,-2.3055731241921187,-0.04755340442445499,0.2583909421555469
1772212571153433,-2.3055731241921187,-0.04755340442445499,0.24438848618337886
1772212571154443,-2.3055731241921187,-0.04755340442445499,0.23203337797264237
1772212571158363,-2.3055731241921187,-0.04755340442445499,0.22113181190434544
1772212571160365,-2.3055731241921187,-0.04755340442445499,0.2115127830205541
1772212571161363,-2.3055731241921187,-0.04755340442445499,0.20302540459367932
1772212571165838,-2.3055731241921187,-0.04755340442445499,0.19553654127584869
1772212571168163,-2.3055731241921187,-0.04755340442445499,0.18892872070129219
1772212571169400,-2.3055731241921187,-0.04755340442445499,0.1830982907825659
1772212571172481,-2.3055731241921187,-0.04755340442445499,0.17795379379545448
1772212571175476,-2.3055731241921187,-0.04755340442445499,0.1734145317480032
1772212571176477,-2.3055731241921187,-0.04755340442445499,0.16940930052966383
1772212571180839,-2.3071071049800045,-0.04755340442445499,0.25891866050671475
1772212571182876,-2.3071071049800045,-0.04755340442445499,0.24491044687678734
1772212571184836,-2.3071071049800045,-0.04755340442445499,0.23255025837979254
1772212571187574,-2.3071071049800045,-0.04755340442445499,0.22164420970597357
1772212571190573,-2.3071071049800045,-0.04755340442445499,0.21202122558201572
1772212571191669,-2.3071071049800045,-0.04755340442445499,0.203530357237347
1772212571195867,-2.3071071049800045,-0.04755340442445499,0.19603841458028637
1772212571197867,-2.3071071049800045,-0.04755340442445499,0.18942787694170346
1772212571200019,-2.3071071049800045,-0.04755340442445499,0.18359504961354206
1772212571202541,-2.3071071049800045,-0.04755340442445499,0.17844843726516435
1772212571205542,-2.3071071049800045,-0.04755340442445499,0.17390730872247817
1772212571207652,-2.3071071049800045,-0.04755340442445499,0.16990043059657856
1772212571210665,-2.3071071049800045,-0.04755340442445499,0.1663649498972554
1772212571211665,-2.3071071049800045,-0.04755340442445499,0.16324540810373495
1772212571215819,-2.3071071049800045,-0.04755340442445499,0.16049287122709924
1772212571218329,-2.3071071049800045,-0.04755340442445499,0.15806416221830305
1772212571219362,-2.3071071049800045,-0.04755340442445499,0.15592118368112995
1772212571223384,-2.3071071049800045,-0.04755340442445499,0.15403032026597718
1772212571225383,-2.3071071049800045,-0.04755340442445499,0.1523619113702542
1772212571226384,-2.3071071049800045,-0.04755340442445499,0.150889785874028
1772212571230826,-2.3071071049800045,-0.04755340442445499,0.14959085161265195
1772212571232833,-2.3071071049800045,-0.04755340442445499,0.1484447331467319
1772212571234675,-2.3071071049800045,-0.04755340442445499,0.1474334521473907
1772212571238484,-2.3071071049800045,-0.04755340442445499,0.1465411453832661
1772212571240489,-2.3071071049800045,-0.04755340442445499,0.14575381588550912
1772212571242253,-2.3071071049800045,-0.04755340442445499,0.1450591133874882
1772212571245975,-2.3071071049800045,-0.04755340442445499,0.14444614059511685
1772212571247972,-2.3071071049800045,-0.04755340442445499,0.14390528224890684
1772212571251027,-2.3071071049800045,-0.04755340442445499,0.14342805429636857
1772212571252736,-2.3071071049800045,-0.04755340442445499,0.14300697080883482
1772212571255737,-2.3071071049800045,-0.04755340442445499,0.14263542655512856
1772212571256725,-2.3071071049800045,-0.04755340442445499,0.1423075933900936
1772212571260502,-2.3071071049800045,-0.04755340442445499,0.14201832883270984
1772212571263386,-2.3071071049800045,-0.04755340442445499,0.14176309539972415
1772212571265383,-2.3071071049800045,-0.04755340442445499,0.14153788942944268
1772212571268151,-2.3071071049800045,-0.04755340442445499,0.14133917827919434
1772212571270567,-2.3071071049800045,-0.04755340442445499,0.14116384491132813
1772212571272566,-2.3071071049800045,-0.04755340442445499,0.141009138998505
1772212571275968,-2.3071071049800045,-0.04755340442445499,0.14087263378130813
1772212571277968,-2.3071071049800045,-0.04755340442445499,0.14075218800142855
1772212571279968,-2.3071071049800045,-0.04755340442445499,0.1406459123132995
1772212571283405,-2.3071071049800045,-0.04755340442445499,0.1405521396473033
1772212571286007,-2.3071071049800045,-0.04755340442445499,0.14046939905965955
1772212571287477,-2.3071071049800045,-0.04755340442445499,0.14039639265879744
1772212571290140,-2.3071071049800045,-0.04755340442445499,0.14033197524627206
1772212571293358,-2.3071071049800045,-0.04755340442445499,0.14027513635286729
1772212571295251,-2.3071071049800045,-0.04755340442445499,0.14022498438809838
1772212571298514,-2.3071071049800045,-0.04755340442445499,0.14018073265447875
1772212571300503,-2.3071071049800045,-0.04755340442445499,0.14014168700716734
1772212571301503,-2.3071071049800045,-0.04755340442445499,0.14010723496542193
1772212571305078,-2.3071071049800045,-0.04755340442445499,0.1400768361050584
1772212571308077,-2.3071071049800045,-0.04755340442445499,0.14005001358120817
1772212571309078,-2.3071071049800045,-0.04755340442445499,0.14002634664839916
1772212571312693,-2.3071071049800045,-0.04755340442445499,0.1400054640606265
1772212571315701,-2.3071071049800045,-0.04755340442445499,0.13998703824788594
1772212571318135,-2.3071071049800045,-0.04755340442445499,0.13997078017782072
1772212571320333,-2.3071071049800045,-0.04755340442445499,0.13995643482188083
1772212571322342,-2.3071071049800045,-0.04755340442445499,0.13994377715487505
1772212571322342,-2.3071071049800045,-0.04755340442445499,0.13993260862516405
1772212571327617,-2.3071071049800045,-0.04755340442445499,0.13992275404012494
1772212571330820,-2.3071071049800045,-0.04755340442445499,0.1399140588180316
1772212571333357,-2.3071071049800045,-0.04755340442445499,0.13990638656324336
1772212571336065,-2.3071071049800045,-0.04755340442445499,0.13989961692666553
1772212571338520,-2.3071071049800045,-0.04755340442445499,0.13989364371792035
1772212571340106,-2.3071071049800045,-0.04755340442445499,0.13988837323961578
1772212571340106,-2.3071071049800045,-0.04755340442445499,0.13988372281758235
1772212571345314,-2.3071071049800045,-0.04755340442445499,0.13987961950402344
1772212571348525,-2.3071071049800045,-0.04755340442445499,0.13987599893323618
1772212571350525,-2.3071071049800045,-0.04755340442445499,0.13987280431195329
1772212571351532,-2.3071071049800045,-0.04755340442445499,0.13986998552846835
1772212571355041,-2.3071071049800045,-0.04755340442445499,0.13986749836656992
1772212571358445,-2.3071071049800045,-0.04755340442445499,0.13986530381195367
1772212571359446,-2.3071071049800045,-0.04755340442445499,0.13986336744023342
1772212571363515,-2.3071071049800045,-0.04755340442445499,0.13986165887695087
1772212571365515,-2.3071071049800045,-0.04755340442445499,0.1398601513211133
1772212571368489,-2.3071071049800045,-0.04755340442445499,0.13985882112478604
1772212571370535,-2.3071071049800045,-0.04755340442445499,0.13985764742214435
1772212571373598,-2.3071071049800045,-0.04755340442445499,0.13985661180216638
1772212571375148,-2.3071071049800045,-0.04755340442445499,0.13985569801983286
1772212571378147,-2.3071071049800045,-0.04908738521234035,0.0018594657686466232
1772212571379149,-2.3071071049800045,-0.04908738521234035,0.015891485072959913
1772212571383549,-2.3071071049800045,-0.04908738521234035,0.028272678576765756
1772212571385823,-2.3071071049800045,-0.04908738521234035,0.03919726108012385
1772212571386822,-2.3071071049800045,-0.04908738521234035,0.04883659858308689
1772212571391050,-2.3071071049800045,-0.04908738521234035,0.05734189637981896
1772212571393050,-2.3071071049800045,-0.04908738521234035,0.06484657090634727
1772212571394049,-2.3071071049800045,-0.04908738521234035,0.07146834254740164
1772212571398601,-2.3071071049800045,-0.04908738521234035,0.07731108223068495
1772212571400601,-2.3071071049800045,-0.04908738521234035,0.08246644077475843
1772212571401349,-2.3071071049800045,-0.04908738521234035,0.0870152865489409
1772212571406117,-2.3071071049800045,-0.04908738521234035,0.09102897399674899
1772212571408117,-2.3071071049800045,-0.04908738521234035,0.09457046292128553
1772212571409117,-2.3071071049800045,-0.04908738521234035,0.09769530608999424
1772212571413505,-2.3071071049800045,-0.04908738521234035,0.10045252065061956
1772212571415505,-2.3071071049800045,-0.05062136600022615,-0.03511006894505475
1772212571417651,-2.3071071049800045,-0.05062136600022615,-0.018930717885838638
1772212571421002,-2.3071071049800045,-0.05062136600022615,-0.004654819892412662
1772212571423002,-2.3071071049800045,-0.05062136600022615,0.007941560690021998
1772212571424002,-2.3071071049800045,-0.05062136600022615,0.01905601414511142
1772212571428521,-2.3071071049800045,-0.05062136600022615,0.028862884840778563
1772212571430522,-2.3071071049800045,-0.05062136600022615,0.03751600604283779
1772212571433351,-2.3071071049800045,-0.05062136600022615,0.04515111298583124
1772212571435756,-2.3071071049800045,-0.05062136600022615,0.051887972053178404
1772212571437754,-2.3071071049800045,-0.05062136600022615,0.05783225946554354
1772212571439760,-2.3071071049800045,-0.05062136600022615,0.06307721894704219
1772212571443591,-2.3071071049800045,-0.05062136600022615,0.06770512437189394
1772212571445591,-2.3071071049800045,-0.05062136600022615,0.07178857033499841
1772212571446592,-2.3071071049800045,-0.052155346788111956,-0.06260381508201777
1772212571450543,-2.3071071049800045,-0.052155346788111956,-0.04539193092398573
1772212571453637,-2.3071071049800045,-0.052155346788111956,-0.030204974313957453
1772212571453637,-2.3071071049800045,-0.052155346788111956,-0.016804718481579564
1772212571453637,-2.3071071049800045,-0.052155346788111956,-0.004980963335363783
1772212571459174,-2.3071071049800045,-0.052155346788111956,0.005451761793650145
1772212571463613,-2.3071071049800045,-0.052155346788111956,0.014657107495721244
1772212571465601,-2.3071071049800045,-0.052155346788111956,0.022779471350489883
1772212571467994,-2.3071071049800045,-0.052155346788111956,0.02994626298705043
1772212571472352,-2.3071071049800045,-0.053689327575997314,-0.10172552330628812
1772212571472352,-2.3071071049800045,-0.053689327575997314,-0.08211311050975627
1772212571482374,-2.3071071049800045,-0.053689327575997314,-0.06480804039516933
1772212571482374,-2.3071071049800045,-0.053689327575997314,-0.049538860882298516
1772212571482374,-2.3071071049800045,-0.053689327575997314,-0.03606605542976546
1772212571483371,-2.3071071049800045,-0.053689327575997314,-0.024178285912824532
1772212571485375,-2.3071071049800045,-0.053689327575997314,-0.013689077515523701
1772212571488375,-2.3071071049800045,-0.053689327575997314,-0.004433893635552383
1772212571491018,-2.3071071049800045,-0.053689327575997314,0.003732445082069387
1772212571493022,-2.3071071049800045,-0.05522330836388312,-0.12705738790449042
1772212571495022,-2.3071071049800045,-0.05522330836388312,-0.10666678101370274
1772212571498616,-2.3071071049800045,-0.05522330836388312,-0.08867506905124298
1772212571500617,-2.3071071049800045,-0.05522330836388312,-0.07280002908436675
1772212571501561,-2.3071071049800045,-0.05522330836388312,-0.058792640878299475
1772212571506164,-2.3071071049800045,-0.05522330836388312,-0.046433180696475396
1772212571508164,-2.3071071049800045,-0.05675728915176892,-0.173523200626386
1772212571509164,-2.3071071049800045,-0.05675728915176892,-0.14986805280326085
1772212571513603,-2.3071071049800045,-0.05675728915176892,-0.12899586354756218
1772212571515603,-2.3071071049800045,-0.05675728915176892,-0.11057922596900457
1772212571518081,-2.3071071049800045,-0.05675728915176892,-0.09432925163498314
1772212571521149,-2.3071071049800045,-0.05675728915176892,-0.07999103898731719
1772212571523148,-2.3071071049800045,-0.05829126993965428,-0.2053351008590921
1772212571524148,-2.3071071049800045,-0.05829126993965428,-0.18013940180823945
1772212571527919,-2.3071071049800045,-0.05829126993965428,-0.1579079026457224
1772212571530919,-2.3071071049800045,-0.05829126993965428,-0.13829187397291323
1772212571533366,-2.3071071049800045,-0.05829126993965428,-0.12098361337925805
1772212571535909,-2.3071071049800045,-0.05982525072754008,-0.24370704471049423
1772212571537908,-2.3071071049800045,-0.05982525072754008,-0.21619902459442103
1772212571540545,-2.3071071049800045,-0.05982525072754008,-0.1919272421390623
1772212571543644,-2.3071071049800045,-0.05982525072754008,-0.17051096350198106
1772212571545644,-2.3071071049800045,-0.05982525072754008,-0.15161424705749763
1772212571546644,-2.3071071049800045,-0.05982525072754008,-0.1349406737241299
1772212571551139,-2.3071071049800045,-0.06135923151542544,-0.258224123226168
1772212571552797,-2.3071071049800045,-0.06135923151542544,-0.23121023679025338
1772212571554796,-2.3071071049800045,-0.06135923151542544,-0.20737445464091694
1772212571558498,-2.3071071049800045,-0.06289321230331124,-0.32433830812890496
1772212571560501,-2.3071071049800045,-0.06289321230331124,-0.29174830756290693
1772212571561793,-2.3071071049800045,-0.06289321230331124,-0.2629924247105557
1772212571566194,-2.3071071049800045,-0.06289321230331124,-0.23761958689965754
1772212571568186,-2.3071071049800045,-0.06442719309119704,-0.3532272148039146
1772212571569286,-2.3071071049800045,-0.06442719309119704,-0.31944054460521276
1772212571573753,-2.3071071049800045,-0.06442719309119704,-0.2896287767828288
1772212571575753,-2.3071071049800045,-0.0659611738790824,-0.4013197017357349
1772212571576754,-2.3071071049800045,-0.0659611738790824,-0.36407711716823327
1772212571581192,-2.3055731241921187,-0.0659611738790824,-0.42425940066072926
1772212571583186,-2.3055731241921187,-0.0659611738790824,-0.3843743548385474
1772212571584779,-2.3055731241921187,-0.0659611738790824,-0.34918166734838696
1772212571588752,-2.3055731241921187,-0.0659611738790824,-0.3181292960335395
1772212571590750,-2.3055731241921187,-0.0659611738790824,-0.29073014487338
1772212571591752,-2.3055731241921187,-0.0674951546669682,-0.4045498492341712
1772212571596109,-2.3055731241921187,-0.0674951546669682,-0.36918559943829354
1772212571598108,-2.3055731241921187,-0.0674951546669682,-0.3379818496184015
1772212571601025,-2.304039143404233,-0.0674951546669682,-0.40349251671174663
1772212571603637,-2.304039143404233,-0.06902913545485401,-0.50630441180417
1772212571605408,-2.304039143404233,-0.06902913545485401,-0.4612273891244385
1772212571607415,-2.304039143404233,-0.06902913545485401,-0.4214535455834989
1772212571611204,-2.3025051626163475,-0.06902913545485401,-0.4794023652758852
1772212571613208,-2.3025051626163475,-0.06902913545485401,-0.43754661610068274
1772212571614205,-2.3025051626163475,-0.06902913545485401,-0.40061507271079827
1772212571618305,-2.3025051626163475,-0.06902913545485401,-0.36802841677854725
1772212571620350,-2.3009711818284617,-0.07056311624273937,-0.5703142985689209
1772212571622367,-2.3009711818284617,-0.07056311624273937,-0.5200213799542125
1772212571625146,-2.3009711818284617,-0.07056311624273937,-0.47564527529417566
1772212571627870,-2.299437201040576,-0.07056311624273937,-0.5295332763520817
1772212571629860,-2.299437201040576,-0.07056311624273937,-0.48409445191114414
1772212571633700,-2.299437201040576,-0.07056311624273937,-0.4440013715220815
1772212571635941,-2.299437201040576,-0.07209709703062517,-0.5466205500926642
1772212571636930,-2.2979032202526906,-0.07209709703062517,-0.5944168709457002
1772212571641210,-2.2979032202526906,-0.07209709703062517,-0.5436030345593064
1772212571643204,-2.2963692394648048,-0.07209709703062517,-0.5918106840939734
1772212571644208,-2.2963692394648048,-0.07209709703062517,-0.5413597847795725
1772212571647903,-2.2963692394648048,-0.07209709703062517,-0.4968442853845128
1772212571651261,-2.2948352586769194,-0.07209709703062517,-0.5506092910879524
1772212571652544,-2.2948352586769194,-0.07209709703062517,-0.5050619413342848
1772212571656214,-2.2933012778890336,-0.07209709703062517,-0.5579164908390045
1772212571658214,-2.2933012778890336,-0.07209709703062517,-0.5115657973805323
1772212571659214,-2.291767297101148,-0.07209709703062517,-0.5637115142045248
1772212571663717,-2.291767297101148,-0.07209709703062517,-0.5167353801454283
1772212571665718,-2.2902333163132624,-0.07363107781851097,-0.7063246635886079
1772212571667715,-2.2902333163132624,-0.07363107781851097,-0.6448288640792945
1772212571671248,-2.2886993355253766,-0.07363107781851097,-0.6836112520348978
1772212571673245,-2.2886993355253766,-0.07363107781851097,-0.6248439454448695
1772212571674243,-2.287165354737491,-0.07363107781851097,-0.6660338271528002
1772212571677904,-2.287165354737491,-0.07363107781851097,-0.6093907797559849
1772212571680903,-2.2856313739496055,-0.07363107781851097,-0.6524550078108339
1772212571683326,-2.2840973931617197,-0.07363107781851097,-0.690509182948684
1772212571685996,-2.2840973931617197,-0.07363107781851097,-0.631099335637109
1772212571687986,-2.282563412373834,-0.07363107781851097,-0.6717222696495401
1772212571689981,-2.2810294315859485,-0.07363107781851097,-0.7076223618087518
1772212571693032,-2.2810294315859485,-0.07363107781851097,-0.646311853045454
1772212571696050,-2.2794954507980627,-0.07363107781851097,-0.6852577328357768
1772212571697047,-2.2779614700101773,-0.07363107781851097,-0.7196780712695992
1772212571701245,-2.2779614700101773,-0.07363107781851097,-0.6570618974544871
1772212571703318,-2.2764274892222915,-0.07363107781851097,-0.6948557198461675
1772212571704322,-2.2748935084344057,-0.07363107781851097,-0.7282595370458934
1772212571708821,-2.2733595276465204,-0.07363107781851097,-0.7577898202527179
1772212571711167,-2.2718255468586346,-0.07363107781851097,-0.7839022793481939
1772212571712169,-2.2718255468586346,-0.07363107781851097,-0.7139556237639356
1772212571716247,-2.270291566070749,-0.07363107781851097,-0.7452813740063692
1772212571718249,-2.2687575852828634,-0.07363107781851097,-0.7729780687214313
1772212571719936,-2.2672236044949776,-0.07363107781851097,-0.7974726556183273
1772212571723712,-2.265689623707092,-0.07209709703062517,-0.681146427291135
1772212571725723,-2.2641556429192065,-0.07209709703062517,-0.7143553651472548
1772212571726722,-2.2641556429192065,-0.07209709703062517,-0.6506703084694643
1772212571731093,-2.2626216621313207,-0.07209709703062517,-0.68752099892347
1772212571733088,-2.2610876813434353,-0.07209709703062517,-0.7200926408840711
1772212571734463,-2.2595537005555495,-0.07209709703062517,-0.7488886518211315
1772212571734463,-2.2580197197676637,-0.07209709703062517,-0.774353223619722
1772212571734463,-2.2564857389797783,-0.07209709703062517,-0.7968782902961331
1772212571743871,-2.2549517581918925,-0.07209709703062517,-0.8168096759824206
1772212571745869,-2.2534177774040067,-0.07209709703062517,-0.8344525196185817
1772212571746876,-2.2518837966161214,-0.07209709703062517,-0.8500760614457905
1772212571751249,-2.2503498158282356,-0.07056311624273937,-0.725922440410102
1772212571753702,-2.2488158350403498,-0.07056311624273937,-0.7522248552881373
1772212571754712,-2.2472818542524644,-0.07056311624273937,-0.7754891952699409
1772212571758796,-2.2457478734645786,-0.07056311624273937,-0.7960728809315745
1772212571760796,-2.2442138926766932,-0.07056311624273937,-0.8142912833694944
1772212571761808,-2.2426799118888074,-0.07056311624273937,-0.8304226711982895
1772212571766285,-2.2411459311009216,-0.06902913545485401,-0.7067171495757882
1772212571767917,-2.2396119503130363,-0.06902913545485401,-0.733414946288932
1772212571770086,-2.2380779695251505,-0.06902913545485401,-0.7570281525958658
1772212571773175,-2.2350100079493793,-0.06902913545485401,-0.8709630490081655
1772212571775167,-2.2334760271614935,-0.06902913545485401,-0.8785631061458699
1772212571777676,-2.2319420463736077,-0.0674951546669682,-0.7473299397958613
1772212571780455,-2.2304080655857224,-0.0674951546669682,-0.7673856970436138
1772212571783444,-2.2288740847978366,-0.0674951546669682,-0.7851382802928497
1772212571784445,-2.227340104009951,-0.0674951546669682,-0.8008586511904185
1772212571788253,-2.2258061232220654,-0.0659611738790824,-0.6767904675697365
1772212571791266,-2.2227381616462942,-0.0659611738790824,-0.7962116559248507
1772212571792265,-2.2212041808584084,-0.0659611738790824,-0.8086525588944159
1772212571796429,-2.2196702000705226,-0.0659611738790824,-0.8196861530746455
1772212571798429,-2.2181362192826373,-0.0659611738790824,-0.8294780042054442
1772212571801016,-2.2150682577068657,-0.06442719309119704,-0.7932221612544315
1772212571803945,-2.2135342769189803,-0.06442719309119704,-0.8040943784797983
1772212571806343,-2.2120002961310945,-0.06442719309119704,-0.8137438381798701
1772212571807341,-2.210466315343209,-0.06442719309119704,-0.8223143941811178
1772212571811395,-2.2073983537674375,-0.06289321230331124,-0.7849809378804612
1772212571813398,-2.205864372979552,-0.06289321230331124,-0.7949023197973414
1772212571814398,-2.2043303921916664,-0.06289321230331124,-0.8037128071664299
1772212571818654,-2.2027964114037806,-0.06289321230331124,-0.8115430934638688
1772212571820591,-2.1997284498280094,-0.06289321230331124,-0.9115518839854375
1772212571823595,-2.1981944690401236,-0.06135923151542544,-0.768868774658624
1772212571825552,-2.1966604882522383,-0.06135923151542544,-0.7788216410444726
1772212571828066,-2.193592526676467,-0.06135923151542544,-0.8807032963499497
1772212571830069,-2.1920585458885813,-0.05982525072754008,-0.7396727147736661
1772212571833937,-2.1905245651006955,-0.05982525072754008,-0.7510836938805658
1772212571835963,-2.1874566035249243,-0.05982525072754008,-0.8542519192340288
1772212571836963,-2.1859226227370385,-0.05982525072754008,-0.8523519724962549
1772212571840719,-2.184388641949153,-0.05982525072754008,-0.8507318757582272
1772212571843719,-2.1813206803733816,-0.05829126993965428,-0.8044066670405625
1772212571844771,-2.179786699585496,-0.05829126993965428,-0.806394149765965
1772212571848949,-2.176718738009725,-0.05829126993965428,-0.9012475253710828
1772212571851333,-2.1751847572218392,-0.05829126993965428,-0.8920109465024157
1772212571852544,-2.1736507764339534,-0.05675728915176892,-0.7459219248527251
1772212571855666,-2.1705828148581823,-0.05675728915176892,-0.845912962005733
1772212571858669,-2.1690488340702965,-0.05675728915176892,-0.8412096139146168
1772212571860171,-2.1659808724945253,-0.05675728915176892,-0.9301593152698133
1772212571863943,-2.1644468917066395,-0.05522330836388312,-0.7777181860903013
1772212571865933,-2.162912910918754,-0.05522330836388312,-0.7790610349590801
1772212571867935,-2.1598449493429825,-0.05522330836388312,-0.8733456159848241
1772212571871465,-2.158310968555097,-0.05522330836388312,-0.8636071595460872
1772212571873830,-2.155243006979326,-0.053689327575997314,-0.810118692268939
1772212571876362,-2.1537090261914402,-0.053689327575997314,-0.8057856527360424
1772212571878044,-2.1521750454035544,-0.053689327575997314,-0.8020187094141169
1772212571881050,-2.1491070838277833,-0.053689327575997314,-0.8917946502715234
1772212571883317,-2.1475731030398975,-0.052155346788111956,-0.7400825559469427
1772212571885866,-2.1445051414641263,-0.052155346788111956,-0.8351120583868128
1772212571888871,-2.1429711606762405,-0.052155346788111956,-0.8260308855488091
1772212571890873,-2.1399031991004693,-0.052155346788111956,-0.9111178003626352
1772212571893841,-2.138369218312584,-0.05062136600022615,-0.7552683301171905
1772212571895849,-2.1353012567368124,-0.05062136600022615,-0.8466472067446071
1772212571897848,-2.133767275948927,-0.05062136600022615,-0.8343448934837993
1772212571901347,-2.1306993143731554,-0.05062136600022615,-0.9165896255716901
1772212571903458,-2.12916533358527,-0.04908738521234035,-0.7582323470386214
1772212571904451,-2.1276313527973842,-0.04908738521234035,-0.7543550641248844
1772212571909006,-2.124563391221613,-0.04908738521234035,-0.8440336465189626
1772212571911242,-2.121495429645842,-0.04755340442445499,-0.7852790351905251
1772212571912247,-2.119961448857956,-0.04755340442445499,-0.7762993979652753
1772212571915567,-2.116893487282185,-0.04755340442445499,-0.861475903025648
1772212571918108,-2.115359506494299,-0.04755340442445499,-0.8437009089704758
1772212571982605,-2.112291544918528,-0.04601942363656919,-0.7831213790905562
1772212571983332,-2.110757564130642,-0.04601942363656919,-0.7725315196140381
1772212571983332,-2.1092235833427564,-0.04601942363656919,-0.7632438528124466
1772212571983332,-2.1061556217669852,-0.04601942363656919,-0.8481485670701476
1772212571983332,-2.103087660191214,-0.04448544284868339,-0.785181719150767
1772212571983332,-2.1015536794033283,-0.04448544284868339,-0.772485402580606
1772212571983332,-2.098485717827557,-0.04448544284868339,-0.8543824846896038
1772212571984358,-2.0969517370396713,-0.04295146206079803,-0.6957184561752339
1772212571984358,-2.0938837754639,-0.04295146206079803,-0.7846138990358604
1772212571984358,-2.090815813888129,-0.04295146206079803,-0.8631637082094046
1772212571984358,-2.089281833100243,-0.04141748127291223,-0.7015462035755107
1772212571984358,-2.086213871524472,-0.04141748127291223,-0.787835638095403
1772212571984358,-2.084679890736586,-0.04141748127291223,-0.7710426406221426
